batch_id,datetime,location,current_hop_clean,external_storage_clean,nombre_lectures,temperature_min,temperature_max,temperature_moyenne,humidite_moyenne,item_expiry_hours_min,ultra_low_temperature_freezer_hours_max,out_of_bound_temperature_hours_max,refrigeration_temperature_hours_max,temperature_range,temperature_change_from_previous_hour,temperature_max_rolling_mean_3h,temperature_max_rolling_std_3h,temperature_deviation_from_rolling_mean,context_group,storage_median,deviation_from_storage_median,absolute_deviation_from_storage_median,current_hop_clean_air_transit,current_hop_clean_dest_air_cargo,current_hop_clean_source_air_cargo,current_hop_clean_source_hub,current_hop_clean_source_reefer_truck,external_storage_clean_ultra_low_temperature_freezer,external_storage_clean_vaccine_storage_unit,iso_forest_pred,anomaly_score,is_model_flagged
batch001,2020-09-01 01:00:00,"Kalamazoo, Michigan",source_hub,ultra_low_temperature_freezer,2,-71,-69,-70.0,95.0,840,0,0,0,2,0.0,-69.0,0.0,0.0,source_hub_ultra_low_temperature_freezer,-69.0,0.0,0.0,False,False,False,True,False,True,False,1,-0.32347017658240806,False
batch001,2020-09-01 02:00:00,"Kalamazoo, Michigan",source_hub,ultra_low_temperature_freezer,2,-71,-69,-70.0,95.0,840,0,0,0,2,0.0,-69.0,0.0,0.0,source_hub_ultra_low_temperature_freezer,-69.0,0.0,0.0,False,False,False,True,False,True,False,1,-0.32347017658240806,False
batch001,2020-09-01 03:00:00,"Kalamazoo, Michigan",source_hub,ultra_low_temperature_freezer,2,-71,-70,-70.5,95.0,840,0,0,0,1,-1.0,-69.33333333333333,0.5773502691896278,-0.6666666666666714,source_hub_ultra_low_temperature_freezer,-69.0,-1.0,1.0,False,False,False,True,False,True,False,1,-0.32729167295734046,False
batch001,2020-09-01 04:00:00,"Kalamazoo, Michigan",source_hub,ultra_low_temperature_freezer,2,-71,-69,-70.0,95.0,840,0,0,0,2,1.0,-69.33333333333333,0.5773502691896278,0.3333333333333286,source_hub_ultra_low_temperature_freezer,-69.0,0.0,0.0,False,False,False,True,False,True,False,1,-0.33732507397149486,False
batch001,2020-09-01 05:00:00,"Kalamazoo, Michigan",source_hub,ultra_low_temperature_freezer,1,-69,-69,-69.0,95.0,840,0,0,0,0,0.0,-69.33333333333333,0.5773502691896278,0.3333333333333286,source_hub_ultra_low_temperature_freezer,-69.0,0.0,0.0,False,False,False,True,False,True,False,1,-0.3203255405191535,False
batch001,2020-09-01 06:00:00,"Kalamazoo, Michigan",source_hub,ultra_low_temperature_freezer,2,-70,-69,-69.5,95.0,840,0,0,0,1,0.0,-69.0,0.0,0.0,source_hub_ultra_low_temperature_freezer,-69.0,0.0,0.0,False,False,False,True,False,True,False,1,-0.33475665422096784,False
batch001,2020-09-01 07:00:00,"Kalamazoo, Michigan",source_hub,ultra_low_temperature_freezer,1,-71,-71,-71.0,95.0,840,0,0,0,0,-2.0,-69.66666666666667,1.1547005383792495,-1.3333333333333286,source_hub_ultra_low_temperature_freezer,-69.0,-2.0,2.0,False,False,False,True,False,True,False,1,-0.25084047606746596,False
batch001,2020-09-01 08:00:00,"Kalamazoo, Michigan",source_hub,ultra_low_temperature_freezer,2,-71,-71,-71.0,95.0,840,0,0,0,0,0.0,-70.33333333333333,1.1547005383792495,-0.6666666666666714,source_hub_ultra_low_temperature_freezer,-69.0,-2.0,2.0,False,False,False,True,False,True,False,1,-0.26116812312331905,False
batch001,2020-09-01 09:00:00,"Kalamazoo, Michigan",source_hub,ultra_low_temperature_freezer,2,-71,-69,-70.0,95.0,840,0,0,0,2,2.0,-70.33333333333333,1.1547005383792495,1.3333333333333286,source_hub_ultra_low_temperature_freezer,-69.0,0.0,0.0,False,False,False,True,False,True,False,1,-0.26626052284899304,False
batch001,2020-09-01 10:00:00,"Kalamazoo, Michigan",source_hub,ultra_low_temperature_freezer,2,-70,-69,-69.5,95.0,840,0,0,0,1,0.0,-69.66666666666667,1.1547005383792495,0.6666666666666714,source_hub_ultra_low_temperature_freezer,-69.0,0.0,0.0,False,False,False,True,False,True,False,1,-0.33243127773137215,False
batch001,2020-09-01 11:00:00,"Shelbyville, Michigan",source_reefer_truck,ultra_low_temperature_freezer,2,-71,-70,-70.5,95.0,840,0,0,0,1,-1.0,-69.33333333333333,0.5773502691896278,-0.6666666666666714,source_reefer_truck_ultra_low_temperature_freezer,-69.0,-1.0,1.0,False,False,False,False,True,True,False,1,-0.32729167295734046,False
batch001,2020-09-01 12:00:00,"Gerald R Ford International Airport, Michigan",source_air_cargo,ultra_low_temperature_freezer,2,-71,-70,-70.5,95.0,840,0,0,0,1,0.0,-69.66666666666667,0.5773502691896278,-0.3333333333333286,source_air_cargo_ultra_low_temperature_freezer,-69.0,-1.0,1.0,False,False,True,False,False,True,False,1,-0.33525916918763676,False
batch001,2020-09-01 13:00:00,"Gerald R Ford International Airport, Michigan",source_air_cargo,ultra_low_temperature_freezer,2,-70,-69,-69.5,95.0,840,0,0,0,1,1.0,-69.66666666666667,0.5773502691896278,0.6666666666666714,source_air_cargo_ultra_low_temperature_freezer,-69.0,0.0,0.0,False,False,True,False,False,True,False,1,-0.3377481467080661,False
batch001,2020-09-01 14:00:00,"Gerald R Ford International Airport, Michigan",source_air_cargo,ultra_low_temperature_freezer,2,-70,-69,-69.5,95.0,840,0,0,0,1,0.0,-69.33333333333333,0.5773502691896278,0.3333333333333286,source_air_cargo_ultra_low_temperature_freezer,-69.0,0.0,0.0,False,False,True,False,False,True,False,1,-0.3491669960712361,False
batch001,2020-09-01 15:00:00,Not Available,air_transit,ultra_low_temperature_freezer,2,-70,-69,-69.5,95.0,840,0,0,0,1,0.0,-69.0,0.0,0.0,air_transit_ultra_low_temperature_freezer,-69.0,0.0,0.0,True,False,False,False,False,True,False,1,-0.33475665422096784,False
batch001,2020-09-01 16:00:00,Not Available,air_transit,ultra_low_temperature_freezer,2,-71,-70,-70.5,95.0,840,0,0,0,1,-1.0,-69.33333333333333,0.5773502691896278,-0.6666666666666714,air_transit_ultra_low_temperature_freezer,-69.0,-1.0,1.0,True,False,False,False,False,True,False,1,-0.32729167295734046,False
batch001,2020-09-01 17:00:00,Not Available,air_transit,ultra_low_temperature_freezer,2,-70,-69,-69.5,95.0,840,0,0,0,1,1.0,-69.33333333333333,0.5773502691896278,0.3333333333333286,air_transit_ultra_low_temperature_freezer,-69.0,0.0,0.0,True,False,False,False,False,True,False,1,-0.3454540093428116,False
batch001,2020-09-01 18:00:00,Not Available,air_transit,ultra_low_temperature_freezer,2,-70,-69,-69.5,95.0,840,0,0,0,1,0.0,-69.33333333333333,0.5773502691896278,0.3333333333333286,air_transit_ultra_low_temperature_freezer,-69.0,0.0,0.0,True,False,False,False,False,True,False,1,-0.3491669960712361,False
batch001,2020-09-01 19:00:00,Not Available,air_transit,ultra_low_temperature_freezer,2,-70,-69,-69.5,95.0,840,0,0,0,1,0.0,-69.0,0.0,0.0,air_transit_ultra_low_temperature_freezer,-69.0,0.0,0.0,True,False,False,False,False,True,False,1,-0.33475665422096784,False
batch001,2020-09-01 20:00:00,Not Available,air_transit,ultra_low_temperature_freezer,1,-69,-69,-69.0,95.0,840,0,0,0,0,0.0,-69.0,0.0,0.0,air_transit_ultra_low_temperature_freezer,-69.0,0.0,0.0,True,False,False,False,False,True,False,1,-0.3095030546648811,False
batch001,2020-09-01 21:00:00,Not Available,air_transit,ultra_low_temperature_freezer,2,-71,-70,-70.5,95.0,840,0,0,0,1,-1.0,-69.33333333333333,0.5773502691896278,-0.6666666666666714,air_transit_ultra_low_temperature_freezer,-69.0,-1.0,1.0,True,False,False,False,False,True,False,1,-0.32729167295734046,False
batch001,2020-09-01 22:00:00,Not Available,air_transit,ultra_low_temperature_freezer,2,-71,-69,-70.0,95.0,840,0,0,0,2,1.0,-69.33333333333333,0.5773502691896278,0.3333333333333286,air_transit_ultra_low_temperature_freezer,-69.0,0.0,0.0,True,False,False,False,False,True,False,1,-0.33732507397149486,False
batch001,2020-09-01 23:00:00,Not Available,air_transit,ultra_low_temperature_freezer,2,-70,-69,-69.5,95.0,840,0,0,0,1,0.0,-69.33333333333333,0.5773502691896278,0.3333333333333286,air_transit_ultra_low_temperature_freezer,-69.0,0.0,0.0,True,False,False,False,False,True,False,1,-0.3491669960712361,False
batch001,2020-09-02 00:00:00,Not Available,air_transit,ultra_low_temperature_freezer,2,-70,-69,-69.5,95.0,840,0,0,0,1,0.0,-69.0,0.0,0.0,air_transit_ultra_low_temperature_freezer,-69.0,0.0,0.0,True,False,False,False,False,True,False,1,-0.33475665422096784,False
batch001,2020-09-02 01:00:00,Not Available,air_transit,ultra_low_temperature_freezer,1,-69,-69,-69.0,95.0,840,0,0,0,0,0.0,-69.0,0.0,0.0,air_transit_ultra_low_temperature_freezer,-69.0,0.0,0.0,True,False,False,False,False,True,False,1,-0.3095030546648811,False
batch001,2020-09-02 02:00:00,Not Available,air_transit,ultra_low_temperature_freezer,2,-71,-70,-70.5,95.0,840,0,0,0,1,-1.0,-69.33333333333333,0.5773502691896278,-0.6666666666666714,air_transit_ultra_low_temperature_freezer,-69.0,-1.0,1.0,True,False,False,False,False,True,False,1,-0.32729167295734046,False
batch001,2020-09-02 03:00:00,Not Available,air_transit,ultra_low_temperature_freezer,2,-71,-70,-70.5,95.0,840,0,0,0,1,0.0,-69.66666666666667,0.5773502691896278,-0.3333333333333286,air_transit_ultra_low_temperature_freezer,-69.0,-1.0,1.0,True,False,False,False,False,True,False,1,-0.33525916918763676,False
batch001,2020-09-02 04:00:00,Not Available,air_transit,ultra_low_temperature_freezer,2,-70,-69,-69.5,95.0,840,0,0,0,1,1.0,-69.66666666666667,0.5773502691896278,0.6666666666666714,air_transit_ultra_low_temperature_freezer,-69.0,0.0,0.0,True,False,False,False,False,True,False,1,-0.3377481467080661,False
batch001,2020-09-02 05:00:00,Not Available,air_transit,ultra_low_temperature_freezer,2,-71,-69,-70.0,95.0,840,0,0,0,2,0.0,-69.33333333333333,0.5773502691896278,0.3333333333333286,air_transit_ultra_low_temperature_freezer,-69.0,0.0,0.0,True,False,False,False,False,True,False,1,-0.3377777300659409,False
batch001,2020-09-02 06:00:00,Not Available,air_transit,ultra_low_temperature_freezer,2,-70,-69,-69.5,95.0,840,0,0,0,1,0.0,-69.0,0.0,0.0,air_transit_ultra_low_temperature_freezer,-69.0,0.0,0.0,True,False,False,False,False,True,False,1,-0.33475665422096784,False
batch001,2020-09-02 07:00:00,Not Available,air_transit,ultra_low_temperature_freezer,2,-71,-70,-70.5,95.0,840,0,0,0,1,-1.0,-69.33333333333333,0.5773502691896278,-0.6666666666666714,air_transit_ultra_low_temperature_freezer,-69.0,-1.0,1.0,True,False,False,False,False,True,False,1,-0.32729167295734046,False
batch001,2020-09-02 08:00:00,Delhi Airport,dest_air_cargo,ultra_low_temperature_freezer,2,-69,-69,-69.0,95.0,840,0,0,0,0,1.0,-69.33333333333333,0.5773502691896278,0.3333333333333286,dest_air_cargo_ultra_low_temperature_freezer,-67.0,-2.0,2.0,False,True,False,False,False,True,False,1,-0.27485432784111946,False
batch001,2020-09-02 09:00:00,Delhi Airport,dest_air_cargo,ultra_low_temperature_freezer,2,-69,-69,-69.0,95.0,840,0,0,0,0,0.0,-69.33333333333333,0.5773502691896278,0.3333333333333286,dest_air_cargo_ultra_low_temperature_freezer,-67.0,-2.0,2.0,False,True,False,False,False,True,False,1,-0.2774087507921757,False
batch001,2020-09-02 10:00:00,Delhi Airport,dest_air_cargo,ultra_low_temperature_freezer,2,-70,-69,-69.5,95.0,840,0,0,0,1,0.0,-69.0,0.0,0.0,dest_air_cargo_ultra_low_temperature_freezer,-67.0,-2.0,2.0,False,True,False,False,False,True,False,1,-0.28170795946700944,False
batch001,2020-09-02 11:00:00,Delhi Airport,dest_air_cargo,ultra_low_temperature_freezer,2,-70,-69,-69.5,95.0,840,0,0,0,1,0.0,-69.0,0.0,0.0,dest_air_cargo_ultra_low_temperature_freezer,-67.0,-2.0,2.0,False,True,False,False,False,True,False,1,-0.28170795946700944,False
batch001,2020-09-02 12:00:00,Delhi Airport,dest_air_cargo,ultra_low_temperature_freezer,2,-70,-69,-69.5,95.0,840,0,0,0,1,0.0,-69.0,0.0,0.0,dest_air_cargo_ultra_low_temperature_freezer,-67.0,-2.0,2.0,False,True,False,False,False,True,False,1,-0.28170795946700944,False
batch001,2020-09-02 13:00:00,Delhi Airport,dest_air_cargo,ultra_low_temperature_freezer,2,-69,-69,-69.0,95.0,840,0,0,0,0,0.0,-69.0,0.0,0.0,dest_air_cargo_ultra_low_temperature_freezer,-67.0,-2.0,2.0,False,True,False,False,False,True,False,1,-0.2593447484362103,False
batch001,2020-09-02 14:00:00,Delhi Airport,dest_air_cargo,vaccine_storage_unit,2,-65,-61,-63.0,93.5,839,1,0,0,4,8.0,-66.33333333333333,4.618802153517004,5.333333333333329,dest_air_cargo_vaccine_storage_unit,7.0,-68.0,68.0,False,True,False,False,False,False,True,1,-0.013793142775113898,False
batch002,2020-10-01 01:00:00,"Kalamazoo, Michigan",source_hub,ultra_low_temperature_freezer,2,-69,-69,-69.0,95.0,840,0,0,0,0,0.0,-69.0,0.0,0.0,source_hub_ultra_low_temperature_freezer,-69.0,0.0,0.0,False,False,False,True,False,True,False,1,-0.3095030546648811,False
batch002,2020-10-01 02:00:00,"Kalamazoo, Michigan",source_hub,ultra_low_temperature_freezer,2,-71,-69,-70.0,95.0,840,0,0,0,2,0.0,-69.0,0.0,0.0,source_hub_ultra_low_temperature_freezer,-69.0,0.0,0.0,False,False,False,True,False,True,False,1,-0.32347017658240806,False
batch002,2020-10-01 03:00:00,"Kalamazoo, Michigan",source_hub,ultra_low_temperature_freezer,2,-71,-70,-70.5,95.0,840,0,0,0,1,-1.0,-69.33333333333333,0.5773502691896278,-0.6666666666666714,source_hub_ultra_low_temperature_freezer,-69.0,-1.0,1.0,False,False,False,True,False,True,False,1,-0.32729167295734046,False
batch002,2020-10-01 04:00:00,"Kalamazoo, Michigan",source_hub,ultra_low_temperature_freezer,1,-69,-69,-69.0,95.0,840,0,0,0,0,1.0,-69.33333333333333,0.5773502691896278,0.3333333333333286,source_hub_ultra_low_temperature_freezer,-69.0,0.0,0.0,False,False,False,True,False,True,False,1,-0.31771943875511394,False
batch002,2020-10-01 05:00:00,"Kalamazoo, Michigan",source_hub,ultra_low_temperature_freezer,2,-71,-69,-70.0,95.0,840,0,0,0,2,0.0,-69.33333333333333,0.5773502691896278,0.3333333333333286,source_hub_ultra_low_temperature_freezer,-69.0,0.0,0.0,False,False,False,True,False,True,False,1,-0.3377777300659409,False
batch002,2020-10-01 06:00:00,"Kalamazoo, Michigan",source_hub,ultra_low_temperature_freezer,2,-70,-69,-69.5,95.0,840,0,0,0,1,0.0,-69.0,0.0,0.0,source_hub_ultra_low_temperature_freezer,-69.0,0.0,0.0,False,False,False,True,False,True,False,1,-0.33475665422096784,False
batch002,2020-10-01 07:00:00,"Kalamazoo, Michigan",source_hub,ultra_low_temperature_freezer,2,-71,-71,-71.0,95.0,840,0,0,0,0,-2.0,-69.66666666666667,1.1547005383792495,-1.3333333333333286,source_hub_ultra_low_temperature_freezer,-69.0,-2.0,2.0,False,False,False,True,False,True,False,1,-0.25084047606746596,False
batch002,2020-10-01 08:00:00,"Kalamazoo, Michigan",source_hub,ultra_low_temperature_freezer,1,-71,-71,-71.0,95.0,840,0,0,0,0,0.0,-70.33333333333333,1.1547005383792495,-0.6666666666666714,source_hub_ultra_low_temperature_freezer,-69.0,-2.0,2.0,False,False,False,True,False,True,False,1,-0.26116812312331905,False
batch002,2020-10-01 09:00:00,"Kalamazoo, Michigan",source_hub,ultra_low_temperature_freezer,2,-71,-69,-70.0,95.0,840,0,0,0,2,2.0,-70.33333333333333,1.1547005383792495,1.3333333333333286,source_hub_ultra_low_temperature_freezer,-69.0,0.0,0.0,False,False,False,True,False,True,False,1,-0.26626052284899304,False
batch002,2020-10-01 10:00:00,"Kalamazoo, Michigan",source_hub,ultra_low_temperature_freezer,2,-71,-70,-70.5,95.0,840,0,0,0,1,-1.0,-70.0,0.9999999999999964,0.0,source_hub_ultra_low_temperature_freezer,-69.0,-1.0,1.0,False,False,False,True,False,True,False,1,-0.311232224187819,False
batch002,2020-10-01 11:00:00,"Shelbyville, Michigan",source_reefer_truck,ultra_low_temperature_freezer,2,-71,-69,-70.0,95.0,840,0,0,0,2,1.0,-69.33333333333333,0.5773502691896186,0.3333333333333286,source_reefer_truck_ultra_low_temperature_freezer,-69.0,0.0,0.0,False,False,False,False,True,True,False,1,-0.33732507397149486,False
batch002,2020-10-01 12:00:00,"Gerald R Ford International Airport, Michigan",source_air_cargo,ultra_low_temperature_freezer,2,-71,-70,-70.5,95.0,840,0,0,0,1,-1.0,-69.66666666666667,0.5773502691896186,-0.3333333333333286,source_air_cargo_ultra_low_temperature_freezer,-69.0,-1.0,1.0,False,False,True,False,False,True,False,1,-0.33196154391316973,False
batch002,2020-10-01 13:00:00,"Gerald R Ford International Airport, Michigan",source_air_cargo,ultra_low_temperature_freezer,2,-71,-71,-71.0,95.0,840,0,0,0,0,-1.0,-70.0,0.9999999999999964,-1.0,source_air_cargo_ultra_low_temperature_freezer,-69.0,-2.0,2.0,False,False,True,False,False,True,False,1,-0.2729805616741406,False
batch002,2020-10-01 14:00:00,"Gerald R Ford International Airport, Michigan",source_air_cargo,ultra_low_temperature_freezer,2,-70,-70,-70.0,95.0,840,0,0,0,0,1.0,-70.33333333333333,0.5773502691896186,0.3333333333333286,source_air_cargo_ultra_low_temperature_freezer,-69.0,-1.0,1.0,False,False,True,False,False,True,False,1,-0.304727573939593,False
batch002,2020-10-01 15:00:00,Not Available,air_transit,ultra_low_temperature_freezer,2,-70,-70,-70.0,95.0,840,0,0,0,0,0.0,-70.33333333333333,0.5773502691896186,0.3333333333333286,air_transit_ultra_low_temperature_freezer,-69.0,-1.0,1.0,True,False,False,False,False,True,False,1,-0.30969794928674554,False
batch002,2020-10-01 16:00:00,Not Available,air_transit,ultra_low_temperature_freezer,1,-70,-70,-70.0,95.0,840,0,0,0,0,0.0,-70.0,0.0,0.0,air_transit_ultra_low_temperature_freezer,-69.0,-1.0,1.0,True,False,False,False,False,True,False,1,-0.3034958186116679,False
batch002,2020-10-01 17:00:00,Not Available,air_transit,ultra_low_temperature_freezer,2,-71,-70,-70.5,95.0,840,0,0,0,1,0.0,-70.0,0.0,0.0,air_transit_ultra_low_temperature_freezer,-69.0,-1.0,1.0,True,False,False,False,False,True,False,1,-0.3094352017660051,False
batch002,2020-10-01 18:00:00,Not Available,air_transit,ultra_low_temperature_freezer,2,-70,-70,-70.0,95.0,840,0,0,0,0,0.0,-70.0,0.0,0.0,air_transit_ultra_low_temperature_freezer,-69.0,-1.0,1.0,True,False,False,False,False,True,False,1,-0.3034958186116679,False
batch002,2020-10-01 19:00:00,Not Available,air_transit,ultra_low_temperature_freezer,2,-71,-69,-70.0,95.0,840,0,0,0,2,1.0,-69.66666666666667,0.5773502691896278,0.6666666666666714,air_transit_ultra_low_temperature_freezer,-69.0,0.0,0.0,True,False,False,False,False,True,False,1,-0.32792824345500965,False
batch002,2020-10-01 20:00:00,Not Available,air_transit,ultra_low_temperature_freezer,2,-71,-69,-70.0,95.0,840,0,0,0,2,0.0,-69.33333333333333,0.5773502691896278,0.3333333333333286,air_transit_ultra_low_temperature_freezer,-69.0,0.0,0.0,True,False,False,False,False,True,False,1,-0.3377777300659409,False
batch002,2020-10-01 21:00:00,Not Available,air_transit,ultra_low_temperature_freezer,1,-70,-70,-70.0,95.0,840,0,0,0,0,-1.0,-69.33333333333333,0.5773502691896278,-0.6666666666666714,air_transit_ultra_low_temperature_freezer,-69.0,-1.0,1.0,True,False,False,False,False,True,False,1,-0.3120144503403306,False
batch002,2020-10-01 22:00:00,Not Available,air_transit,ultra_low_temperature_freezer,2,-71,-69,-70.0,95.0,840,0,0,0,2,1.0,-69.33333333333333,0.5773502691896278,0.3333333333333286,air_transit_ultra_low_temperature_freezer,-69.0,0.0,0.0,True,False,False,False,False,True,False,1,-0.33732507397149486,False
batch002,2020-10-01 23:00:00,Not Available,air_transit,ultra_low_temperature_freezer,1,-70,-70,-70.0,95.0,840,0,0,0,0,-1.0,-69.66666666666667,0.5773502691896278,-0.3333333333333286,air_transit_ultra_low_temperature_freezer,-69.0,-1.0,1.0,True,False,False,False,False,True,False,1,-0.3229838430845815,False
batch002,2020-10-02 00:00:00,Not Available,air_transit,ultra_low_temperature_freezer,1,-69,-69,-69.0,95.0,840,0,0,0,0,1.0,-69.33333333333333,0.5773502691896278,0.3333333333333286,air_transit_ultra_low_temperature_freezer,-69.0,0.0,0.0,True,False,False,False,False,True,False,1,-0.31771943875511394,False
batch002,2020-10-02 01:00:00,Not Available,air_transit,ultra_low_temperature_freezer,2,-70,-69,-69.5,95.0,840,0,0,0,1,0.0,-69.33333333333333,0.5773502691896278,0.3333333333333286,air_transit_ultra_low_temperature_freezer,-69.0,0.0,0.0,True,False,False,False,False,True,False,1,-0.3491669960712361,False
batch002,2020-10-02 02:00:00,Not Available,air_transit,ultra_low_temperature_freezer,2,-71,-69,-70.0,95.0,840,0,0,0,2,0.0,-69.0,0.0,0.0,air_transit_ultra_low_temperature_freezer,-69.0,0.0,0.0,True,False,False,False,False,True,False,1,-0.32347017658240806,False
batch002,2020-10-02 03:00:00,Not Available,air_transit,ultra_low_temperature_freezer,2,-71,-71,-71.0,95.0,840,0,0,0,0,-2.0,-69.66666666666667,1.1547005383792495,-1.3333333333333286,air_transit_ultra_low_temperature_freezer,-69.0,-2.0,2.0,True,False,False,False,False,True,False,1,-0.25084047606746596,False
batch002,2020-10-02 04:00:00,Not Available,air_transit,ultra_low_temperature_freezer,2,-71,-70,-70.5,95.0,840,0,0,0,1,1.0,-70.0,0.9999999999999964,0.0,air_transit_ultra_low_temperature_freezer,-69.0,-1.0,1.0,True,False,False,False,False,True,False,1,-0.31083262513079096,False
batch002,2020-10-02 05:00:00,Not Available,air_transit,ultra_low_temperature_freezer,2,-71,-69,-70.0,95.0,840,0,0,0,2,1.0,-70.0,0.9999999999999964,1.0,air_transit_ultra_low_temperature_freezer,-69.0,0.0,0.0,True,False,False,False,False,True,False,1,-0.30099347556636524,False
batch002,2020-10-02 06:00:00,Not Available,air_transit,ultra_low_temperature_freezer,2,-71,-69,-70.0,95.0,840,0,0,0,2,0.0,-69.33333333333333,0.5773502691896186,0.3333333333333286,air_transit_ultra_low_temperature_freezer,-69.0,0.0,0.0,True,False,False,False,False,True,False,1,-0.3377777300659409,False
batch002,2020-10-02 07:00:00,Not Available,air_transit,ultra_low_temperature_freezer,2,-70,-69,-69.5,95.0,840,0,0,0,1,0.0,-69.0,0.0,0.0,air_transit_ultra_low_temperature_freezer,-69.0,0.0,0.0,True,False,False,False,False,True,False,1,-0.33475665422096784,False
batch002,2020-10-02 08:00:00,Not Available,air_transit,ultra_low_temperature_freezer,2,-71,-70,-70.5,95.0,840,0,0,0,1,-1.0,-69.33333333333333,0.5773502691896278,-0.6666666666666714,air_transit_ultra_low_temperature_freezer,-69.0,-1.0,1.0,True,False,False,False,False,True,False,1,-0.32729167295734046,False
batch002,2020-10-02 09:00:00,Not Available,air_transit,ultra_low_temperature_freezer,2,-70,-69,-69.5,95.0,840,0,0,0,1,1.0,-69.33333333333333,0.5773502691896278,0.3333333333333286,air_transit_ultra_low_temperature_freezer,-69.0,0.0,0.0,True,False,False,False,False,True,False,1,-0.3454540093428116,False
batch002,2020-10-02 10:00:00,Not Available,air_transit,ultra_low_temperature_freezer,2,-71,-71,-71.0,95.0,840,0,0,0,0,-2.0,-70.0,1.0000000000000018,-1.0,air_transit_ultra_low_temperature_freezer,-69.0,-2.0,2.0,True,False,False,False,False,True,False,1,-0.26414626126403745,False
batch002,2020-10-02 11:00:00,Not Available,air_transit,ultra_low_temperature_freezer,1,-69,-69,-69.0,95.0,840,0,0,0,0,2.0,-69.66666666666667,1.1547005383792541,0.6666666666666714,air_transit_ultra_low_temperature_freezer,-69.0,0.0,0.0,True,False,False,False,False,True,False,1,-0.2833759563273076,False
batch002,2020-10-02 12:00:00,Mumbai Airport,dest_air_cargo,ultra_low_temperature_freezer,2,-69,-68,-68.5,95.0,840,0,0,0,1,1.0,-69.33333333333333,1.5275252316519463,1.3333333333333286,dest_air_cargo_ultra_low_temperature_freezer,-67.0,-1.0,1.0,False,True,False,False,False,True,False,1,-0.2527760845519808,False
batch002,2020-10-02 13:00:00,Mumbai Airport,dest_air_cargo,ultra_low_temperature_freezer,2,-68,-65,-66.5,95.0,840,0,0,0,3,3.0,-67.33333333333333,2.081665999466129,2.3333333333333286,dest_air_cargo_ultra_low_temperature_freezer,-67.0,2.0,2.0,False,True,False,False,False,True,False,1,-0.13726507239578,False
batch002,2020-10-02 14:00:00,Mumbai Airport,dest_air_cargo,ultra_low_temperature_freezer,2,-68,-67,-67.5,95.0,840,0,0,0,1,-2.0,-66.66666666666667,1.5275252316519392,-0.3333333333333286,dest_air_cargo_ultra_low_temperature_freezer,-67.0,0.0,0.0,False,True,False,False,False,True,False,1,-0.21925269620678922,False
batch002,2020-10-02 15:00:00,Mumbai Airport,dest_air_cargo,ultra_low_temperature_freezer,2,-68,-66,-67.0,95.0,840,0,0,0,2,1.0,-66.0,0.9999999999999911,0.0,dest_air_cargo_ultra_low_temperature_freezer,-67.0,1.0,1.0,False,True,False,False,False,True,False,1,-0.2367614134198297,False
batch002,2020-10-02 16:00:00,Mumbai Airport,dest_air_cargo,ultra_low_temperature_freezer,1,-65,-65,-65.0,95.0,840,0,0,0,0,1.0,-66.0,0.9999999999999911,1.0,dest_air_cargo_ultra_low_temperature_freezer,-67.0,2.0,2.0,False,True,False,False,False,True,False,1,-0.1540154705017751,False
batch002,2020-10-02 17:00:00,Mumbai Airport,dest_air_cargo,ultra_low_temperature_freezer,2,-69,-67,-68.0,95.0,840,0,0,0,2,-2.0,-66.0,0.9999999999999911,-1.0,dest_air_cargo_ultra_low_temperature_freezer,-67.0,0.0,0.0,False,True,False,False,False,True,False,1,-0.2186678038983642,False
batch002,2020-10-02 18:00:00,Mumbai Airport,dest_air_cargo,vaccine_storage_unit,2,-65,-61,-63.0,92.0,839,1,0,0,4,6.0,-64.33333333333333,3.0550504633038886,3.3333333333333286,dest_air_cargo_vaccine_storage_unit,7.0,-68.0,68.0,False,True,False,False,False,False,True,1,-0.01457974914210347,False
batch003,2020-11-01 01:00:00,"Kalamazoo, Michigan",source_hub,ultra_low_temperature_freezer,1,-69,-69,-69.0,95.0,840,0,0,0,0,0.0,-69.0,0.0,0.0,source_hub_ultra_low_temperature_freezer,-69.0,0.0,0.0,False,False,False,True,False,True,False,1,-0.3095030546648811,False
batch003,2020-11-01 02:00:00,"Kalamazoo, Michigan",source_hub,ultra_low_temperature_freezer,2,-71,-69,-70.0,95.0,840,0,0,0,2,0.0,-69.0,0.0,0.0,source_hub_ultra_low_temperature_freezer,-69.0,0.0,0.0,False,False,False,True,False,True,False,1,-0.32347017658240806,False
batch003,2020-11-01 03:00:00,"Kalamazoo, Michigan",source_hub,ultra_low_temperature_freezer,2,-71,-69,-70.0,95.0,840,0,0,0,2,0.0,-69.0,0.0,0.0,source_hub_ultra_low_temperature_freezer,-69.0,0.0,0.0,False,False,False,True,False,True,False,1,-0.32347017658240806,False
batch003,2020-11-01 04:00:00,"Kalamazoo, Michigan",source_hub,ultra_low_temperature_freezer,1,-71,-71,-71.0,95.0,840,0,0,0,0,-2.0,-69.66666666666667,1.1547005383792495,-1.3333333333333286,source_hub_ultra_low_temperature_freezer,-69.0,-2.0,2.0,False,False,False,True,False,True,False,1,-0.25084047606746596,False
batch003,2020-11-01 05:00:00,"Kalamazoo, Michigan",source_hub,ultra_low_temperature_freezer,2,-70,-69,-69.5,95.0,840,0,0,0,1,2.0,-69.66666666666667,1.1547005383792495,0.6666666666666714,source_hub_ultra_low_temperature_freezer,-69.0,0.0,0.0,False,False,False,True,False,True,False,1,-0.3159314373617168,False
batch003,2020-11-01 06:00:00,"Kalamazoo, Michigan",source_hub,ultra_low_temperature_freezer,2,-69,-69,-69.0,95.0,840,0,0,0,0,0.0,-69.66666666666667,1.1547005383792495,0.6666666666666714,source_hub_ultra_low_temperature_freezer,-69.0,0.0,0.0,False,False,False,True,False,True,False,1,-0.30077352229774074,False
batch003,2020-11-01 07:00:00,"Kalamazoo, Michigan",source_hub,ultra_low_temperature_freezer,2,-70,-69,-69.5,95.0,840,0,0,0,1,0.0,-69.0,0.0,0.0,source_hub_ultra_low_temperature_freezer,-69.0,0.0,0.0,False,False,False,True,False,True,False,1,-0.33475665422096784,False
batch003,2020-11-01 08:00:00,"Kalamazoo, Michigan",source_hub,ultra_low_temperature_freezer,2,-71,-71,-71.0,95.0,840,0,0,0,0,-2.0,-69.66666666666667,1.1547005383792495,-1.3333333333333286,source_hub_ultra_low_temperature_freezer,-69.0,-2.0,2.0,False,False,False,True,False,True,False,1,-0.25084047606746596,False
batch003,2020-11-01 09:00:00,"Kalamazoo, Michigan",source_hub,ultra_low_temperature_freezer,2,-71,-69,-70.0,95.0,840,0,0,0,2,2.0,-69.66666666666667,1.1547005383792495,0.6666666666666714,source_hub_ultra_low_temperature_freezer,-69.0,0.0,0.0,False,False,False,True,False,True,False,1,-0.3055378030308116,False
batch003,2020-11-01 10:00:00,"Kalamazoo, Michigan",source_hub,ultra_low_temperature_freezer,2,-70,-70,-70.0,95.0,840,0,0,0,0,-1.0,-70.0,0.9999999999999964,0.0,source_hub_ultra_low_temperature_freezer,-69.0,-1.0,1.0,False,False,False,True,False,True,False,1,-0.3082804721418137,False
batch003,2020-11-01 11:00:00,"Shelbyville, Michigan",source_reefer_truck,ultra_low_temperature_freezer,2,-71,-69,-70.0,95.0,840,0,0,0,2,1.0,-69.33333333333333,0.5773502691896186,0.3333333333333286,source_reefer_truck_ultra_low_temperature_freezer,-69.0,0.0,0.0,False,False,False,False,True,True,False,1,-0.33732507397149486,False
batch003,2020-11-01 12:00:00,"Gerald R Ford International Airport, Michigan",source_air_cargo,ultra_low_temperature_freezer,2,-71,-70,-70.5,95.0,840,0,0,0,1,-1.0,-69.66666666666667,0.5773502691896186,-0.3333333333333286,source_air_cargo_ultra_low_temperature_freezer,-69.0,-1.0,1.0,False,False,True,False,False,True,False,1,-0.33196154391316973,False
batch003,2020-11-01 13:00:00,"Gerald R Ford International Airport, Michigan",source_air_cargo,ultra_low_temperature_freezer,2,-71,-69,-70.0,95.0,840,0,0,0,2,1.0,-69.33333333333333,0.5773502691896186,0.3333333333333286,source_air_cargo_ultra_low_temperature_freezer,-69.0,0.0,0.0,False,False,True,False,False,True,False,1,-0.33732507397149486,False
batch003,2020-11-01 14:00:00,"Gerald R Ford International Airport, Michigan",source_air_cargo,ultra_low_temperature_freezer,1,-69,-69,-69.0,95.0,840,0,0,0,0,0.0,-69.33333333333333,0.5773502691896186,0.3333333333333286,source_air_cargo_ultra_low_temperature_freezer,-69.0,0.0,0.0,False,False,True,False,False,True,False,1,-0.3203255405191535,False
batch003,2020-11-01 15:00:00,Not Available,air_transit,ultra_low_temperature_freezer,1,-70,-70,-70.0,95.0,840,0,0,0,0,-1.0,-69.33333333333333,0.5773502691896278,-0.6666666666666714,air_transit_ultra_low_temperature_freezer,-69.0,-1.0,1.0,True,False,False,False,False,True,False,1,-0.3120144503403306,False
batch003,2020-11-01 16:00:00,Not Available,air_transit,ultra_low_temperature_freezer,2,-70,-69,-69.5,95.0,840,0,0,0,1,1.0,-69.33333333333333,0.5773502691896278,0.3333333333333286,air_transit_ultra_low_temperature_freezer,-69.0,0.0,0.0,True,False,False,False,False,True,False,1,-0.3454540093428116,False
batch003,2020-11-01 17:00:00,Not Available,air_transit,ultra_low_temperature_freezer,2,-71,-69,-70.0,95.0,840,0,0,0,2,0.0,-69.33333333333333,0.5773502691896278,0.3333333333333286,air_transit_ultra_low_temperature_freezer,-69.0,0.0,0.0,True,False,False,False,False,True,False,1,-0.3377777300659409,False
batch003,2020-11-01 18:00:00,Not Available,air_transit,ultra_low_temperature_freezer,2,-71,-69,-70.0,95.0,840,0,0,0,2,0.0,-69.0,0.0,0.0,air_transit_ultra_low_temperature_freezer,-69.0,0.0,0.0,True,False,False,False,False,True,False,1,-0.32347017658240806,False
batch003,2020-11-01 19:00:00,Not Available,air_transit,ultra_low_temperature_freezer,2,-71,-69,-70.0,95.0,840,0,0,0,2,0.0,-69.0,0.0,0.0,air_transit_ultra_low_temperature_freezer,-69.0,0.0,0.0,True,False,False,False,False,True,False,1,-0.32347017658240806,False
batch003,2020-11-01 20:00:00,Not Available,air_transit,ultra_low_temperature_freezer,2,-70,-70,-70.0,95.0,840,0,0,0,0,-1.0,-69.33333333333333,0.5773502691896278,-0.6666666666666714,air_transit_ultra_low_temperature_freezer,-69.0,-1.0,1.0,True,False,False,False,False,True,False,1,-0.3120144503403306,False
batch003,2020-11-01 21:00:00,Not Available,air_transit,ultra_low_temperature_freezer,2,-71,-70,-70.5,95.0,840,0,0,0,1,0.0,-69.66666666666667,0.5773502691896278,-0.3333333333333286,air_transit_ultra_low_temperature_freezer,-69.0,-1.0,1.0,True,False,False,False,False,True,False,1,-0.33525916918763676,False
batch003,2020-11-01 22:00:00,Not Available,air_transit,ultra_low_temperature_freezer,2,-70,-69,-69.5,95.0,840,0,0,0,1,1.0,-69.66666666666667,0.5773502691896278,0.6666666666666714,air_transit_ultra_low_temperature_freezer,-69.0,0.0,0.0,True,False,False,False,False,True,False,1,-0.3377481467080661,False
batch003,2020-11-01 23:00:00,Not Available,air_transit,ultra_low_temperature_freezer,2,-71,-71,-71.0,95.0,840,0,0,0,0,-2.0,-70.0,1.0000000000000018,-1.0,air_transit_ultra_low_temperature_freezer,-69.0,-2.0,2.0,True,False,False,False,False,True,False,1,-0.26414626126403745,False
batch003,2020-11-02 00:00:00,Not Available,air_transit,ultra_low_temperature_freezer,2,-70,-69,-69.5,95.0,840,0,0,0,1,2.0,-69.66666666666667,1.1547005383792541,0.6666666666666714,air_transit_ultra_low_temperature_freezer,-69.0,0.0,0.0,True,False,False,False,False,True,False,1,-0.3159314373617168,False
batch003,2020-11-02 01:00:00,Not Available,air_transit,ultra_low_temperature_freezer,2,-71,-69,-70.0,95.0,840,0,0,0,2,0.0,-69.66666666666667,1.1547005383792541,0.6666666666666714,air_transit_ultra_low_temperature_freezer,-69.0,0.0,0.0,True,False,False,False,False,True,False,1,-0.3188164613276948,False
batch003,2020-11-02 02:00:00,Not Available,air_transit,ultra_low_temperature_freezer,2,-71,-69,-70.0,95.0,840,0,0,0,2,0.0,-69.0,0.0,0.0,air_transit_ultra_low_temperature_freezer,-69.0,0.0,0.0,True,False,False,False,False,True,False,1,-0.32347017658240806,False
batch003,2020-11-02 03:00:00,Not Available,air_transit,ultra_low_temperature_freezer,2,-71,-69,-70.0,95.0,840,0,0,0,2,0.0,-69.0,0.0,0.0,air_transit_ultra_low_temperature_freezer,-69.0,0.0,0.0,True,False,False,False,False,True,False,1,-0.32347017658240806,False
batch003,2020-11-02 04:00:00,Not Available,air_transit,ultra_low_temperature_freezer,2,-69,-69,-69.0,95.0,840,0,0,0,0,0.0,-69.0,0.0,0.0,air_transit_ultra_low_temperature_freezer,-69.0,0.0,0.0,True,False,False,False,False,True,False,1,-0.3095030546648811,False
batch003,2020-11-02 05:00:00,Not Available,air_transit,ultra_low_temperature_freezer,2,-71,-70,-70.5,95.0,840,0,0,0,1,-1.0,-69.33333333333333,0.5773502691896278,-0.6666666666666714,air_transit_ultra_low_temperature_freezer,-69.0,-1.0,1.0,True,False,False,False,False,True,False,1,-0.32729167295734046,False
batch003,2020-11-02 06:00:00,Not Available,air_transit,ultra_low_temperature_freezer,2,-71,-69,-70.0,95.0,840,0,0,0,2,1.0,-69.33333333333333,0.5773502691896278,0.3333333333333286,air_transit_ultra_low_temperature_freezer,-69.0,0.0,0.0,True,False,False,False,False,True,False,1,-0.33732507397149486,False
batch003,2020-11-02 07:00:00,Not Available,air_transit,ultra_low_temperature_freezer,2,-71,-70,-70.5,95.0,840,0,0,0,1,-1.0,-69.66666666666667,0.5773502691896278,-0.3333333333333286,air_transit_ultra_low_temperature_freezer,-69.0,-1.0,1.0,True,False,False,False,False,True,False,1,-0.33196154391316973,False
batch003,2020-11-02 08:00:00,Not Available,air_transit,ultra_low_temperature_freezer,2,-71,-69,-70.0,95.0,840,0,0,0,2,1.0,-69.33333333333333,0.5773502691896278,0.3333333333333286,air_transit_ultra_low_temperature_freezer,-69.0,0.0,0.0,True,False,False,False,False,True,False,1,-0.33732507397149486,False
batch003,2020-11-02 09:00:00,Not Available,air_transit,ultra_low_temperature_freezer,2,-70,-70,-70.0,95.0,840,0,0,0,0,-1.0,-69.66666666666667,0.5773502691896278,-0.3333333333333286,air_transit_ultra_low_temperature_freezer,-69.0,-1.0,1.0,True,False,False,False,False,True,False,1,-0.3229838430845815,False
batch003,2020-11-02 10:00:00,Not Available,air_transit,ultra_low_temperature_freezer,2,-71,-69,-70.0,95.0,840,0,0,0,2,1.0,-69.33333333333333,0.5773502691896278,0.3333333333333286,air_transit_ultra_low_temperature_freezer,-69.0,0.0,0.0,True,False,False,False,False,True,False,1,-0.33732507397149486,False
batch003,2020-11-02 11:00:00,Not Available,air_transit,ultra_low_temperature_freezer,2,-71,-69,-70.0,95.0,840,0,0,0,2,0.0,-69.33333333333333,0.5773502691896278,0.3333333333333286,air_transit_ultra_low_temperature_freezer,-69.0,0.0,0.0,True,False,False,False,False,True,False,1,-0.3377777300659409,False
batch003,2020-11-02 12:00:00,Delhi Airport,dest_air_cargo,ultra_low_temperature_freezer,2,-69,-66,-67.5,95.0,840,0,0,0,3,3.0,-68.0,1.7320508075688772,2.0,dest_air_cargo_ultra_low_temperature_freezer,-67.0,1.0,1.0,False,True,False,False,False,True,False,1,-0.17540404479574445,False
batch003,2020-11-02 13:00:00,Delhi Airport,dest_air_cargo,ultra_low_temperature_freezer,2,-66,-65,-65.5,95.0,840,0,0,0,1,1.0,-66.66666666666667,2.081665999466134,1.6666666666666714,dest_air_cargo_ultra_low_temperature_freezer,-67.0,2.0,2.0,False,True,False,False,False,True,False,1,-0.1502884529072923,False
batch003,2020-11-02 14:00:00,Delhi Airport,dest_air_cargo,ultra_low_temperature_freezer,2,-70,-69,-69.5,95.0,840,0,0,0,1,-4.0,-66.66666666666667,2.081665999466134,-2.3333333333333286,dest_air_cargo_ultra_low_temperature_freezer,-67.0,-2.0,2.0,False,True,False,False,False,True,False,1,-0.17648123226356205,False
batch003,2020-11-02 15:00:00,Delhi Airport,dest_air_cargo,ultra_low_temperature_freezer,2,-70,-68,-69.0,95.0,840,0,0,0,2,1.0,-67.33333333333333,2.081665999466134,-0.6666666666666714,dest_air_cargo_ultra_low_temperature_freezer,-67.0,-1.0,1.0,False,True,False,False,False,True,False,1,-0.23965656121672507,False
batch003,2020-11-02 16:00:00,Delhi Airport,dest_air_cargo,ultra_low_temperature_freezer,2,-66,-66,-66.0,95.0,840,0,0,0,0,2.0,-67.66666666666667,1.5275252316519532,1.6666666666666714,dest_air_cargo_ultra_low_temperature_freezer,-67.0,1.0,1.0,False,True,False,False,False,True,False,1,-0.16802652645519645,False
batch003,2020-11-02 17:00:00,Delhi Airport,dest_air_cargo,ultra_low_temperature_freezer,2,-70,-65,-67.5,95.0,840,0,0,0,5,1.0,-66.33333333333333,1.5275252316519532,1.3333333333333286,dest_air_cargo_ultra_low_temperature_freezer,-67.0,2.0,2.0,False,True,False,False,False,True,False,1,-0.1312880537491039,False
batch003,2020-11-02 18:00:00,Delhi Airport,dest_air_cargo,vaccine_storage_unit,2,-64,-61,-62.5,92.5,839,1,0,0,3,4.0,-64.0,2.6457513110645934,3.0,dest_air_cargo_vaccine_storage_unit,7.0,-68.0,68.0,False,True,False,False,False,False,True,1,-0.03079360412444354,False
batch004,2020-12-01 01:00:00,"Kalamazoo, Michigan",source_hub,ultra_low_temperature_freezer,2,-71,-69,-70.0,95.0,840,0,0,0,2,0.0,-69.0,0.0,0.0,source_hub_ultra_low_temperature_freezer,-69.0,0.0,0.0,False,False,False,True,False,True,False,1,-0.32347017658240806,False
batch004,2020-12-01 02:00:00,"Kalamazoo, Michigan",source_hub,ultra_low_temperature_freezer,2,-71,-70,-70.5,95.0,840,0,0,0,1,-1.0,-69.5,0.7071067811865476,-0.5,source_hub_ultra_low_temperature_freezer,-69.0,-1.0,1.0,False,False,False,True,False,True,False,1,-0.3166908035742358,False
batch004,2020-12-01 03:00:00,"Kalamazoo, Michigan",source_hub,ultra_low_temperature_freezer,2,-69,-69,-69.0,95.0,840,0,0,0,0,1.0,-69.33333333333333,0.5773502691896247,0.3333333333333286,source_hub_ultra_low_temperature_freezer,-69.0,0.0,0.0,False,False,False,True,False,True,False,1,-0.31771943875511394,False
batch004,2020-12-01 04:00:00,"Kalamazoo, Michigan",source_hub,ultra_low_temperature_freezer,2,-70,-69,-69.5,95.0,840,0,0,0,1,0.0,-69.33333333333333,0.5773502691896247,0.3333333333333286,source_hub_ultra_low_temperature_freezer,-69.0,0.0,0.0,False,False,False,True,False,True,False,1,-0.3491669960712361,False
batch004,2020-12-01 05:00:00,"Kalamazoo, Michigan",source_hub,ultra_low_temperature_freezer,2,-71,-70,-70.5,95.0,840,0,0,0,1,-1.0,-69.33333333333333,0.5773502691896278,-0.6666666666666714,source_hub_ultra_low_temperature_freezer,-69.0,-1.0,1.0,False,False,False,True,False,True,False,1,-0.32729167295734046,False
batch004,2020-12-01 06:00:00,"Kalamazoo, Michigan",source_hub,ultra_low_temperature_freezer,2,-71,-70,-70.5,95.0,840,0,0,0,1,0.0,-69.66666666666667,0.5773502691896278,-0.3333333333333286,source_hub_ultra_low_temperature_freezer,-69.0,-1.0,1.0,False,False,False,True,False,True,False,1,-0.33525916918763676,False
batch004,2020-12-01 07:00:00,"Kalamazoo, Michigan",source_hub,ultra_low_temperature_freezer,2,-69,-69,-69.0,95.0,840,0,0,0,0,1.0,-69.66666666666667,0.5773502691896278,0.6666666666666714,source_hub_ultra_low_temperature_freezer,-69.0,0.0,0.0,False,False,False,True,False,True,False,1,-0.30777503122937655,False
batch004,2020-12-01 08:00:00,"Kalamazoo, Michigan",source_hub,ultra_low_temperature_freezer,1,-69,-69,-69.0,95.0,840,0,0,0,0,0.0,-69.33333333333333,0.5773502691896278,0.3333333333333286,source_hub_ultra_low_temperature_freezer,-69.0,0.0,0.0,False,False,False,True,False,True,False,1,-0.3203255405191535,False
batch004,2020-12-01 09:00:00,"Kalamazoo, Michigan",source_hub,ultra_low_temperature_freezer,2,-71,-69,-70.0,95.0,840,0,0,0,2,0.0,-69.0,0.0,0.0,source_hub_ultra_low_temperature_freezer,-69.0,0.0,0.0,False,False,False,True,False,True,False,1,-0.32347017658240806,False
batch004,2020-12-01 10:00:00,"Kalamazoo, Michigan",source_hub,ultra_low_temperature_freezer,2,-71,-69,-70.0,95.0,840,0,0,0,2,0.0,-69.0,0.0,0.0,source_hub_ultra_low_temperature_freezer,-69.0,0.0,0.0,False,False,False,True,False,True,False,1,-0.32347017658240806,False
batch004,2020-12-01 11:00:00,"Shelbyville, Michigan",source_reefer_truck,ultra_low_temperature_freezer,2,-71,-69,-70.0,95.0,840,0,0,0,2,0.0,-69.0,0.0,0.0,source_reefer_truck_ultra_low_temperature_freezer,-69.0,0.0,0.0,False,False,False,False,True,True,False,1,-0.32347017658240806,False
batch004,2020-12-01 12:00:00,"Gerald R Ford International Airport, Michigan",source_air_cargo,ultra_low_temperature_freezer,2,-69,-69,-69.0,95.0,840,0,0,0,0,0.0,-69.0,0.0,0.0,source_air_cargo_ultra_low_temperature_freezer,-69.0,0.0,0.0,False,False,True,False,False,True,False,1,-0.3095030546648811,False
batch004,2020-12-01 13:00:00,"Gerald R Ford International Airport, Michigan",source_air_cargo,ultra_low_temperature_freezer,2,-70,-69,-69.5,95.0,840,0,0,0,1,0.0,-69.0,0.0,0.0,source_air_cargo_ultra_low_temperature_freezer,-69.0,0.0,0.0,False,False,True,False,False,True,False,1,-0.33475665422096784,False
batch004,2020-12-01 14:00:00,"Gerald R Ford International Airport, Michigan",source_air_cargo,ultra_low_temperature_freezer,2,-70,-69,-69.5,95.0,840,0,0,0,1,0.0,-69.0,0.0,0.0,source_air_cargo_ultra_low_temperature_freezer,-69.0,0.0,0.0,False,False,True,False,False,True,False,1,-0.33475665422096784,False
batch004,2020-12-01 15:00:00,Not Available,air_transit,ultra_low_temperature_freezer,2,-71,-69,-70.0,95.0,840,0,0,0,2,0.0,-69.0,0.0,0.0,air_transit_ultra_low_temperature_freezer,-69.0,0.0,0.0,True,False,False,False,False,True,False,1,-0.32347017658240806,False
batch004,2020-12-01 16:00:00,Not Available,air_transit,ultra_low_temperature_freezer,1,-71,-71,-71.0,95.0,840,0,0,0,0,-2.0,-69.66666666666667,1.1547005383792495,-1.3333333333333286,air_transit_ultra_low_temperature_freezer,-69.0,-2.0,2.0,True,False,False,False,False,True,False,1,-0.25084047606746596,False
batch004,2020-12-01 17:00:00,Not Available,air_transit,ultra_low_temperature_freezer,2,-70,-69,-69.5,95.0,840,0,0,0,1,2.0,-69.66666666666667,1.1547005383792495,0.6666666666666714,air_transit_ultra_low_temperature_freezer,-69.0,0.0,0.0,True,False,False,False,False,True,False,1,-0.3159314373617168,False
batch004,2020-12-01 18:00:00,Not Available,air_transit,ultra_low_temperature_freezer,2,-71,-69,-70.0,95.0,840,0,0,0,2,0.0,-69.66666666666667,1.1547005383792495,0.6666666666666714,air_transit_ultra_low_temperature_freezer,-69.0,0.0,0.0,True,False,False,False,False,True,False,1,-0.3188164613276948,False
batch004,2020-12-01 19:00:00,Not Available,air_transit,ultra_low_temperature_freezer,2,-71,-69,-70.0,95.0,840,0,0,0,2,0.0,-69.0,0.0,0.0,air_transit_ultra_low_temperature_freezer,-69.0,0.0,0.0,True,False,False,False,False,True,False,1,-0.32347017658240806,False
batch004,2020-12-01 20:00:00,Not Available,air_transit,ultra_low_temperature_freezer,2,-70,-70,-70.0,95.0,840,0,0,0,0,-1.0,-69.33333333333333,0.5773502691896278,-0.6666666666666714,air_transit_ultra_low_temperature_freezer,-69.0,-1.0,1.0,True,False,False,False,False,True,False,1,-0.3120144503403306,False
batch004,2020-12-01 21:00:00,Not Available,air_transit,ultra_low_temperature_freezer,2,-71,-69,-70.0,95.0,840,0,0,0,2,1.0,-69.33333333333333,0.5773502691896278,0.3333333333333286,air_transit_ultra_low_temperature_freezer,-69.0,0.0,0.0,True,False,False,False,False,True,False,1,-0.33732507397149486,False
batch004,2020-12-01 22:00:00,Not Available,air_transit,ultra_low_temperature_freezer,2,-70,-70,-70.0,95.0,840,0,0,0,0,-1.0,-69.66666666666667,0.5773502691896278,-0.3333333333333286,air_transit_ultra_low_temperature_freezer,-69.0,-1.0,1.0,True,False,False,False,False,True,False,1,-0.3229838430845815,False
batch004,2020-12-01 23:00:00,Not Available,air_transit,ultra_low_temperature_freezer,2,-70,-69,-69.5,95.0,840,0,0,0,1,1.0,-69.33333333333333,0.5773502691896278,0.3333333333333286,air_transit_ultra_low_temperature_freezer,-69.0,0.0,0.0,True,False,False,False,False,True,False,1,-0.3454540093428116,False
batch004,2020-12-02 00:00:00,Not Available,air_transit,ultra_low_temperature_freezer,2,-71,-69,-70.0,95.0,840,0,0,0,2,0.0,-69.33333333333333,0.5773502691896278,0.3333333333333286,air_transit_ultra_low_temperature_freezer,-69.0,0.0,0.0,True,False,False,False,False,True,False,1,-0.3377777300659409,False
batch004,2020-12-02 01:00:00,Not Available,air_transit,ultra_low_temperature_freezer,1,-70,-70,-70.0,95.0,840,0,0,0,0,-1.0,-69.33333333333333,0.5773502691896278,-0.6666666666666714,air_transit_ultra_low_temperature_freezer,-69.0,-1.0,1.0,True,False,False,False,False,True,False,1,-0.3120144503403306,False
batch004,2020-12-02 02:00:00,Not Available,air_transit,ultra_low_temperature_freezer,2,-70,-69,-69.5,95.0,840,0,0,0,1,1.0,-69.33333333333333,0.5773502691896278,0.3333333333333286,air_transit_ultra_low_temperature_freezer,-69.0,0.0,0.0,True,False,False,False,False,True,False,1,-0.3454540093428116,False
batch004,2020-12-02 03:00:00,Not Available,air_transit,ultra_low_temperature_freezer,2,-71,-70,-70.5,95.0,840,0,0,0,1,-1.0,-69.66666666666667,0.5773502691896278,-0.3333333333333286,air_transit_ultra_low_temperature_freezer,-69.0,-1.0,1.0,True,False,False,False,False,True,False,1,-0.33196154391316973,False
batch004,2020-12-02 04:00:00,Not Available,air_transit,ultra_low_temperature_freezer,2,-71,-69,-70.0,95.0,840,0,0,0,2,1.0,-69.33333333333333,0.5773502691896278,0.3333333333333286,air_transit_ultra_low_temperature_freezer,-69.0,0.0,0.0,True,False,False,False,False,True,False,1,-0.33732507397149486,False
batch004,2020-12-02 05:00:00,Not Available,air_transit,ultra_low_temperature_freezer,2,-71,-70,-70.5,95.0,840,0,0,0,1,-1.0,-69.66666666666667,0.5773502691896278,-0.3333333333333286,air_transit_ultra_low_temperature_freezer,-69.0,-1.0,1.0,True,False,False,False,False,True,False,1,-0.33196154391316973,False
batch004,2020-12-02 06:00:00,Not Available,air_transit,ultra_low_temperature_freezer,1,-69,-69,-69.0,95.0,840,0,0,0,0,1.0,-69.33333333333333,0.5773502691896278,0.3333333333333286,air_transit_ultra_low_temperature_freezer,-69.0,0.0,0.0,True,False,False,False,False,True,False,1,-0.31771943875511394,False
batch004,2020-12-02 07:00:00,Not Available,air_transit,ultra_low_temperature_freezer,2,-71,-69,-70.0,95.0,840,0,0,0,2,0.0,-69.33333333333333,0.5773502691896278,0.3333333333333286,air_transit_ultra_low_temperature_freezer,-69.0,0.0,0.0,True,False,False,False,False,True,False,1,-0.3377777300659409,False
batch004,2020-12-02 08:00:00,Not Available,air_transit,ultra_low_temperature_freezer,2,-70,-69,-69.5,95.0,840,0,0,0,1,0.0,-69.0,0.0,0.0,air_transit_ultra_low_temperature_freezer,-69.0,0.0,0.0,True,False,False,False,False,True,False,1,-0.33475665422096784,False
batch004,2020-12-02 09:00:00,Not Available,air_transit,ultra_low_temperature_freezer,2,-71,-70,-70.5,95.0,840,0,0,0,1,-1.0,-69.33333333333333,0.5773502691896278,-0.6666666666666714,air_transit_ultra_low_temperature_freezer,-69.0,-1.0,1.0,True,False,False,False,False,True,False,1,-0.32729167295734046,False
batch004,2020-12-02 10:00:00,Not Available,air_transit,ultra_low_temperature_freezer,2,-71,-69,-70.0,95.0,840,0,0,0,2,1.0,-69.33333333333333,0.5773502691896278,0.3333333333333286,air_transit_ultra_low_temperature_freezer,-69.0,0.0,0.0,True,False,False,False,False,True,False,1,-0.33732507397149486,False
batch004,2020-12-02 11:00:00,Not Available,air_transit,ultra_low_temperature_freezer,2,-71,-71,-71.0,95.0,840,0,0,0,0,-2.0,-70.0,1.0000000000000018,-1.0,air_transit_ultra_low_temperature_freezer,-69.0,-2.0,2.0,True,False,False,False,False,True,False,1,-0.26414626126403745,False
batch004,2020-12-02 12:00:00,Delhi Airport,dest_air_cargo,ultra_low_temperature_freezer,2,-70,-66,-68.0,95.0,840,0,0,0,4,5.0,-68.66666666666667,2.516611478423586,2.6666666666666714,dest_air_cargo_ultra_low_temperature_freezer,-67.0,1.0,1.0,False,True,False,False,False,True,False,1,-0.11846037231280215,False
batch004,2020-12-02 13:00:00,Delhi Airport,dest_air_cargo,ultra_low_temperature_freezer,2,-69,-66,-67.5,95.0,840,0,0,0,3,0.0,-67.66666666666667,2.886751345948132,1.6666666666666714,dest_air_cargo_ultra_low_temperature_freezer,-67.0,1.0,1.0,False,True,False,False,False,True,False,1,-0.16849388851053826,False
batch004,2020-12-02 14:00:00,Delhi Airport,dest_air_cargo,vaccine_storage_unit,2,-63,-56,-59.5,94.0,839,1,1,0,7,10.0,-62.666666666666664,5.773502691896256,6.666666666666664,dest_air_cargo_vaccine_storage_unit,7.0,-63.0,63.0,False,True,False,False,False,False,True,-1,0.02026489116852881,True
batch004,2020-12-02 15:00:00,Delhi Airport,dest_air_cargo,vaccine_storage_unit,2,-45,-41,-43.0,93.5,838,1,2,0,4,15.0,-54.333333333333336,12.583057392117917,13.333333333333336,dest_air_cargo_vaccine_storage_unit,7.0,-48.0,48.0,False,True,False,False,False,False,True,-1,0.032111269722342795,True
batch004,2020-12-02 16:00:00,Delhi Airport,dest_air_cargo,vaccine_storage_unit,2,-40,-36,-38.0,93.0,837,1,3,0,4,5.0,-44.333333333333336,10.408329997330666,8.333333333333336,dest_air_cargo_vaccine_storage_unit,7.0,-43.0,43.0,False,True,False,False,False,False,True,-1,0.008670359075609757,True
batch004,2020-12-02 17:00:00,Delhi Airport,dest_air_cargo,vaccine_storage_unit,2,-35,-29,-32.0,91.0,836,1,4,0,6,7.0,-35.333333333333336,6.027713773341714,6.333333333333336,dest_air_cargo_vaccine_storage_unit,7.0,-36.0,36.0,False,True,False,False,False,False,True,-1,0.023606460159819376,True
batch004,2020-12-02 18:00:00,Delhi Airport,dest_air_cargo,vaccine_storage_unit,2,-22,-15,-18.5,91.0,835,1,5,0,7,14.0,-26.666666666666668,10.692676621563631,11.666666666666668,dest_air_cargo_vaccine_storage_unit,7.0,-22.0,22.0,False,True,False,False,False,False,True,-1,0.049373410606081136,True
batch004,2020-12-02 19:00:00,Delhi Airport,dest_air_cargo,vaccine_storage_unit,2,-12,-1,-6.5,92.0,834,1,6,0,11,14.0,-15.0,14.000000000000004,14.0,dest_air_cargo_vaccine_storage_unit,7.0,-8.0,8.0,False,True,False,False,False,False,True,-1,0.051947768762622526,True
batch004,2020-12-02 20:00:00,Delhi Airport,dest_air_cargo,vaccine_storage_unit,2,4,4,4.0,91.5,833,1,6,1,0,5.0,-4.0,9.84885780179611,8.0,dest_air_cargo_vaccine_storage_unit,7.0,-3.0,3.0,False,True,False,False,False,False,True,1,-0.005846012866080441,False
batch004,2020-12-02 21:00:00,Delhi Airport,dest_air_cargo,vaccine_storage_unit,2,2,2,2.0,93.0,832,1,6,2,0,-2.0,1.6666666666666667,2.5166114784236,0.33333333333333326,dest_air_cargo_vaccine_storage_unit,7.0,-5.0,5.0,False,True,False,False,False,False,True,1,-0.0521576878910649,False
batch004,2020-12-02 22:00:00,Delhi Airport,dest_air_cargo,vaccine_storage_unit,2,8,8,8.0,87.5,831,1,6,3,0,6.0,4.666666666666667,3.0550504633039073,3.333333333333333,dest_air_cargo_vaccine_storage_unit,7.0,1.0,1.0,False,True,False,False,False,False,True,1,-0.07364945292148228,False
batch004,2020-12-02 23:00:00,Delhi Airport,dest_air_cargo,vaccine_storage_unit,2,6,8,7.0,86.5,830,1,6,4,2,0.0,6.0,3.464101615137767,2.0,dest_air_cargo_vaccine_storage_unit,7.0,1.0,1.0,False,True,False,False,False,False,True,1,-0.1445709632079888,False
batch004,2020-12-03 00:00:00,Delhi Airport,dest_air_cargo,vaccine_storage_unit,2,6,6,6.0,86.0,829,1,6,5,0,-2.0,7.333333333333333,1.1547005383792515,-1.333333333333333,dest_air_cargo_vaccine_storage_unit,7.0,-1.0,1.0,False,True,False,False,False,False,True,1,-0.1649462951836056,False
batch004,2020-12-03 01:00:00,Delhi Airport,dest_air_cargo,vaccine_storage_unit,2,7,8,7.5,87.5,828,1,6,6,1,2.0,7.333333333333333,1.1547005383792515,0.666666666666667,dest_air_cargo_vaccine_storage_unit,7.0,1.0,1.0,False,True,False,False,False,False,True,1,-0.2459796994474297,False
batch004,2020-12-03 02:00:00,Delhi Airport,dest_air_cargo,vaccine_storage_unit,2,7,8,7.5,87.0,827,1,6,7,1,0.0,7.333333333333333,1.1547005383792515,0.666666666666667,dest_air_cargo_vaccine_storage_unit,7.0,1.0,1.0,False,True,False,False,False,False,True,1,-0.2584416409344349,False
batch004,2020-12-03 03:00:00,Delhi Airport,dest_air_cargo,vaccine_storage_unit,2,6,8,7.0,87.5,826,1,6,8,2,0.0,8.0,0.0,0.0,dest_air_cargo_vaccine_storage_unit,7.0,1.0,1.0,False,True,False,False,False,False,True,1,-0.25084593023862484,False
batch004,2020-12-03 04:00:00,Delhi Airport,dest_air_cargo,vaccine_storage_unit,2,7,7,7.0,89.0,825,1,6,9,0,-1.0,7.666666666666667,0.5773502691896258,-0.666666666666667,dest_air_cargo_vaccine_storage_unit,7.0,0.0,0.0,False,True,False,False,False,False,True,1,-0.23014221974819354,False
batch004,2020-12-03 05:00:00,Delhi Airport,dest_air_cargo,vaccine_storage_unit,2,7,8,7.5,90.0,824,1,6,10,1,1.0,7.666666666666667,0.5773502691896258,0.33333333333333304,dest_air_cargo_vaccine_storage_unit,7.0,1.0,1.0,False,True,False,False,False,False,True,1,-0.25470119883540027,False
batch004,2020-12-03 06:00:00,Delhi Airport,dest_air_cargo,vaccine_storage_unit,2,7,8,7.5,85.0,823,1,6,11,1,0.0,7.666666666666667,0.5773502691896258,0.33333333333333304,dest_air_cargo_vaccine_storage_unit,7.0,1.0,1.0,False,True,False,False,False,False,True,1,-0.24474468867616217,False
batch004,2020-12-03 07:00:00,Delhi Airport,dest_air_cargo,vaccine_storage_unit,2,7,7,7.0,87.0,822,1,6,12,0,-1.0,7.666666666666667,0.5773502691896258,-0.666666666666667,dest_air_cargo_vaccine_storage_unit,7.0,0.0,0.0,False,True,False,False,False,False,True,1,-0.2272065543778185,False
batch004,2020-12-03 08:00:00,Delhi Airport,dest_air_cargo,vaccine_storage_unit,2,6,7,6.5,87.5,821,1,6,13,1,0.0,7.333333333333333,0.5773502691896258,-0.33333333333333304,dest_air_cargo_vaccine_storage_unit,7.0,0.0,0.0,False,True,False,False,False,False,True,1,-0.27906930328321855,False
batch004,2020-12-03 09:00:00,Delhi Airport,dest_air_cargo,vaccine_storage_unit,2,7,8,7.5,86.5,820,1,6,14,1,1.0,7.333333333333333,0.5773502691896258,0.666666666666667,dest_air_cargo_vaccine_storage_unit,7.0,1.0,1.0,False,True,False,False,False,False,True,1,-0.27020610545543805,False
batch004,2020-12-03 10:00:00,Delhi Airport,dest_air_cargo,vaccine_storage_unit,2,7,8,7.5,86.0,819,1,6,15,1,0.0,7.666666666666667,0.5773502691896258,0.33333333333333304,dest_air_cargo_vaccine_storage_unit,7.0,1.0,1.0,False,True,False,False,False,False,True,1,-0.26689038190428577,False
batch004,2020-12-03 11:00:00,Delhi Airport,dest_air_cargo,vaccine_storage_unit,2,7,8,7.5,89.5,818,1,6,16,1,0.0,8.0,0.0,0.0,dest_air_cargo_vaccine_storage_unit,7.0,1.0,1.0,False,True,False,False,False,False,True,1,-0.2439799499355137,False
batch004,2020-12-03 12:00:00,Delhi Airport,dest_air_cargo,vaccine_storage_unit,2,6,7,6.5,86.0,817,1,6,17,1,-1.0,7.666666666666667,0.5773502691896258,-0.666666666666667,dest_air_cargo_vaccine_storage_unit,7.0,0.0,0.0,False,True,False,False,False,False,True,1,-0.23734668060339553,False
batch004,2020-12-03 13:00:00,Delhi Airport,dest_air_cargo,vaccine_storage_unit,2,7,8,7.5,87.5,816,1,6,18,1,1.0,7.666666666666667,0.5773502691896258,0.33333333333333304,dest_air_cargo_vaccine_storage_unit,7.0,1.0,1.0,False,True,False,False,False,False,True,1,-0.2816354609716568,False
batch004,2020-12-03 14:00:00,Delhi Airport,dest_air_cargo,vaccine_storage_unit,2,6,6,6.0,85.5,815,1,6,19,0,-2.0,7.0,1.0,-1.0,dest_air_cargo_vaccine_storage_unit,7.0,-1.0,1.0,False,True,False,False,False,False,True,1,-0.18043380938750275,False
batch004,2020-12-03 15:00:00,Delhi Airport,dest_air_cargo,vaccine_storage_unit,2,6,7,6.5,87.5,814,1,6,20,1,1.0,7.0,1.0,0.0,dest_air_cargo_vaccine_storage_unit,7.0,0.0,0.0,False,True,False,False,False,False,True,1,-0.24593177238601777,False
batch004,2020-12-03 16:00:00,Delhi Airport,dest_air_cargo,vaccine_storage_unit,2,6,7,6.5,87.0,813,1,6,21,1,0.0,6.666666666666667,0.5773502691896258,0.33333333333333304,dest_air_cargo_vaccine_storage_unit,7.0,0.0,0.0,False,True,False,False,False,False,True,1,-0.24503908127648977,False
batch004,2020-12-03 17:00:00,Delhi Airport,dest_air_cargo,vaccine_storage_unit,2,7,8,7.5,89.0,812,1,6,22,1,1.0,7.333333333333333,0.5773502691896258,0.666666666666667,dest_air_cargo_vaccine_storage_unit,7.0,1.0,1.0,False,True,False,False,False,False,True,1,-0.26831946478602253,False
batch004,2020-12-03 18:00:00,Delhi Airport,dest_air_cargo,vaccine_storage_unit,2,6,7,6.5,86.0,811,1,6,23,1,-1.0,7.333333333333333,0.5773502691896258,-0.33333333333333304,dest_air_cargo_vaccine_storage_unit,7.0,0.0,0.0,False,True,False,False,False,False,True,1,-0.24842174264538097,False
batch004,2020-12-03 19:00:00,Delhi Airport,dest_air_cargo,vaccine_storage_unit,2,6,8,7.0,87.5,810,1,6,24,2,1.0,7.666666666666667,0.5773502691896258,0.33333333333333304,dest_air_cargo_vaccine_storage_unit,7.0,1.0,1.0,False,True,False,False,False,False,True,1,-0.26262865805643854,False
batch004,2020-12-03 20:00:00,Delhi Airport,dest_air_cargo,vaccine_storage_unit,2,7,8,7.5,87.5,809,1,6,25,1,0.0,7.666666666666667,0.5773502691896258,0.33333333333333304,dest_air_cargo_vaccine_storage_unit,7.0,1.0,1.0,False,True,False,False,False,False,True,1,-0.2865468828293227,False
batch004,2020-12-03 21:00:00,Delhi Airport,dest_air_cargo,vaccine_storage_unit,2,7,8,7.5,89.0,808,1,6,26,1,0.0,8.0,0.0,0.0,dest_air_cargo_vaccine_storage_unit,7.0,1.0,1.0,False,True,False,False,False,False,True,1,-0.25375310636822507,False
batch004,2020-12-03 22:00:00,Delhi Airport,dest_air_cargo,vaccine_storage_unit,2,8,8,8.0,88.0,807,1,6,27,0,0.0,8.0,0.0,0.0,dest_air_cargo_vaccine_storage_unit,7.0,1.0,1.0,False,True,False,False,False,False,True,1,-0.21071235884672623,False
batch004,2020-12-03 23:00:00,Delhi Airport,dest_air_cargo,vaccine_storage_unit,2,7,7,7.0,88.0,806,1,6,28,0,-1.0,7.666666666666667,0.5773502691896258,-0.666666666666667,dest_air_cargo_vaccine_storage_unit,7.0,0.0,0.0,False,True,False,False,False,False,True,1,-0.2288322686815098,False
batch004,2020-12-04 00:00:00,Delhi Airport,dest_air_cargo,vaccine_storage_unit,2,7,7,7.0,88.5,805,1,6,29,0,0.0,7.333333333333333,0.5773502691896258,-0.33333333333333304,dest_air_cargo_vaccine_storage_unit,7.0,0.0,0.0,False,True,False,False,False,False,True,1,-0.23951264801254818,False
batch004,2020-12-04 01:00:00,Delhi Airport,dest_air_cargo,vaccine_storage_unit,2,6,6,6.0,87.0,804,1,6,30,0,-1.0,6.666666666666667,0.5773502691896258,-0.666666666666667,dest_air_cargo_vaccine_storage_unit,7.0,-1.0,1.0,False,True,False,False,False,False,True,1,-0.20315998806554525,False
batch004,2020-12-04 02:00:00,Delhi Airport,dest_air_cargo,vaccine_storage_unit,2,7,8,7.5,88.5,803,1,6,31,1,2.0,7.0,1.0,1.0,dest_air_cargo_vaccine_storage_unit,7.0,1.0,1.0,False,True,False,False,False,False,True,1,-0.2352639895786422,False
batch004,2020-12-04 03:00:00,Delhi Airport,dest_air_cargo,vaccine_storage_unit,2,7,7,7.0,89.5,802,1,6,32,0,-1.0,7.0,1.0,0.0,dest_air_cargo_vaccine_storage_unit,7.0,0.0,0.0,False,True,False,False,False,False,True,1,-0.21674104193302662,False
batch004,2020-12-04 04:00:00,Delhi Airport,dest_air_cargo,vaccine_storage_unit,2,6,7,6.5,88.5,801,1,6,33,1,0.0,7.333333333333333,0.5773502691896258,-0.33333333333333304,dest_air_cargo_vaccine_storage_unit,7.0,0.0,0.0,False,True,False,False,False,False,True,1,-0.2759761584104825,False
batch004,2020-12-04 05:00:00,Delhi Airport,dest_air_cargo,vaccine_storage_unit,2,7,8,7.5,88.5,800,1,6,34,1,1.0,7.333333333333333,0.5773502691896258,0.666666666666667,dest_air_cargo_vaccine_storage_unit,7.0,1.0,1.0,False,True,False,False,False,False,True,1,-0.2738904887931387,False
batch004,2020-12-04 06:00:00,Delhi Airport,dest_air_cargo,vaccine_storage_unit,2,6,7,6.5,85.5,799,1,6,35,1,-1.0,7.333333333333333,0.5773502691896258,-0.33333333333333304,dest_air_cargo_vaccine_storage_unit,7.0,0.0,0.0,False,True,False,False,False,False,True,1,-0.23782293968701407,False
batch004,2020-12-04 07:00:00,Delhi Airport,dest_air_cargo,vaccine_storage_unit,2,8,8,8.0,86.0,798,1,6,36,0,1.0,7.666666666666667,0.5773502691896258,0.33333333333333304,dest_air_cargo_vaccine_storage_unit,7.0,1.0,1.0,False,True,False,False,False,False,True,1,-0.216053619219583,False
batch004,2020-12-04 08:00:00,Delhi Airport,dest_air_cargo,vaccine_storage_unit,2,7,8,7.5,86.0,797,1,6,37,1,0.0,7.666666666666667,0.5773502691896258,0.33333333333333304,dest_air_cargo_vaccine_storage_unit,7.0,1.0,1.0,False,True,False,False,False,False,True,1,-0.26689038190428577,False
batch004,2020-12-04 09:00:00,Delhi Airport,dest_air_cargo,vaccine_storage_unit,2,6,8,7.0,85.0,796,1,6,38,2,0.0,8.0,0.0,0.0,dest_air_cargo_vaccine_storage_unit,7.0,1.0,1.0,False,True,False,False,False,False,True,1,-0.2106218685679241,False
batch004,2020-12-04 10:00:00,Delhi Airport,dest_air_cargo,vaccine_storage_unit,2,7,8,7.5,88.0,795,1,6,39,1,0.0,8.0,0.0,0.0,dest_air_cargo_vaccine_storage_unit,7.0,1.0,1.0,False,True,False,False,False,False,True,1,-0.2615214022169379,False
batch004,2020-12-04 11:00:00,Delhi Airport,dest_air_cargo,vaccine_storage_unit,2,7,8,7.5,90.0,794,1,6,40,1,0.0,8.0,0.0,0.0,dest_air_cargo_vaccine_storage_unit,7.0,1.0,1.0,False,True,False,False,False,False,True,1,-0.237915919104061,False
batch004,2020-12-04 12:00:00,Delhi Airport,dest_air_cargo,vaccine_storage_unit,2,7,8,7.5,86.5,793,1,6,41,1,0.0,8.0,0.0,0.0,dest_air_cargo_vaccine_storage_unit,7.0,1.0,1.0,False,True,False,False,False,False,True,1,-0.2518265756800203,False
batch004,2020-12-04 13:00:00,Delhi Airport,dest_air_cargo,vaccine_storage_unit,2,6,6,6.0,86.5,792,1,6,42,0,-2.0,7.333333333333333,1.1547005383792515,-1.333333333333333,dest_air_cargo_vaccine_storage_unit,7.0,-1.0,1.0,False,True,False,False,False,False,True,1,-0.1764515588945451,False
batch004,2020-12-04 14:00:00,Delhi Airport,dest_air_cargo,vaccine_storage_unit,2,6,8,7.0,88.5,791,1,6,43,2,2.0,7.333333333333333,1.1547005383792515,0.666666666666667,dest_air_cargo_vaccine_storage_unit,7.0,1.0,1.0,False,True,False,False,False,False,True,1,-0.22708508158069074,False
batch004,2020-12-04 15:00:00,Delhi Airport,dest_air_cargo,vaccine_storage_unit,2,7,7,7.0,88.0,790,1,6,44,0,-1.0,7.0,0.9999999999999998,0.0,dest_air_cargo_vaccine_storage_unit,7.0,0.0,0.0,False,True,False,False,False,False,True,1,-0.2284305458762108,False
batch004,2020-12-04 16:00:00,Delhi Airport,dest_air_cargo,vaccine_storage_unit,2,6,7,6.5,88.0,789,1,6,45,1,0.0,7.333333333333333,0.5773502691896253,-0.33333333333333304,dest_air_cargo_vaccine_storage_unit,7.0,0.0,0.0,False,True,False,False,False,False,True,1,-0.2763781278934109,False
batch004,2020-12-04 17:00:00,Delhi Airport,dest_air_cargo,vaccine_storage_unit,2,6,7,6.5,89.0,788,1,6,46,1,0.0,7.0,0.0,0.0,dest_air_cargo_vaccine_storage_unit,7.0,0.0,0.0,False,True,False,False,False,False,True,1,-0.23767531490769161,False
batch004,2020-12-04 18:00:00,Delhi Airport,dest_air_cargo,vaccine_storage_unit,2,7,8,7.5,87.5,787,1,6,47,1,1.0,7.333333333333333,0.5773502691896258,0.666666666666667,dest_air_cargo_vaccine_storage_unit,7.0,1.0,1.0,False,True,False,False,False,False,True,1,-0.2787400647670066,False
batch004,2020-12-04 19:00:00,Delhi Airport,dest_air_cargo,vaccine_storage_unit,2,6,6,6.0,87.0,786,1,6,48,0,-2.0,7.0,1.0,-1.0,dest_air_cargo_vaccine_storage_unit,7.0,-1.0,1.0,False,True,False,False,False,False,True,1,-0.20926814359987944,False
batch004,2020-12-04 20:00:00,Delhi Airport,dest_air_cargo,vaccine_storage_unit,2,6,6,6.0,88.5,785,1,6,49,0,0.0,6.666666666666667,1.1547005383792517,-0.666666666666667,dest_air_cargo_vaccine_storage_unit,7.0,-1.0,1.0,False,True,False,False,False,False,True,1,-0.1947523464085298,False
batch004,2020-12-04 21:00:00,Delhi Airport,dest_air_cargo,vaccine_storage_unit,2,6,8,7.0,87.5,784,1,6,50,2,2.0,6.666666666666667,1.1547005383792515,1.333333333333333,dest_air_cargo_vaccine_storage_unit,7.0,1.0,1.0,False,True,False,False,False,False,True,1,-0.19492915122903653,False
batch004,2020-12-04 22:00:00,Delhi Airport,dest_air_cargo,vaccine_storage_unit,2,6,8,7.0,87.5,783,1,6,51,2,0.0,7.333333333333333,1.1547005383792515,0.666666666666667,dest_air_cargo_vaccine_storage_unit,7.0,1.0,1.0,False,True,False,False,False,False,True,1,-0.2491048394211567,False
batch004,2020-12-04 23:00:00,Delhi Airport,dest_air_cargo,vaccine_storage_unit,2,6,7,6.5,89.0,782,1,6,52,1,-1.0,7.666666666666667,0.5773502691896258,-0.666666666666667,dest_air_cargo_vaccine_storage_unit,7.0,0.0,0.0,False,True,False,False,False,False,True,1,-0.2568020459685275,False
batch004,2020-12-05 00:00:00,Delhi Airport,dest_air_cargo,vaccine_storage_unit,2,7,8,7.5,89.0,781,1,6,53,1,1.0,7.666666666666667,0.5773502691896258,0.33333333333333304,dest_air_cargo_vaccine_storage_unit,7.0,1.0,1.0,False,True,False,False,False,False,True,1,-0.27018208005113414,False
batch004,2020-12-05 01:00:00,Delhi Airport,dest_air_cargo,vaccine_storage_unit,2,7,8,7.5,90.0,780,1,6,54,1,0.0,7.666666666666667,0.5773502691896258,0.33333333333333304,dest_air_cargo_vaccine_storage_unit,7.0,1.0,1.0,False,True,False,False,False,False,True,1,-0.25885098072149043,False
batch004,2020-12-05 02:00:00,Delhi Airport,dest_air_cargo,vaccine_storage_unit,2,6,8,7.0,87.0,779,1,6,55,2,0.0,8.0,0.0,0.0,dest_air_cargo_vaccine_storage_unit,7.0,1.0,1.0,False,True,False,False,False,False,True,1,-0.2500300584075196,False
batch004,2020-12-05 03:00:00,Delhi Airport,dest_air_cargo,vaccine_storage_unit,2,6,6,6.0,86.5,778,1,6,56,0,-2.0,7.333333333333333,1.1547005383792515,-1.333333333333333,dest_air_cargo_vaccine_storage_unit,7.0,-1.0,1.0,False,True,False,False,False,False,True,1,-0.1764515588945451,False
batch004,2020-12-05 04:00:00,Delhi Airport,dest_air_cargo,vaccine_storage_unit,2,7,7,7.0,88.0,777,1,6,57,0,1.0,7.0,0.9999999999999998,0.0,dest_air_cargo_vaccine_storage_unit,7.0,0.0,0.0,False,True,False,False,False,False,True,1,-0.2156515578656053,False
batch004,2020-12-05 05:00:00,Delhi Airport,dest_air_cargo,vaccine_storage_unit,2,6,8,7.0,88.5,776,1,6,58,2,1.0,7.0,0.9999999999999998,1.0,dest_air_cargo_vaccine_storage_unit,7.0,1.0,1.0,False,True,False,False,False,False,True,1,-0.24250272723070782,False
batch004,2020-12-05 06:00:00,Delhi Airport,dest_air_cargo,vaccine_storage_unit,2,6,7,6.5,86.5,775,1,6,59,1,-1.0,7.333333333333333,0.5773502691896253,-0.33333333333333304,dest_air_cargo_vaccine_storage_unit,7.0,0.0,0.0,False,True,False,False,False,False,True,1,-0.2635153062075311,False
batch004,2020-12-05 07:00:00,Delhi Airport,dest_air_cargo,vaccine_storage_unit,2,6,8,7.0,88.0,774,1,6,60,2,1.0,7.666666666666667,0.5773502691896253,0.33333333333333304,dest_air_cargo_vaccine_storage_unit,7.0,1.0,1.0,False,True,False,False,False,False,True,1,-0.2623957268952627,False
batch004,2020-12-05 08:00:00,Delhi Airport,dest_air_cargo,vaccine_storage_unit,2,8,8,8.0,86.5,773,1,6,61,0,0.0,7.666666666666667,0.5773502691896253,0.33333333333333304,dest_air_cargo_vaccine_storage_unit,7.0,1.0,1.0,False,True,False,False,False,False,True,1,-0.22801420858140026,False
batch004,2020-12-05 09:00:00,Delhi Airport,dest_air_cargo,vaccine_storage_unit,2,6,7,6.5,88.0,772,1,6,62,1,-1.0,7.666666666666667,0.5773502691896258,-0.666666666666667,dest_air_cargo_vaccine_storage_unit,7.0,0.0,0.0,False,True,False,False,False,False,True,1,-0.2642424993548593,False
batch004,2020-12-05 10:00:00,Delhi Airport,dest_air_cargo,vaccine_storage_unit,2,6,7,6.5,88.5,771,1,6,63,1,0.0,7.333333333333333,0.5773502691896258,-0.33333333333333304,dest_air_cargo_vaccine_storage_unit,7.0,0.0,0.0,False,True,False,False,False,False,True,1,-0.2759761584104825,False
batch004,2020-12-05 11:00:00,Delhi Airport,dest_air_cargo,vaccine_storage_unit,2,6,7,6.5,87.0,770,1,6,64,1,0.0,7.0,0.0,0.0,dest_air_cargo_vaccine_storage_unit,7.0,0.0,0.0,False,True,False,False,False,False,True,1,-0.24003519259563805,False
batch004,2020-12-05 12:00:00,Delhi Airport,dest_air_cargo,vaccine_storage_unit,2,6,8,7.0,88.0,769,1,6,65,2,1.0,7.333333333333333,0.5773502691896258,0.666666666666667,dest_air_cargo_vaccine_storage_unit,7.0,1.0,1.0,False,True,False,False,False,False,True,1,-0.25805174247240437,False
batch004,2020-12-05 13:00:00,Delhi Airport,dest_air_cargo,vaccine_storage_unit,2,7,7,7.0,88.5,768,1,6,66,0,-1.0,7.333333333333333,0.5773502691896258,-0.33333333333333304,dest_air_cargo_vaccine_storage_unit,7.0,0.0,0.0,False,True,False,False,False,False,True,1,-0.2423031750625585,False
batch004,2020-12-05 14:00:00,Delhi Airport,dest_air_cargo,vaccine_storage_unit,2,7,7,7.0,86.0,767,1,6,67,0,0.0,7.333333333333333,0.5773502691896258,-0.33333333333333304,dest_air_cargo_vaccine_storage_unit,7.0,0.0,0.0,False,True,False,False,False,False,True,1,-0.2202154235638608,False
batch004,2020-12-05 15:00:00,Delhi Airport,dest_air_cargo,vaccine_storage_unit,2,7,8,7.5,89.0,766,1,6,68,1,1.0,7.333333333333333,0.5773502691896258,0.666666666666667,dest_air_cargo_vaccine_storage_unit,7.0,1.0,1.0,False,True,False,False,False,False,True,1,-0.26831946478602253,False
batch004,2020-12-05 16:00:00,Delhi Airport,dest_air_cargo,vaccine_storage_unit,2,6,8,7.0,88.0,765,1,6,69,2,0.0,7.666666666666667,0.5773502691896258,0.33333333333333304,dest_air_cargo_vaccine_storage_unit,7.0,1.0,1.0,False,True,False,False,False,False,True,1,-0.2663446036135957,False
batch004,2020-12-05 17:00:00,Delhi Airport,dest_air_cargo,vaccine_storage_unit,2,7,7,7.0,88.0,764,1,6,70,0,-1.0,7.666666666666667,0.5773502691896258,-0.666666666666667,dest_air_cargo_vaccine_storage_unit,7.0,0.0,0.0,False,True,False,False,False,False,True,1,-0.2288322686815098,False
batch004,2020-12-05 18:00:00,Delhi Airport,dest_air_cargo,vaccine_storage_unit,2,8,8,8.0,87.0,763,1,6,71,0,1.0,7.666666666666667,0.5773502691896258,0.33333333333333304,dest_air_cargo_vaccine_storage_unit,7.0,1.0,1.0,False,True,False,False,False,False,True,1,-0.22752855607754136,False
batch004,2020-12-05 19:00:00,Delhi Airport,dest_air_cargo,vaccine_storage_unit,2,6,7,6.5,88.0,762,1,6,72,1,-1.0,7.333333333333333,0.5773502691896258,-0.33333333333333304,dest_air_cargo_vaccine_storage_unit,7.0,0.0,0.0,False,True,False,False,False,False,True,1,-0.2750734009220898,False
batch004,2020-12-05 20:00:00,Delhi Airport,dest_air_cargo,vaccine_storage_unit,2,8,8,8.0,87.0,761,1,6,73,0,1.0,7.666666666666667,0.5773502691896258,0.33333333333333304,dest_air_cargo_vaccine_storage_unit,7.0,1.0,1.0,False,True,False,False,False,False,True,1,-0.22752855607754136,False
batch004,2020-12-05 21:00:00,Delhi Airport,dest_air_cargo,vaccine_storage_unit,2,6,7,6.5,88.5,760,1,6,74,1,-1.0,7.333333333333333,0.5773502691896258,-0.33333333333333304,dest_air_cargo_vaccine_storage_unit,7.0,0.0,0.0,False,True,False,False,False,False,True,1,-0.273871688659337,False
batch004,2020-12-05 22:00:00,Delhi Airport,dest_air_cargo,vaccine_storage_unit,2,6,7,6.5,85.5,759,1,6,75,1,0.0,7.333333333333333,0.5773502691896258,-0.33333333333333304,dest_air_cargo_vaccine_storage_unit,7.0,0.0,0.0,False,True,False,False,False,False,True,1,-0.24125245512142052,False
batch004,2020-12-05 23:00:00,Delhi Airport,dest_air_cargo,vaccine_storage_unit,2,7,8,7.5,88.5,758,1,6,76,1,1.0,7.333333333333333,0.5773502691896258,0.666666666666667,dest_air_cargo_vaccine_storage_unit,7.0,1.0,1.0,False,True,False,False,False,False,True,1,-0.2738904887931387,False
batch004,2020-12-06 00:00:00,Delhi Airport,dest_air_cargo,vaccine_storage_unit,2,6,7,6.5,86.0,757,1,6,77,1,-1.0,7.333333333333333,0.5773502691896258,-0.33333333333333304,dest_air_cargo_vaccine_storage_unit,7.0,0.0,0.0,False,True,False,False,False,False,True,1,-0.24842174264538097,False
batch004,2020-12-06 01:00:00,Delhi Airport,dest_air_cargo,vaccine_storage_unit,2,6,7,6.5,87.5,756,1,6,78,1,0.0,7.333333333333333,0.5773502691896258,-0.33333333333333304,dest_air_cargo_vaccine_storage_unit,7.0,0.0,0.0,False,True,False,False,False,False,True,1,-0.27906930328321855,False
batch004,2020-12-06 02:00:00,Delhi Airport,dest_air_cargo,vaccine_storage_unit,2,7,8,7.5,89.5,755,1,6,79,1,1.0,7.333333333333333,0.5773502691896258,0.666666666666667,dest_air_cargo_vaccine_storage_unit,7.0,1.0,1.0,False,True,False,False,False,False,True,1,-0.2621248087550152,False
batch004,2020-12-06 03:00:00,Delhi Airport,dest_air_cargo,vaccine_storage_unit,2,6,8,7.0,86.5,754,1,6,80,2,0.0,7.666666666666667,0.5773502691896258,0.33333333333333304,dest_air_cargo_vaccine_storage_unit,7.0,1.0,1.0,False,True,False,False,False,False,True,1,-0.25388705431617786,False
batch004,2020-12-06 04:00:00,Delhi Airport,dest_air_cargo,vaccine_storage_unit,2,7,8,7.5,89.0,753,1,6,81,1,0.0,8.0,0.0,0.0,dest_air_cargo_vaccine_storage_unit,7.0,1.0,1.0,False,True,False,False,False,False,True,1,-0.25375310636822507,False
batch004,2020-12-06 05:00:00,Delhi Airport,dest_air_cargo,vaccine_storage_unit,2,7,8,7.5,87.5,752,1,6,82,1,0.0,8.0,0.0,0.0,dest_air_cargo_vaccine_storage_unit,7.0,1.0,1.0,False,True,False,False,False,False,True,1,-0.2631398927669523,False
batch004,2020-12-06 06:00:00,Delhi Airport,dest_air_cargo,vaccine_storage_unit,2,6,8,7.0,87.0,751,1,6,83,2,0.0,8.0,0.0,0.0,dest_air_cargo_vaccine_storage_unit,7.0,1.0,1.0,False,True,False,False,False,False,True,1,-0.2500300584075196,False
batch004,2020-12-06 07:00:00,Delhi Airport,dest_air_cargo,vaccine_storage_unit,2,6,6,6.0,89.5,750,1,6,84,0,-2.0,7.333333333333333,1.1547005383792515,-1.333333333333333,dest_air_cargo_vaccine_storage_unit,7.0,-1.0,1.0,False,True,False,False,False,False,True,1,-0.17440171265341886,False
batch004,2020-12-06 08:00:00,Delhi Airport,dest_air_cargo,vaccine_storage_unit,2,6,7,6.5,86.5,749,1,6,85,1,1.0,7.0,0.9999999999999998,0.0,dest_air_cargo_vaccine_storage_unit,7.0,0.0,0.0,False,True,False,False,False,False,True,1,-0.23338012967972083,False
batch004,2020-12-06 09:00:00,Delhi Airport,dest_air_cargo,vaccine_storage_unit,2,6,8,7.0,89.0,748,1,6,86,2,1.0,7.0,0.9999999999999998,1.0,dest_air_cargo_vaccine_storage_unit,7.0,1.0,1.0,False,True,False,False,False,False,True,1,-0.23288446703457777,False
batch004,2020-12-06 10:00:00,Delhi Airport,dest_air_cargo,vaccine_storage_unit,2,7,8,7.5,88.5,747,1,6,87,1,0.0,7.666666666666667,0.5773502691896253,0.33333333333333304,dest_air_cargo_vaccine_storage_unit,7.0,1.0,1.0,False,True,False,False,False,False,True,1,-0.28133719904761595,False
batch004,2020-12-06 11:00:00,Delhi Airport,dest_air_cargo,vaccine_storage_unit,2,6,6,6.0,87.5,746,1,6,88,0,-2.0,7.333333333333333,1.1547005383792515,-1.333333333333333,dest_air_cargo_vaccine_storage_unit,7.0,-1.0,1.0,False,True,False,False,False,False,True,1,-0.18111149509933167,False
batch004,2020-12-06 12:00:00,Delhi Airport,dest_air_cargo,vaccine_storage_unit,2,8,8,8.0,88.5,745,1,6,89,0,2.0,7.333333333333333,1.1547005383792515,0.666666666666667,dest_air_cargo_vaccine_storage_unit,7.0,1.0,1.0,False,True,False,False,False,False,True,1,-0.19454491878369484,False
batch004,2020-12-06 13:00:00,Delhi Airport,dest_air_cargo,vaccine_storage_unit,2,6,8,7.0,88.5,744,1,6,90,2,0.0,7.333333333333333,1.1547005383792515,0.666666666666667,dest_air_cargo_vaccine_storage_unit,7.0,1.0,1.0,False,True,False,False,False,False,True,1,-0.24727539693598172,False
batch004,2020-12-06 14:00:00,Delhi Airport,dest_air_cargo,vaccine_storage_unit,2,7,8,7.5,87.0,743,1,6,91,1,0.0,8.0,0.0,0.0,dest_air_cargo_vaccine_storage_unit,7.0,1.0,1.0,False,True,False,False,False,False,True,1,-0.2571205961844035,False
batch004,2020-12-06 15:00:00,Delhi Airport,dest_air_cargo,vaccine_storage_unit,2,7,7,7.0,87.0,742,1,6,92,0,-1.0,7.666666666666667,0.5773502691896258,-0.666666666666667,dest_air_cargo_vaccine_storage_unit,7.0,0.0,0.0,False,True,False,False,False,False,True,1,-0.2272065543778185,False
batch004,2020-12-06 16:00:00,Delhi Airport,dest_air_cargo,vaccine_storage_unit,2,8,8,8.0,90.0,741,1,6,93,0,1.0,7.666666666666667,0.5773502691896258,0.33333333333333304,dest_air_cargo_vaccine_storage_unit,7.0,1.0,1.0,False,True,False,False,False,False,True,1,-0.20683701722760495,False
batch004,2020-12-06 17:00:00,Delhi Airport,dest_air_cargo,vaccine_storage_unit,2,6,6,6.0,85.0,740,1,6,94,0,-2.0,7.0,1.0,-1.0,dest_air_cargo_vaccine_storage_unit,7.0,-1.0,1.0,False,True,False,False,False,False,True,1,-0.17712250106296523,False
batch004,2020-12-06 18:00:00,Delhi Airport,dest_air_cargo,vaccine_storage_unit,2,6,7,6.5,89.5,739,1,6,95,1,1.0,7.0,1.0,0.0,dest_air_cargo_vaccine_storage_unit,7.0,0.0,0.0,False,True,False,False,False,False,True,1,-0.23299786575264197,False
batch004,2020-12-06 19:00:00,Delhi Airport,dest_air_cargo,vaccine_storage_unit,2,6,7,6.5,89.0,738,1,6,96,1,0.0,6.666666666666667,0.5773502691896258,0.33333333333333304,dest_air_cargo_vaccine_storage_unit,7.0,0.0,0.0,False,True,False,False,False,False,True,1,-0.24566723349063624,False
batch004,2020-12-06 20:00:00,Delhi Airport,dest_air_cargo,vaccine_storage_unit,2,6,8,7.0,87.0,737,1,6,97,2,1.0,7.333333333333333,0.5773502691896258,0.666666666666667,dest_air_cargo_vaccine_storage_unit,7.0,1.0,1.0,False,True,False,False,False,False,True,1,-0.24921243649560093,False
batch004,2020-12-06 21:00:00,Delhi Airport,dest_air_cargo,vaccine_storage_unit,2,7,7,7.0,86.5,736,1,6,98,0,-1.0,7.333333333333333,0.5773502691896258,-0.33333333333333304,dest_air_cargo_vaccine_storage_unit,7.0,0.0,0.0,False,True,False,False,False,False,True,1,-0.23239411140495636,False
batch004,2020-12-06 22:00:00,Delhi Airport,dest_air_cargo,vaccine_storage_unit,2,6,7,6.5,88.5,735,1,6,99,1,0.0,7.333333333333333,0.5773502691896258,-0.33333333333333304,dest_air_cargo_vaccine_storage_unit,7.0,0.0,0.0,False,True,False,False,False,False,True,1,-0.2759761584104825,False
batch004,2020-12-06 23:00:00,Delhi Airport,dest_air_cargo,vaccine_storage_unit,2,7,8,7.5,86.0,734,1,6,100,1,1.0,7.333333333333333,0.5773502691896258,0.666666666666667,dest_air_cargo_vaccine_storage_unit,7.0,1.0,1.0,False,True,False,False,False,False,True,1,-0.2597637530256853,False
batch004,2020-12-07 00:00:00,Delhi Airport,dest_air_cargo,vaccine_storage_unit,2,7,8,7.5,88.5,733,1,6,101,1,0.0,7.666666666666667,0.5773502691896258,0.33333333333333304,dest_air_cargo_vaccine_storage_unit,7.0,1.0,1.0,False,True,False,False,False,False,True,1,-0.28133719904761595,False
batch004,2020-12-07 01:00:00,Delhi Airport,dest_air_cargo,vaccine_storage_unit,2,6,8,7.0,89.5,732,1,6,102,2,0.0,8.0,0.0,0.0,dest_air_cargo_vaccine_storage_unit,7.0,1.0,1.0,False,True,False,False,False,False,True,1,-0.223903553736709,False
batch004,2020-12-07 02:00:00,Delhi Airport,dest_air_cargo,vaccine_storage_unit,2,6,7,6.5,89.0,731,1,6,103,1,-1.0,7.666666666666667,0.5773502691896258,-0.666666666666667,dest_air_cargo_vaccine_storage_unit,7.0,0.0,0.0,False,True,False,False,False,False,True,1,-0.2568020459685275,False
batch004,2020-12-07 03:00:00,Delhi Airport,dest_air_cargo,vaccine_storage_unit,2,6,6,6.0,87.0,730,1,6,104,0,-1.0,7.0,1.0,-1.0,dest_air_cargo_vaccine_storage_unit,7.0,-1.0,1.0,False,True,False,False,False,False,True,1,-0.2161351221605713,False
batch004,2020-12-07 04:00:00,Delhi Airport,dest_air_cargo,vaccine_storage_unit,2,6,8,7.0,90.0,729,1,6,105,2,2.0,7.0,1.0,1.0,dest_air_cargo_vaccine_storage_unit,7.0,1.0,1.0,False,True,False,False,False,False,True,1,-0.20110808876630826,False
batch004,2020-12-07 05:00:00,Delhi Airport,dest_air_cargo,vaccine_storage_unit,2,7,7,7.0,85.5,728,1,6,106,0,-1.0,7.0,1.0,0.0,dest_air_cargo_vaccine_storage_unit,7.0,0.0,0.0,False,True,False,False,False,False,True,1,-0.20041072868935506,False
batch004,2020-12-07 06:00:00,Delhi Airport,dest_air_cargo,vaccine_storage_unit,2,6,7,6.5,88.5,727,1,6,107,1,0.0,7.333333333333333,0.5773502691896258,-0.33333333333333304,dest_air_cargo_vaccine_storage_unit,7.0,0.0,0.0,False,True,False,False,False,False,True,1,-0.2759761584104825,False
batch004,2020-12-07 07:00:00,Delhi Airport,dest_air_cargo,vaccine_storage_unit,2,6,6,6.0,87.0,726,1,6,108,0,-1.0,6.666666666666667,0.5773502691896258,-0.666666666666667,dest_air_cargo_vaccine_storage_unit,7.0,-1.0,1.0,False,True,False,False,False,False,True,1,-0.20315998806554525,False
batch004,2020-12-07 08:00:00,Delhi Airport,dest_air_cargo,vaccine_storage_unit,2,7,8,7.5,89.5,725,1,6,109,1,2.0,7.0,1.0,1.0,dest_air_cargo_vaccine_storage_unit,7.0,1.0,1.0,False,True,False,False,False,False,True,1,-0.22629566609608226,False
batch004,2020-12-07 09:00:00,Delhi Airport,dest_air_cargo,vaccine_storage_unit,2,7,8,7.5,88.0,724,1,6,110,1,0.0,7.333333333333333,1.1547005383792517,0.666666666666667,dest_air_cargo_vaccine_storage_unit,7.0,1.0,1.0,False,True,False,False,False,False,True,1,-0.26156190748850056,False
batch004,2020-12-07 10:00:00,Delhi Airport,dest_air_cargo,vaccine_storage_unit,2,7,7,7.0,89.0,723,1,6,111,0,-1.0,7.666666666666667,0.5773502691896258,-0.666666666666667,dest_air_cargo_vaccine_storage_unit,7.0,0.0,0.0,False,True,False,False,False,False,True,1,-0.23014221974819354,False
batch004,2020-12-07 11:00:00,Delhi Airport,dest_air_cargo,vaccine_storage_unit,2,6,7,6.5,89.5,722,1,6,112,1,0.0,7.333333333333333,0.5773502691896258,-0.33333333333333304,dest_air_cargo_vaccine_storage_unit,7.0,0.0,0.0,False,True,False,False,False,False,True,1,-0.2664005805002103,False
batch004,2020-12-07 12:00:00,Delhi Airport,dest_air_cargo,vaccine_storage_unit,2,6,7,6.5,88.0,721,1,6,113,1,0.0,7.0,0.0,0.0,dest_air_cargo_vaccine_storage_unit,7.0,0.0,0.0,False,True,False,False,False,False,True,1,-0.23999888566830463,False
batch004,2020-12-07 13:00:00,Delhi Airport,dest_air_cargo,vaccine_storage_unit,2,6,8,7.0,88.0,720,1,6,114,2,1.0,7.333333333333333,0.5773502691896258,0.666666666666667,dest_air_cargo_vaccine_storage_unit,7.0,1.0,1.0,False,True,False,False,False,False,True,1,-0.25805174247240437,False
batch005,2021-01-01 01:00:00,"Kalamazoo, Michigan",source_hub,ultra_low_temperature_freezer,2,-71,-70,-70.5,95.0,840,0,0,0,1,0.0,-70.0,0.0,0.0,source_hub_ultra_low_temperature_freezer,-69.0,-1.0,1.0,False,False,False,True,False,True,False,1,-0.3094352017660051,False
batch005,2021-01-01 02:00:00,"Kalamazoo, Michigan",source_hub,ultra_low_temperature_freezer,2,-71,-69,-70.0,95.0,840,0,0,0,2,1.0,-69.5,0.7071067811865476,0.5,source_hub_ultra_low_temperature_freezer,-69.0,0.0,0.0,False,False,False,True,False,True,False,1,-0.3261860710233632,False
batch005,2021-01-01 03:00:00,"Kalamazoo, Michigan",source_hub,ultra_low_temperature_freezer,1,-70,-70,-70.0,95.0,840,0,0,0,0,-1.0,-69.66666666666667,0.5773502691896247,-0.3333333333333286,source_hub_ultra_low_temperature_freezer,-69.0,-1.0,1.0,False,False,False,True,False,True,False,1,-0.3229838430845815,False
batch005,2021-01-01 04:00:00,"Kalamazoo, Michigan",source_hub,ultra_low_temperature_freezer,2,-70,-69,-69.5,95.0,840,0,0,0,1,1.0,-69.33333333333333,0.5773502691896247,0.3333333333333286,source_hub_ultra_low_temperature_freezer,-69.0,0.0,0.0,False,False,False,True,False,True,False,1,-0.3454540093428116,False
batch005,2021-01-01 05:00:00,"Kalamazoo, Michigan",source_hub,ultra_low_temperature_freezer,2,-70,-69,-69.5,95.0,840,0,0,0,1,0.0,-69.33333333333333,0.5773502691896247,0.3333333333333286,source_hub_ultra_low_temperature_freezer,-69.0,0.0,0.0,False,False,False,True,False,True,False,1,-0.3491669960712361,False
batch005,2021-01-01 06:00:00,"Kalamazoo, Michigan",source_hub,ultra_low_temperature_freezer,2,-71,-69,-70.0,95.0,840,0,0,0,2,0.0,-69.0,0.0,0.0,source_hub_ultra_low_temperature_freezer,-69.0,0.0,0.0,False,False,False,True,False,True,False,1,-0.32347017658240806,False
batch005,2021-01-01 07:00:00,"Kalamazoo, Michigan",source_hub,ultra_low_temperature_freezer,2,-71,-69,-70.0,95.0,840,0,0,0,2,0.0,-69.0,0.0,0.0,source_hub_ultra_low_temperature_freezer,-69.0,0.0,0.0,False,False,False,True,False,True,False,1,-0.32347017658240806,False
batch005,2021-01-01 08:00:00,"Kalamazoo, Michigan",source_hub,ultra_low_temperature_freezer,2,-71,-70,-70.5,95.0,840,0,0,0,1,-1.0,-69.33333333333333,0.5773502691896278,-0.6666666666666714,source_hub_ultra_low_temperature_freezer,-69.0,-1.0,1.0,False,False,False,True,False,True,False,1,-0.32729167295734046,False
batch005,2021-01-01 09:00:00,"Kalamazoo, Michigan",source_hub,ultra_low_temperature_freezer,2,-71,-69,-70.0,95.0,840,0,0,0,2,1.0,-69.33333333333333,0.5773502691896278,0.3333333333333286,source_hub_ultra_low_temperature_freezer,-69.0,0.0,0.0,False,False,False,True,False,True,False,1,-0.33732507397149486,False
batch005,2021-01-01 10:00:00,"Kalamazoo, Michigan",source_hub,ultra_low_temperature_freezer,2,-69,-69,-69.0,95.0,840,0,0,0,0,0.0,-69.33333333333333,0.5773502691896278,0.3333333333333286,source_hub_ultra_low_temperature_freezer,-69.0,0.0,0.0,False,False,False,True,False,True,False,1,-0.3203255405191535,False
batch005,2021-01-01 11:00:00,"Shelbyville, Michigan",source_reefer_truck,ultra_low_temperature_freezer,2,-69,-69,-69.0,95.0,840,0,0,0,0,0.0,-69.0,0.0,0.0,source_reefer_truck_ultra_low_temperature_freezer,-69.0,0.0,0.0,False,False,False,False,True,True,False,1,-0.3095030546648811,False
batch005,2021-01-01 12:00:00,"Gerald R Ford International Airport, Michigan",source_air_cargo,ultra_low_temperature_freezer,2,-70,-69,-69.5,95.0,840,0,0,0,1,0.0,-69.0,0.0,0.0,source_air_cargo_ultra_low_temperature_freezer,-69.0,0.0,0.0,False,False,True,False,False,True,False,1,-0.33475665422096784,False
batch005,2021-01-01 13:00:00,"Gerald R Ford International Airport, Michigan",source_air_cargo,ultra_low_temperature_freezer,2,-71,-70,-70.5,95.0,840,0,0,0,1,-1.0,-69.33333333333333,0.5773502691896278,-0.6666666666666714,source_air_cargo_ultra_low_temperature_freezer,-69.0,-1.0,1.0,False,False,True,False,False,True,False,1,-0.32729167295734046,False
batch005,2021-01-01 14:00:00,"Gerald R Ford International Airport, Michigan",source_air_cargo,ultra_low_temperature_freezer,2,-71,-69,-70.0,95.0,840,0,0,0,2,1.0,-69.33333333333333,0.5773502691896278,0.3333333333333286,source_air_cargo_ultra_low_temperature_freezer,-69.0,0.0,0.0,False,False,True,False,False,True,False,1,-0.33732507397149486,False
batch005,2021-01-01 15:00:00,Not Available,air_transit,ultra_low_temperature_freezer,2,-71,-70,-70.5,95.0,840,0,0,0,1,-1.0,-69.66666666666667,0.5773502691896278,-0.3333333333333286,air_transit_ultra_low_temperature_freezer,-69.0,-1.0,1.0,True,False,False,False,False,True,False,1,-0.33196154391316973,False
batch005,2021-01-01 16:00:00,Not Available,air_transit,ultra_low_temperature_freezer,2,-71,-69,-70.0,95.0,840,0,0,0,2,1.0,-69.33333333333333,0.5773502691896278,0.3333333333333286,air_transit_ultra_low_temperature_freezer,-69.0,0.0,0.0,True,False,False,False,False,True,False,1,-0.33732507397149486,False
batch005,2021-01-01 17:00:00,Not Available,air_transit,ultra_low_temperature_freezer,2,-70,-69,-69.5,95.0,840,0,0,0,1,0.0,-69.33333333333333,0.5773502691896278,0.3333333333333286,air_transit_ultra_low_temperature_freezer,-69.0,0.0,0.0,True,False,False,False,False,True,False,1,-0.3491669960712361,False
batch005,2021-01-01 18:00:00,Not Available,air_transit,ultra_low_temperature_freezer,1,-70,-70,-70.0,95.0,840,0,0,0,0,-1.0,-69.33333333333333,0.5773502691896278,-0.6666666666666714,air_transit_ultra_low_temperature_freezer,-69.0,-1.0,1.0,True,False,False,False,False,True,False,1,-0.3120144503403306,False
batch005,2021-01-01 19:00:00,Not Available,air_transit,ultra_low_temperature_freezer,2,-71,-70,-70.5,95.0,840,0,0,0,1,0.0,-69.66666666666667,0.5773502691896278,-0.3333333333333286,air_transit_ultra_low_temperature_freezer,-69.0,-1.0,1.0,True,False,False,False,False,True,False,1,-0.33525916918763676,False
batch005,2021-01-01 20:00:00,Not Available,air_transit,ultra_low_temperature_freezer,2,-71,-70,-70.5,95.0,840,0,0,0,1,0.0,-70.0,0.0,0.0,air_transit_ultra_low_temperature_freezer,-69.0,-1.0,1.0,True,False,False,False,False,True,False,1,-0.3094352017660051,False
batch005,2021-01-01 21:00:00,Not Available,air_transit,ultra_low_temperature_freezer,2,-70,-69,-69.5,95.0,840,0,0,0,1,1.0,-69.66666666666667,0.5773502691896278,0.6666666666666714,air_transit_ultra_low_temperature_freezer,-69.0,0.0,0.0,True,False,False,False,False,True,False,1,-0.3377481467080661,False
batch005,2021-01-01 22:00:00,Not Available,air_transit,ultra_low_temperature_freezer,1,-71,-71,-71.0,95.0,840,0,0,0,0,-2.0,-70.0,1.0000000000000018,-1.0,air_transit_ultra_low_temperature_freezer,-69.0,-2.0,2.0,True,False,False,False,False,True,False,1,-0.26414626126403745,False
batch005,2021-01-01 23:00:00,Not Available,air_transit,ultra_low_temperature_freezer,2,-69,-69,-69.0,95.0,840,0,0,0,0,2.0,-69.66666666666667,1.1547005383792541,0.6666666666666714,air_transit_ultra_low_temperature_freezer,-69.0,0.0,0.0,True,False,False,False,False,True,False,1,-0.2833759563273076,False
batch005,2021-01-02 00:00:00,Not Available,air_transit,ultra_low_temperature_freezer,2,-70,-70,-70.0,95.0,840,0,0,0,0,-1.0,-70.0,1.0000000000000018,0.0,air_transit_ultra_low_temperature_freezer,-69.0,-1.0,1.0,True,False,False,False,False,True,False,1,-0.3082804721418137,False
batch005,2021-01-02 01:00:00,Not Available,air_transit,ultra_low_temperature_freezer,2,-71,-69,-70.0,95.0,840,0,0,0,2,1.0,-69.33333333333333,0.5773502691896278,0.3333333333333286,air_transit_ultra_low_temperature_freezer,-69.0,0.0,0.0,True,False,False,False,False,True,False,1,-0.33732507397149486,False
batch005,2021-01-02 02:00:00,Not Available,air_transit,ultra_low_temperature_freezer,2,-71,-71,-71.0,95.0,840,0,0,0,0,-2.0,-70.0,1.0000000000000018,-1.0,air_transit_ultra_low_temperature_freezer,-69.0,-2.0,2.0,True,False,False,False,False,True,False,1,-0.26414626126403745,False
batch005,2021-01-02 03:00:00,Not Available,air_transit,ultra_low_temperature_freezer,2,-71,-70,-70.5,95.0,840,0,0,0,1,1.0,-70.0,1.0000000000000018,0.0,air_transit_ultra_low_temperature_freezer,-69.0,-1.0,1.0,True,False,False,False,False,True,False,1,-0.31083262513079096,False
batch005,2021-01-02 04:00:00,Not Available,air_transit,ultra_low_temperature_freezer,2,-70,-69,-69.5,95.0,840,0,0,0,1,1.0,-70.0,1.0000000000000018,1.0,air_transit_ultra_low_temperature_freezer,-69.0,0.0,0.0,True,False,False,False,False,True,False,1,-0.31410759089393764,False
batch005,2021-01-02 05:00:00,Not Available,air_transit,ultra_low_temperature_freezer,2,-70,-69,-69.5,95.0,840,0,0,0,1,0.0,-69.33333333333333,0.5773502691896278,0.3333333333333286,air_transit_ultra_low_temperature_freezer,-69.0,0.0,0.0,True,False,False,False,False,True,False,1,-0.3491669960712361,False
batch005,2021-01-02 06:00:00,Not Available,air_transit,ultra_low_temperature_freezer,2,-71,-69,-70.0,95.0,840,0,0,0,2,0.0,-69.0,0.0,0.0,air_transit_ultra_low_temperature_freezer,-69.0,0.0,0.0,True,False,False,False,False,True,False,1,-0.32347017658240806,False
batch005,2021-01-02 07:00:00,Not Available,air_transit,ultra_low_temperature_freezer,2,-71,-70,-70.5,95.0,840,0,0,0,1,-1.0,-69.33333333333333,0.5773502691896278,-0.6666666666666714,air_transit_ultra_low_temperature_freezer,-69.0,-1.0,1.0,True,False,False,False,False,True,False,1,-0.32729167295734046,False
batch005,2021-01-02 08:00:00,Not Available,air_transit,ultra_low_temperature_freezer,2,-69,-69,-69.0,95.0,840,0,0,0,0,1.0,-69.33333333333333,0.5773502691896278,0.3333333333333286,air_transit_ultra_low_temperature_freezer,-69.0,0.0,0.0,True,False,False,False,False,True,False,1,-0.31771943875511394,False
batch005,2021-01-02 09:00:00,Not Available,air_transit,ultra_low_temperature_freezer,2,-70,-70,-70.0,95.0,840,0,0,0,0,-1.0,-69.66666666666667,0.5773502691896278,-0.3333333333333286,air_transit_ultra_low_temperature_freezer,-69.0,-1.0,1.0,True,False,False,False,False,True,False,1,-0.3229838430845815,False
batch005,2021-01-02 10:00:00,Not Available,air_transit,ultra_low_temperature_freezer,2,-71,-70,-70.5,95.0,840,0,0,0,1,0.0,-69.66666666666667,0.5773502691896278,-0.3333333333333286,air_transit_ultra_low_temperature_freezer,-69.0,-1.0,1.0,True,False,False,False,False,True,False,1,-0.33525916918763676,False
batch005,2021-01-02 11:00:00,Not Available,air_transit,ultra_low_temperature_freezer,2,-71,-69,-70.0,95.0,840,0,0,0,2,1.0,-69.66666666666667,0.5773502691896278,0.6666666666666714,air_transit_ultra_low_temperature_freezer,-69.0,0.0,0.0,True,False,False,False,False,True,False,1,-0.32792824345500965,False
batch005,2021-01-02 12:00:00,Delhi Airport,dest_air_cargo,ultra_low_temperature_freezer,2,-68,-65,-66.5,95.0,840,0,0,0,3,4.0,-68.0,2.645751311064591,3.0,dest_air_cargo_ultra_low_temperature_freezer,-67.0,2.0,2.0,False,True,False,False,False,True,False,1,-0.12397031676827885,False
batch005,2021-01-02 13:00:00,Delhi Airport,dest_air_cargo,ultra_low_temperature_freezer,2,-70,-66,-68.0,95.0,840,0,0,0,4,-1.0,-66.66666666666667,2.081665999466134,0.6666666666666714,dest_air_cargo_ultra_low_temperature_freezer,-67.0,1.0,1.0,False,True,False,False,False,True,False,1,-0.15940206438785154,False
batch005,2021-01-02 14:00:00,Delhi Airport,dest_air_cargo,ultra_low_temperature_freezer,2,-69,-65,-67.0,95.0,840,0,0,0,4,1.0,-65.33333333333333,0.577350269189637,0.3333333333333286,dest_air_cargo_ultra_low_temperature_freezer,-67.0,2.0,2.0,False,True,False,False,False,True,False,1,-0.1496951862080269,False
batch005,2021-01-02 15:00:00,Delhi Airport,dest_air_cargo,ultra_low_temperature_freezer,2,-68,-65,-66.5,95.0,840,0,0,0,3,0.0,-65.33333333333333,0.577350269189637,0.3333333333333286,dest_air_cargo_ultra_low_temperature_freezer,-67.0,2.0,2.0,False,True,False,False,False,True,False,1,-0.176181215552615,False
batch005,2021-01-02 16:00:00,Delhi Airport,dest_air_cargo,ultra_low_temperature_freezer,2,-70,-68,-69.0,95.0,840,0,0,0,2,-3.0,-66.0,1.7320508075688772,-2.0,dest_air_cargo_ultra_low_temperature_freezer,-67.0,-1.0,1.0,False,True,False,False,False,True,False,1,-0.16934673955837842,False
batch005,2021-01-02 17:00:00,Delhi Airport,dest_air_cargo,ultra_low_temperature_freezer,2,-68,-67,-67.5,95.0,840,0,0,0,1,1.0,-66.66666666666667,1.5275252316519463,-0.3333333333333286,dest_air_cargo_ultra_low_temperature_freezer,-67.0,0.0,0.0,False,True,False,False,False,True,False,1,-0.2301399358637805,False
batch005,2021-01-02 18:00:00,Delhi Airport,dest_air_cargo,vaccine_storage_unit,2,-63,-61,-62.0,93.5,839,1,0,0,2,6.0,-65.33333333333333,3.7859388972001793,4.333333333333329,dest_air_cargo_vaccine_storage_unit,7.0,-68.0,68.0,False,True,False,False,False,False,True,1,-0.026401743689253188,False
batch006,2021-02-01 01:00:00,"Kalamazoo, Michigan",source_hub,ultra_low_temperature_freezer,2,-71,-70,-70.5,95.0,840,0,0,0,1,0.0,-70.0,0.0,0.0,source_hub_ultra_low_temperature_freezer,-69.0,-1.0,1.0,False,False,False,True,False,True,False,1,-0.3094352017660051,False
batch006,2021-02-01 02:00:00,"Kalamazoo, Michigan",source_hub,ultra_low_temperature_freezer,2,-71,-70,-70.5,95.0,840,0,0,0,1,0.0,-70.0,0.0,0.0,source_hub_ultra_low_temperature_freezer,-69.0,-1.0,1.0,False,False,False,True,False,True,False,1,-0.3094352017660051,False
batch006,2021-02-01 03:00:00,"Kalamazoo, Michigan",source_hub,ultra_low_temperature_freezer,1,-70,-70,-70.0,95.0,840,0,0,0,0,0.0,-70.0,0.0,0.0,source_hub_ultra_low_temperature_freezer,-69.0,-1.0,1.0,False,False,False,True,False,True,False,1,-0.3034958186116679,False
batch006,2021-02-01 04:00:00,"Kalamazoo, Michigan",source_hub,ultra_low_temperature_freezer,2,-70,-69,-69.5,95.0,840,0,0,0,1,1.0,-69.66666666666667,0.5773502691896278,0.6666666666666714,source_hub_ultra_low_temperature_freezer,-69.0,0.0,0.0,False,False,False,True,False,True,False,1,-0.3377481467080661,False
batch006,2021-02-01 05:00:00,"Kalamazoo, Michigan",source_hub,ultra_low_temperature_freezer,2,-71,-69,-70.0,95.0,840,0,0,0,2,0.0,-69.33333333333333,0.5773502691896278,0.3333333333333286,source_hub_ultra_low_temperature_freezer,-69.0,0.0,0.0,False,False,False,True,False,True,False,1,-0.3377777300659409,False
batch006,2021-02-01 06:00:00,"Kalamazoo, Michigan",source_hub,ultra_low_temperature_freezer,1,-71,-71,-71.0,95.0,840,0,0,0,0,-2.0,-69.66666666666667,1.1547005383792495,-1.3333333333333286,source_hub_ultra_low_temperature_freezer,-69.0,-2.0,2.0,False,False,False,True,False,True,False,1,-0.25084047606746596,False
batch006,2021-02-01 07:00:00,"Kalamazoo, Michigan",source_hub,ultra_low_temperature_freezer,2,-70,-69,-69.5,95.0,840,0,0,0,1,2.0,-69.66666666666667,1.1547005383792495,0.6666666666666714,source_hub_ultra_low_temperature_freezer,-69.0,0.0,0.0,False,False,False,True,False,True,False,1,-0.3159314373617168,False
batch006,2021-02-01 08:00:00,"Kalamazoo, Michigan",source_hub,ultra_low_temperature_freezer,2,-71,-69,-70.0,95.0,840,0,0,0,2,0.0,-69.66666666666667,1.1547005383792495,0.6666666666666714,source_hub_ultra_low_temperature_freezer,-69.0,0.0,0.0,False,False,False,True,False,True,False,1,-0.3188164613276948,False
batch006,2021-02-01 09:00:00,"Kalamazoo, Michigan",source_hub,ultra_low_temperature_freezer,2,-71,-70,-70.5,95.0,840,0,0,0,1,-1.0,-69.33333333333333,0.5773502691896278,-0.6666666666666714,source_hub_ultra_low_temperature_freezer,-69.0,-1.0,1.0,False,False,False,True,False,True,False,1,-0.32729167295734046,False
batch006,2021-02-01 10:00:00,"Kalamazoo, Michigan",source_hub,ultra_low_temperature_freezer,2,-71,-69,-70.0,95.0,840,0,0,0,2,1.0,-69.33333333333333,0.5773502691896278,0.3333333333333286,source_hub_ultra_low_temperature_freezer,-69.0,0.0,0.0,False,False,False,True,False,True,False,1,-0.33732507397149486,False
batch006,2021-02-01 11:00:00,"Shelbyville, Michigan",source_reefer_truck,ultra_low_temperature_freezer,2,-70,-69,-69.5,95.0,840,0,0,0,1,0.0,-69.33333333333333,0.5773502691896278,0.3333333333333286,source_reefer_truck_ultra_low_temperature_freezer,-69.0,0.0,0.0,False,False,False,False,True,True,False,1,-0.3491669960712361,False
batch006,2021-02-01 12:00:00,"Gerald R Ford International Airport, Michigan",source_air_cargo,ultra_low_temperature_freezer,2,-70,-69,-69.5,95.0,840,0,0,0,1,0.0,-69.0,0.0,0.0,source_air_cargo_ultra_low_temperature_freezer,-69.0,0.0,0.0,False,False,True,False,False,True,False,1,-0.33475665422096784,False
batch006,2021-02-01 13:00:00,"Gerald R Ford International Airport, Michigan",source_air_cargo,ultra_low_temperature_freezer,2,-70,-69,-69.5,95.0,840,0,0,0,1,0.0,-69.0,0.0,0.0,source_air_cargo_ultra_low_temperature_freezer,-69.0,0.0,0.0,False,False,True,False,False,True,False,1,-0.33475665422096784,False
batch006,2021-02-01 14:00:00,"Gerald R Ford International Airport, Michigan",source_air_cargo,ultra_low_temperature_freezer,2,-69,-69,-69.0,95.0,840,0,0,0,0,0.0,-69.0,0.0,0.0,source_air_cargo_ultra_low_temperature_freezer,-69.0,0.0,0.0,False,False,True,False,False,True,False,1,-0.3095030546648811,False
batch006,2021-02-01 15:00:00,Not Available,air_transit,ultra_low_temperature_freezer,2,-71,-70,-70.5,95.0,840,0,0,0,1,-1.0,-69.33333333333333,0.5773502691896278,-0.6666666666666714,air_transit_ultra_low_temperature_freezer,-69.0,-1.0,1.0,True,False,False,False,False,True,False,1,-0.32729167295734046,False
batch006,2021-02-01 16:00:00,Not Available,air_transit,ultra_low_temperature_freezer,2,-70,-69,-69.5,95.0,840,0,0,0,1,1.0,-69.33333333333333,0.5773502691896278,0.3333333333333286,air_transit_ultra_low_temperature_freezer,-69.0,0.0,0.0,True,False,False,False,False,True,False,1,-0.3454540093428116,False
batch006,2021-02-01 17:00:00,Not Available,air_transit,ultra_low_temperature_freezer,1,-69,-69,-69.0,95.0,840,0,0,0,0,0.0,-69.33333333333333,0.5773502691896278,0.3333333333333286,air_transit_ultra_low_temperature_freezer,-69.0,0.0,0.0,True,False,False,False,False,True,False,1,-0.3203255405191535,False
batch006,2021-02-01 18:00:00,Not Available,air_transit,ultra_low_temperature_freezer,2,-71,-69,-70.0,95.0,840,0,0,0,2,0.0,-69.0,0.0,0.0,air_transit_ultra_low_temperature_freezer,-69.0,0.0,0.0,True,False,False,False,False,True,False,1,-0.32347017658240806,False
batch006,2021-02-01 19:00:00,Not Available,air_transit,ultra_low_temperature_freezer,2,-71,-69,-70.0,95.0,840,0,0,0,2,0.0,-69.0,0.0,0.0,air_transit_ultra_low_temperature_freezer,-69.0,0.0,0.0,True,False,False,False,False,True,False,1,-0.32347017658240806,False
batch006,2021-02-01 20:00:00,Not Available,air_transit,ultra_low_temperature_freezer,2,-71,-70,-70.5,95.0,840,0,0,0,1,-1.0,-69.33333333333333,0.5773502691896278,-0.6666666666666714,air_transit_ultra_low_temperature_freezer,-69.0,-1.0,1.0,True,False,False,False,False,True,False,1,-0.32729167295734046,False
batch006,2021-02-01 21:00:00,Not Available,air_transit,ultra_low_temperature_freezer,2,-69,-69,-69.0,95.0,840,0,0,0,0,1.0,-69.33333333333333,0.5773502691896278,0.3333333333333286,air_transit_ultra_low_temperature_freezer,-69.0,0.0,0.0,True,False,False,False,False,True,False,1,-0.31771943875511394,False
batch006,2021-02-01 22:00:00,Not Available,air_transit,ultra_low_temperature_freezer,2,-70,-69,-69.5,95.0,840,0,0,0,1,0.0,-69.33333333333333,0.5773502691896278,0.3333333333333286,air_transit_ultra_low_temperature_freezer,-69.0,0.0,0.0,True,False,False,False,False,True,False,1,-0.3491669960712361,False
batch006,2021-02-01 23:00:00,Not Available,air_transit,ultra_low_temperature_freezer,2,-71,-69,-70.0,95.0,840,0,0,0,2,0.0,-69.0,0.0,0.0,air_transit_ultra_low_temperature_freezer,-69.0,0.0,0.0,True,False,False,False,False,True,False,1,-0.32347017658240806,False
batch006,2021-02-02 00:00:00,Not Available,air_transit,ultra_low_temperature_freezer,1,-69,-69,-69.0,95.0,840,0,0,0,0,0.0,-69.0,0.0,0.0,air_transit_ultra_low_temperature_freezer,-69.0,0.0,0.0,True,False,False,False,False,True,False,1,-0.3095030546648811,False
batch006,2021-02-02 01:00:00,Not Available,air_transit,ultra_low_temperature_freezer,1,-71,-71,-71.0,95.0,840,0,0,0,0,-2.0,-69.66666666666667,1.1547005383792495,-1.3333333333333286,air_transit_ultra_low_temperature_freezer,-69.0,-2.0,2.0,True,False,False,False,False,True,False,1,-0.25084047606746596,False
batch006,2021-02-02 02:00:00,Not Available,air_transit,ultra_low_temperature_freezer,2,-71,-69,-70.0,95.0,840,0,0,0,2,2.0,-69.66666666666667,1.1547005383792495,0.6666666666666714,air_transit_ultra_low_temperature_freezer,-69.0,0.0,0.0,True,False,False,False,False,True,False,1,-0.3055378030308116,False
batch006,2021-02-02 03:00:00,Not Available,air_transit,ultra_low_temperature_freezer,2,-71,-69,-70.0,95.0,840,0,0,0,2,0.0,-69.66666666666667,1.1547005383792495,0.6666666666666714,air_transit_ultra_low_temperature_freezer,-69.0,0.0,0.0,True,False,False,False,False,True,False,1,-0.3188164613276948,False
batch006,2021-02-02 04:00:00,Not Available,air_transit,ultra_low_temperature_freezer,1,-71,-71,-71.0,95.0,840,0,0,0,0,-2.0,-69.66666666666667,1.1547005383792495,-1.3333333333333286,air_transit_ultra_low_temperature_freezer,-69.0,-2.0,2.0,True,False,False,False,False,True,False,1,-0.25084047606746596,False
batch006,2021-02-02 05:00:00,Not Available,air_transit,ultra_low_temperature_freezer,2,-71,-69,-70.0,95.0,840,0,0,0,2,2.0,-69.66666666666667,1.1547005383792495,0.6666666666666714,air_transit_ultra_low_temperature_freezer,-69.0,0.0,0.0,True,False,False,False,False,True,False,1,-0.3055378030308116,False
batch006,2021-02-02 06:00:00,Not Available,air_transit,ultra_low_temperature_freezer,2,-71,-70,-70.5,95.0,840,0,0,0,1,-1.0,-70.0,0.9999999999999964,0.0,air_transit_ultra_low_temperature_freezer,-69.0,-1.0,1.0,True,False,False,False,False,True,False,1,-0.311232224187819,False
batch006,2021-02-02 07:00:00,Not Available,air_transit,ultra_low_temperature_freezer,2,-71,-69,-70.0,95.0,840,0,0,0,2,1.0,-69.33333333333333,0.5773502691896186,0.3333333333333286,air_transit_ultra_low_temperature_freezer,-69.0,0.0,0.0,True,False,False,False,False,True,False,1,-0.33732507397149486,False
batch006,2021-02-02 08:00:00,Delhi Airport,dest_air_cargo,ultra_low_temperature_freezer,1,-70,-70,-70.0,95.0,840,0,0,0,0,-1.0,-69.66666666666667,0.5773502691896186,-0.3333333333333286,dest_air_cargo_ultra_low_temperature_freezer,-67.0,-3.0,3.0,False,True,False,False,False,True,False,1,-0.2281126934130091,False
batch006,2021-02-02 09:00:00,Delhi Airport,dest_air_cargo,ultra_low_temperature_freezer,2,-70,-69,-69.5,95.0,840,0,0,0,1,1.0,-69.33333333333333,0.5773502691896186,0.3333333333333286,dest_air_cargo_ultra_low_temperature_freezer,-67.0,-2.0,2.0,False,True,False,False,False,True,False,1,-0.29648158364466365,False
batch006,2021-02-02 10:00:00,Delhi Airport,dest_air_cargo,ultra_low_temperature_freezer,2,-70,-70,-70.0,95.0,840,0,0,0,0,-1.0,-69.66666666666667,0.5773502691896186,-0.3333333333333286,dest_air_cargo_ultra_low_temperature_freezer,-67.0,-3.0,3.0,False,True,False,False,False,True,False,1,-0.2281126934130091,False
batch006,2021-02-02 11:00:00,Delhi Airport,dest_air_cargo,ultra_low_temperature_freezer,2,-71,-70,-70.5,95.0,840,0,0,0,1,0.0,-69.66666666666667,0.5773502691896186,-0.3333333333333286,dest_air_cargo_ultra_low_temperature_freezer,-67.0,-3.0,3.0,False,True,False,False,False,True,False,1,-0.24374620198151853,False
batch006,2021-02-02 12:00:00,Delhi Airport,dest_air_cargo,ultra_low_temperature_freezer,2,-69,-69,-69.0,95.0,840,0,0,0,0,1.0,-69.66666666666667,0.5773502691896278,0.6666666666666714,dest_air_cargo_ultra_low_temperature_freezer,-67.0,-2.0,2.0,False,True,False,False,False,True,False,1,-0.2678717929281296,False
batch006,2021-02-02 13:00:00,Delhi Airport,dest_air_cargo,ultra_low_temperature_freezer,2,-70,-69,-69.5,95.0,840,0,0,0,1,0.0,-69.33333333333333,0.5773502691896278,0.3333333333333286,dest_air_cargo_ultra_low_temperature_freezer,-67.0,-2.0,2.0,False,True,False,False,False,True,False,1,-0.3007539070908085,False
batch006,2021-02-02 14:00:00,Delhi Airport,dest_air_cargo,vaccine_storage_unit,2,-65,-64,-64.5,91.5,839,1,0,0,1,5.0,-67.33333333333333,2.886751345948127,3.3333333333333286,dest_air_cargo_vaccine_storage_unit,7.0,-71.0,71.0,False,True,False,False,False,False,True,1,-0.019271692391506057,False
batch007,2021-03-01 01:00:00,"Kalamazoo, Michigan",source_hub,ultra_low_temperature_freezer,2,-71,-71,-71.0,95.0,840,0,0,0,0,0.0,-71.0,0.0,0.0,source_hub_ultra_low_temperature_freezer,-69.0,-2.0,2.0,False,False,False,True,False,True,False,1,-0.2108952170182064,False
batch007,2021-03-01 02:00:00,"Kalamazoo, Michigan",source_hub,ultra_low_temperature_freezer,2,-71,-71,-71.0,95.0,840,0,0,0,0,0.0,-71.0,0.0,0.0,source_hub_ultra_low_temperature_freezer,-69.0,-2.0,2.0,False,False,False,True,False,True,False,1,-0.2108952170182064,False
batch007,2021-03-01 03:00:00,"Kalamazoo, Michigan",source_hub,ultra_low_temperature_freezer,2,-71,-69,-70.0,95.0,840,0,0,0,2,2.0,-70.33333333333333,1.1547005383792495,1.3333333333333286,source_hub_ultra_low_temperature_freezer,-69.0,0.0,0.0,False,False,False,True,False,True,False,1,-0.26626052284899304,False
batch007,2021-03-01 04:00:00,"Kalamazoo, Michigan",source_hub,ultra_low_temperature_freezer,2,-71,-70,-70.5,95.0,840,0,0,0,1,-1.0,-70.0,0.9999999999999964,0.0,source_hub_ultra_low_temperature_freezer,-69.0,-1.0,1.0,False,False,False,True,False,True,False,1,-0.311232224187819,False
batch007,2021-03-01 05:00:00,"Kalamazoo, Michigan",source_hub,ultra_low_temperature_freezer,2,-71,-70,-70.5,95.0,840,0,0,0,1,0.0,-69.66666666666667,0.5773502691896186,-0.3333333333333286,source_hub_ultra_low_temperature_freezer,-69.0,-1.0,1.0,False,False,False,True,False,True,False,1,-0.33525916918763676,False
batch007,2021-03-01 06:00:00,"Kalamazoo, Michigan",source_hub,ultra_low_temperature_freezer,2,-71,-69,-70.0,95.0,840,0,0,0,2,1.0,-69.66666666666667,0.5773502691896278,0.6666666666666714,source_hub_ultra_low_temperature_freezer,-69.0,0.0,0.0,False,False,False,True,False,True,False,1,-0.32792824345500965,False
batch007,2021-03-01 07:00:00,"Kalamazoo, Michigan",source_hub,ultra_low_temperature_freezer,2,-70,-70,-70.0,95.0,840,0,0,0,0,-1.0,-69.66666666666667,0.5773502691896278,-0.3333333333333286,source_hub_ultra_low_temperature_freezer,-69.0,-1.0,1.0,False,False,False,True,False,True,False,1,-0.3229838430845815,False
batch007,2021-03-01 08:00:00,"Kalamazoo, Michigan",source_hub,ultra_low_temperature_freezer,2,-70,-69,-69.5,95.0,840,0,0,0,1,1.0,-69.33333333333333,0.5773502691896278,0.3333333333333286,source_hub_ultra_low_temperature_freezer,-69.0,0.0,0.0,False,False,False,True,False,True,False,1,-0.3454540093428116,False
batch007,2021-03-01 09:00:00,"Kalamazoo, Michigan",source_hub,ultra_low_temperature_freezer,2,-71,-70,-70.5,95.0,840,0,0,0,1,-1.0,-69.66666666666667,0.5773502691896278,-0.3333333333333286,source_hub_ultra_low_temperature_freezer,-69.0,-1.0,1.0,False,False,False,True,False,True,False,1,-0.33196154391316973,False
batch007,2021-03-01 10:00:00,"Kalamazoo, Michigan",source_hub,ultra_low_temperature_freezer,2,-70,-70,-70.0,95.0,840,0,0,0,0,0.0,-69.66666666666667,0.5773502691896278,-0.3333333333333286,source_hub_ultra_low_temperature_freezer,-69.0,-1.0,1.0,False,False,False,True,False,True,False,1,-0.3252878340073377,False
batch007,2021-03-01 11:00:00,"Shelbyville, Michigan",source_reefer_truck,ultra_low_temperature_freezer,2,-70,-69,-69.5,95.0,840,0,0,0,1,1.0,-69.66666666666667,0.5773502691896278,0.6666666666666714,source_reefer_truck_ultra_low_temperature_freezer,-69.0,0.0,0.0,False,False,False,False,True,True,False,1,-0.3377481467080661,False
batch007,2021-03-01 12:00:00,"Gerald R Ford International Airport, Michigan",source_air_cargo,ultra_low_temperature_freezer,2,-70,-69,-69.5,95.0,840,0,0,0,1,0.0,-69.33333333333333,0.5773502691896278,0.3333333333333286,source_air_cargo_ultra_low_temperature_freezer,-69.0,0.0,0.0,False,False,True,False,False,True,False,1,-0.3491669960712361,False
batch007,2021-03-01 13:00:00,"Gerald R Ford International Airport, Michigan",source_air_cargo,ultra_low_temperature_freezer,2,-71,-70,-70.5,95.0,840,0,0,0,1,-1.0,-69.33333333333333,0.5773502691896278,-0.6666666666666714,source_air_cargo_ultra_low_temperature_freezer,-69.0,-1.0,1.0,False,False,True,False,False,True,False,1,-0.32729167295734046,False
batch007,2021-03-01 14:00:00,"Gerald R Ford International Airport, Michigan",source_air_cargo,ultra_low_temperature_freezer,2,-71,-69,-70.0,95.0,840,0,0,0,2,1.0,-69.33333333333333,0.5773502691896278,0.3333333333333286,source_air_cargo_ultra_low_temperature_freezer,-69.0,0.0,0.0,False,False,True,False,False,True,False,1,-0.33732507397149486,False
batch007,2021-03-01 15:00:00,Not Available,air_transit,ultra_low_temperature_freezer,2,-70,-69,-69.5,95.0,840,0,0,0,1,0.0,-69.33333333333333,0.5773502691896278,0.3333333333333286,air_transit_ultra_low_temperature_freezer,-69.0,0.0,0.0,True,False,False,False,False,True,False,1,-0.3491669960712361,False
batch007,2021-03-01 16:00:00,Not Available,air_transit,ultra_low_temperature_freezer,2,-69,-69,-69.0,95.0,840,0,0,0,0,0.0,-69.0,0.0,0.0,air_transit_ultra_low_temperature_freezer,-69.0,0.0,0.0,True,False,False,False,False,True,False,1,-0.3095030546648811,False
batch007,2021-03-01 17:00:00,Not Available,air_transit,ultra_low_temperature_freezer,2,-70,-70,-70.0,95.0,840,0,0,0,0,-1.0,-69.33333333333333,0.5773502691896278,-0.6666666666666714,air_transit_ultra_low_temperature_freezer,-69.0,-1.0,1.0,True,False,False,False,False,True,False,1,-0.3120144503403306,False
batch007,2021-03-01 18:00:00,Not Available,air_transit,ultra_low_temperature_freezer,2,-71,-70,-70.5,95.0,840,0,0,0,1,0.0,-69.66666666666667,0.5773502691896278,-0.3333333333333286,air_transit_ultra_low_temperature_freezer,-69.0,-1.0,1.0,True,False,False,False,False,True,False,1,-0.33525916918763676,False
batch007,2021-03-01 19:00:00,Not Available,air_transit,ultra_low_temperature_freezer,2,-71,-70,-70.5,95.0,840,0,0,0,1,0.0,-70.0,0.0,0.0,air_transit_ultra_low_temperature_freezer,-69.0,-1.0,1.0,True,False,False,False,False,True,False,1,-0.3094352017660051,False
batch007,2021-03-01 20:00:00,Not Available,air_transit,ultra_low_temperature_freezer,2,-71,-69,-70.0,95.0,840,0,0,0,2,1.0,-69.66666666666667,0.5773502691896278,0.6666666666666714,air_transit_ultra_low_temperature_freezer,-69.0,0.0,0.0,True,False,False,False,False,True,False,1,-0.32792824345500965,False
batch007,2021-03-01 21:00:00,Not Available,air_transit,ultra_low_temperature_freezer,2,-71,-70,-70.5,95.0,840,0,0,0,1,-1.0,-69.66666666666667,0.5773502691896278,-0.3333333333333286,air_transit_ultra_low_temperature_freezer,-69.0,-1.0,1.0,True,False,False,False,False,True,False,1,-0.33196154391316973,False
batch007,2021-03-01 22:00:00,Not Available,air_transit,ultra_low_temperature_freezer,2,-71,-69,-70.0,95.0,840,0,0,0,2,1.0,-69.33333333333333,0.5773502691896278,0.3333333333333286,air_transit_ultra_low_temperature_freezer,-69.0,0.0,0.0,True,False,False,False,False,True,False,1,-0.33732507397149486,False
batch007,2021-03-01 23:00:00,Not Available,air_transit,ultra_low_temperature_freezer,2,-71,-69,-70.0,95.0,840,0,0,0,2,0.0,-69.33333333333333,0.5773502691896278,0.3333333333333286,air_transit_ultra_low_temperature_freezer,-69.0,0.0,0.0,True,False,False,False,False,True,False,1,-0.3377777300659409,False
batch007,2021-03-02 00:00:00,Not Available,air_transit,ultra_low_temperature_freezer,2,-70,-69,-69.5,95.0,840,0,0,0,1,0.0,-69.0,0.0,0.0,air_transit_ultra_low_temperature_freezer,-69.0,0.0,0.0,True,False,False,False,False,True,False,1,-0.33475665422096784,False
batch007,2021-03-02 01:00:00,Not Available,air_transit,ultra_low_temperature_freezer,2,-71,-70,-70.5,95.0,840,0,0,0,1,-1.0,-69.33333333333333,0.5773502691896278,-0.6666666666666714,air_transit_ultra_low_temperature_freezer,-69.0,-1.0,1.0,True,False,False,False,False,True,False,1,-0.32729167295734046,False
batch007,2021-03-02 02:00:00,Not Available,air_transit,ultra_low_temperature_freezer,2,-69,-69,-69.0,95.0,840,0,0,0,0,1.0,-69.33333333333333,0.5773502691896278,0.3333333333333286,air_transit_ultra_low_temperature_freezer,-69.0,0.0,0.0,True,False,False,False,False,True,False,1,-0.31771943875511394,False
batch007,2021-03-02 03:00:00,Not Available,air_transit,ultra_low_temperature_freezer,1,-69,-69,-69.0,95.0,840,0,0,0,0,0.0,-69.33333333333333,0.5773502691896278,0.3333333333333286,air_transit_ultra_low_temperature_freezer,-69.0,0.0,0.0,True,False,False,False,False,True,False,1,-0.3203255405191535,False
batch007,2021-03-02 04:00:00,Not Available,air_transit,ultra_low_temperature_freezer,2,-71,-70,-70.5,95.0,840,0,0,0,1,-1.0,-69.33333333333333,0.5773502691896278,-0.6666666666666714,air_transit_ultra_low_temperature_freezer,-69.0,-1.0,1.0,True,False,False,False,False,True,False,1,-0.32729167295734046,False
batch007,2021-03-02 05:00:00,Not Available,air_transit,ultra_low_temperature_freezer,2,-71,-71,-71.0,95.0,840,0,0,0,0,-1.0,-70.0,1.0000000000000018,-1.0,air_transit_ultra_low_temperature_freezer,-69.0,-2.0,2.0,True,False,False,False,False,True,False,1,-0.2729805616741406,False
batch007,2021-03-02 06:00:00,Not Available,air_transit,ultra_low_temperature_freezer,2,-70,-69,-69.5,95.0,840,0,0,0,1,2.0,-70.0,1.0000000000000018,1.0,air_transit_ultra_low_temperature_freezer,-69.0,0.0,0.0,True,False,False,False,False,True,False,1,-0.29710981485308285,False
batch007,2021-03-02 07:00:00,Not Available,air_transit,ultra_low_temperature_freezer,1,-66,-66,-66.0,95.0,840,0,0,0,0,3.0,-68.66666666666667,2.516611478423586,2.6666666666666714,air_transit_ultra_low_temperature_freezer,-69.0,3.0,3.0,True,False,False,False,False,True,False,1,-0.12266567942181583,False
batch007,2021-03-02 08:00:00,Not Available,air_transit,ultra_low_temperature_freezer,2,-70,-69,-69.5,95.0,840,0,0,0,1,-3.0,-68.0,1.7320508075688834,-1.0,air_transit_ultra_low_temperature_freezer,-69.0,0.0,0.0,True,False,False,False,False,True,False,1,-0.23892465684153102,False
batch007,2021-03-02 09:00:00,Not Available,air_transit,ultra_low_temperature_freezer,2,-35,-34,-34.5,92.0,840,0,1,0,1,35.0,-56.333333333333336,19.39931270260195,22.333333333333336,air_transit_ultra_low_temperature_freezer,-69.0,35.0,35.0,True,False,False,False,False,True,False,-1,0.052628640171730856,True
batch007,2021-03-02 10:00:00,Not Available,air_transit,ultra_low_temperature_freezer,2,-60,-58,-59.0,93.5,840,0,2,0,2,-24.0,-53.666666666666664,17.8978583448784,-4.333333333333336,air_transit_ultra_low_temperature_freezer,-69.0,11.0,11.0,True,False,False,False,False,True,False,1,-0.025314715472083527,False
batch007,2021-03-02 11:00:00,Not Available,air_transit,ultra_low_temperature_freezer,2,-40,-40,-40.0,91.5,840,0,3,0,0,18.0,-44.0,12.489995996796797,4.0,air_transit_ultra_low_temperature_freezer,-69.0,29.0,29.0,True,False,False,False,False,True,False,-1,0.037642891084629815,True
batch007,2021-03-02 12:00:00,Delhi Airport,dest_air_cargo,vaccine_storage_unit,2,-37,-36,-36.5,93.0,839,0,4,0,1,4.0,-44.666666666666664,11.71893055416463,8.666666666666664,dest_air_cargo_vaccine_storage_unit,7.0,-43.0,43.0,False,True,False,False,False,False,True,-1,0.00037654631303241093,True
batch007,2021-03-02 13:00:00,Delhi Airport,dest_air_cargo,vaccine_storage_unit,2,-33,-30,-31.5,93.0,838,0,5,0,3,6.0,-35.333333333333336,5.033222956847164,5.333333333333336,dest_air_cargo_vaccine_storage_unit,7.0,-37.0,37.0,False,True,False,False,False,False,True,1,-0.0033889168172914763,False
batch007,2021-03-02 14:00:00,Delhi Airport,dest_air_cargo,vaccine_storage_unit,2,-24,-18,-21.0,93.5,837,0,6,0,6,12.0,-28.0,9.165151389911678,10.0,dest_air_cargo_vaccine_storage_unit,7.0,-25.0,25.0,False,True,False,False,False,False,True,-1,0.03119694222896019,True
batch007,2021-03-02 15:00:00,Delhi Airport,dest_air_cargo,vaccine_storage_unit,2,-6,-4,-5.0,92.0,836,0,7,0,2,14.0,-17.333333333333332,13.012814197295421,13.333333333333332,dest_air_cargo_vaccine_storage_unit,7.0,-11.0,11.0,False,True,False,False,False,False,True,-1,0.02908908127208143,True
batch007,2021-03-02 16:00:00,Delhi Airport,dest_air_cargo,vaccine_storage_unit,2,2,3,2.5,91.5,835,0,7,1,1,7.0,-6.333333333333333,10.692676621563622,9.333333333333332,dest_air_cargo_vaccine_storage_unit,7.0,-4.0,4.0,False,True,False,False,False,False,True,-1,0.00734811313807604,True
batch007,2021-03-02 17:00:00,Delhi Airport,dest_air_cargo,vaccine_storage_unit,2,3,4,3.5,92.5,834,0,7,2,1,1.0,1.0,4.358898943540663,3.0,dest_air_cargo_vaccine_storage_unit,7.0,-3.0,3.0,False,True,False,False,False,False,True,1,-0.043905945639422295,False
batch007,2021-03-02 18:00:00,Delhi Airport,dest_air_cargo,vaccine_storage_unit,2,6,6,6.0,86.5,833,0,7,3,0,2.0,4.333333333333333,1.5275252316519141,1.666666666666667,dest_air_cargo_vaccine_storage_unit,7.0,-1.0,1.0,False,True,False,False,False,False,True,1,-0.14160405973182455,False
batch007,2021-03-02 19:00:00,Delhi Airport,dest_air_cargo,vaccine_storage_unit,2,7,8,7.5,87.0,832,0,7,4,1,2.0,6.0,1.9999999999999736,2.0,dest_air_cargo_vaccine_storage_unit,7.0,1.0,1.0,False,True,False,False,False,False,True,1,-0.16702687217449552,False
batch007,2021-03-02 20:00:00,Delhi Airport,dest_air_cargo,vaccine_storage_unit,2,7,8,7.5,86.5,831,0,7,5,1,0.0,7.333333333333333,1.1547005383792037,0.666666666666667,dest_air_cargo_vaccine_storage_unit,7.0,1.0,1.0,False,True,False,False,False,False,True,1,-0.25568557552812793,False
batch007,2021-03-02 21:00:00,Delhi Airport,dest_air_cargo,vaccine_storage_unit,2,6,8,7.0,86.5,830,0,7,6,2,0.0,8.0,0.0,0.0,dest_air_cargo_vaccine_storage_unit,7.0,1.0,1.0,False,True,False,False,False,False,True,1,-0.24266456585191898,False
batch007,2021-03-02 22:00:00,Delhi Airport,dest_air_cargo,vaccine_storage_unit,2,6,8,7.0,88.5,829,0,7,7,2,0.0,8.0,0.0,0.0,dest_air_cargo_vaccine_storage_unit,7.0,1.0,1.0,False,True,False,False,False,False,True,1,-0.24561216144354664,False
batch007,2021-03-02 23:00:00,Delhi Airport,dest_air_cargo,vaccine_storage_unit,2,7,7,7.0,88.5,828,0,7,8,0,-1.0,7.666666666666667,0.5773502691896258,-0.666666666666667,dest_air_cargo_vaccine_storage_unit,7.0,0.0,0.0,False,True,False,False,False,False,True,1,-0.22848771218554736,False
batch007,2021-03-03 00:00:00,Delhi Airport,dest_air_cargo,vaccine_storage_unit,2,7,8,7.5,86.5,827,0,7,9,1,1.0,7.666666666666667,0.5773502691896258,0.33333333333333304,dest_air_cargo_vaccine_storage_unit,7.0,1.0,1.0,False,True,False,False,False,False,True,1,-0.2709999905312177,False
batch007,2021-03-03 01:00:00,Delhi Airport,dest_air_cargo,vaccine_storage_unit,2,6,7,6.5,87.5,826,0,7,10,1,-1.0,7.333333333333333,0.5773502691896258,-0.33333333333333304,dest_air_cargo_vaccine_storage_unit,7.0,0.0,0.0,False,True,False,False,False,False,True,1,-0.276903213591272,False
batch007,2021-03-03 02:00:00,Delhi Airport,dest_air_cargo,vaccine_storage_unit,2,8,8,8.0,85.5,825,0,7,11,0,1.0,7.666666666666667,0.5773502691896258,0.33333333333333304,dest_air_cargo_vaccine_storage_unit,7.0,1.0,1.0,False,True,False,False,False,False,True,1,-0.20625147611155192,False
batch007,2021-03-03 03:00:00,Delhi Airport,dest_air_cargo,vaccine_storage_unit,2,6,8,7.0,88.0,824,0,7,12,2,0.0,7.666666666666667,0.5773502691896258,0.33333333333333304,dest_air_cargo_vaccine_storage_unit,7.0,1.0,1.0,False,True,False,False,False,False,True,1,-0.2663446036135957,False
batch007,2021-03-03 04:00:00,Delhi Airport,dest_air_cargo,vaccine_storage_unit,2,8,8,8.0,87.0,823,0,7,13,0,0.0,8.0,0.0,0.0,dest_air_cargo_vaccine_storage_unit,7.0,1.0,1.0,False,True,False,False,False,False,True,1,-0.208069749361657,False
batch007,2021-03-03 05:00:00,Delhi Airport,dest_air_cargo,vaccine_storage_unit,2,6,6,6.0,88.5,822,0,7,14,0,-2.0,7.333333333333333,1.1547005383792515,-1.333333333333333,dest_air_cargo_vaccine_storage_unit,7.0,-1.0,1.0,False,True,False,False,False,False,True,1,-0.17944604621922278,False
batch007,2021-03-03 06:00:00,Delhi Airport,dest_air_cargo,vaccine_storage_unit,2,7,7,7.0,89.5,821,0,7,15,0,1.0,7.0,0.9999999999999998,0.0,dest_air_cargo_vaccine_storage_unit,7.0,0.0,0.0,False,True,False,False,False,False,True,1,-0.20414688587780228,False
batch007,2021-03-03 07:00:00,Delhi Airport,dest_air_cargo,vaccine_storage_unit,2,7,8,7.5,88.0,820,0,7,16,1,1.0,7.0,0.9999999999999998,1.0,dest_air_cargo_vaccine_storage_unit,7.0,1.0,1.0,False,True,False,False,False,False,True,1,-0.2551814841902283,False
batch007,2021-03-03 08:00:00,Delhi Airport,dest_air_cargo,vaccine_storage_unit,2,6,7,6.5,87.5,819,0,7,17,1,-1.0,7.333333333333333,0.5773502691896253,-0.33333333333333304,dest_air_cargo_vaccine_storage_unit,7.0,0.0,0.0,False,True,False,False,False,False,True,1,-0.276903213591272,False
batch007,2021-03-03 09:00:00,Delhi Airport,dest_air_cargo,vaccine_storage_unit,2,6,7,6.5,88.0,818,0,7,18,1,0.0,7.333333333333333,0.5773502691896253,-0.33333333333333304,dest_air_cargo_vaccine_storage_unit,7.0,0.0,0.0,False,True,False,False,False,False,True,1,-0.2763781278934109,False
batch007,2021-03-03 10:00:00,Delhi Airport,dest_air_cargo,vaccine_storage_unit,2,6,8,7.0,89.0,817,0,7,19,2,1.0,7.333333333333333,0.5773502691896258,0.666666666666667,dest_air_cargo_vaccine_storage_unit,7.0,1.0,1.0,False,True,False,False,False,False,True,1,-0.24658361001811968,False
batch007,2021-03-03 11:00:00,Delhi Airport,dest_air_cargo,vaccine_storage_unit,2,7,7,7.0,90.0,816,0,7,20,0,-1.0,7.333333333333333,0.5773502691896258,-0.33333333333333304,dest_air_cargo_vaccine_storage_unit,7.0,0.0,0.0,False,True,False,False,False,False,True,1,-0.23092774498256552,False
batch007,2021-03-03 12:00:00,Delhi Airport,dest_air_cargo,vaccine_storage_unit,2,6,7,6.5,88.0,815,0,7,21,1,0.0,7.333333333333333,0.5773502691896258,-0.33333333333333304,dest_air_cargo_vaccine_storage_unit,7.0,0.0,0.0,False,True,False,False,False,False,True,1,-0.2763781278934109,False
batch007,2021-03-03 13:00:00,Delhi Airport,dest_air_cargo,vaccine_storage_unit,2,7,8,7.5,88.0,814,0,7,22,1,1.0,7.333333333333333,0.5773502691896258,0.666666666666667,dest_air_cargo_vaccine_storage_unit,7.0,1.0,1.0,False,True,False,False,False,False,True,1,-0.2769565427226875,False
batch007,2021-03-03 14:00:00,Delhi Airport,dest_air_cargo,vaccine_storage_unit,2,6,8,7.0,87.0,813,0,7,23,2,0.0,7.666666666666667,0.5773502691896258,0.33333333333333304,dest_air_cargo_vaccine_storage_unit,7.0,1.0,1.0,False,True,False,False,False,False,True,1,-0.262143039807196,False
batch007,2021-03-03 15:00:00,Delhi Airport,dest_air_cargo,vaccine_storage_unit,2,7,7,7.0,87.0,812,0,7,24,0,-1.0,7.666666666666667,0.5773502691896258,-0.666666666666667,dest_air_cargo_vaccine_storage_unit,7.0,0.0,0.0,False,True,False,False,False,False,True,1,-0.2272065543778185,False
batch007,2021-03-03 16:00:00,Delhi Airport,dest_air_cargo,vaccine_storage_unit,2,6,6,6.0,90.0,811,0,7,25,0,-1.0,7.0,1.0,-1.0,dest_air_cargo_vaccine_storage_unit,7.0,-1.0,1.0,False,True,False,False,False,False,True,1,-0.19365768083217916,False
batch007,2021-03-03 17:00:00,Delhi Airport,dest_air_cargo,vaccine_storage_unit,2,8,8,8.0,88.0,810,0,7,26,0,2.0,7.0,1.0,1.0,dest_air_cargo_vaccine_storage_unit,7.0,1.0,1.0,False,True,False,False,False,False,True,1,-0.193128281523547,False
batch007,2021-03-03 18:00:00,Delhi Airport,dest_air_cargo,vaccine_storage_unit,2,6,8,7.0,87.5,809,0,7,27,2,0.0,7.333333333333333,1.1547005383792517,0.666666666666667,dest_air_cargo_vaccine_storage_unit,7.0,1.0,1.0,False,True,False,False,False,False,True,1,-0.2491048394211567,False
batch007,2021-03-03 19:00:00,Delhi Airport,dest_air_cargo,vaccine_storage_unit,2,6,8,7.0,87.5,808,0,7,28,2,0.0,8.0,0.0,0.0,dest_air_cargo_vaccine_storage_unit,7.0,1.0,1.0,False,True,False,False,False,False,True,1,-0.25084593023862484,False
batch007,2021-03-03 20:00:00,Delhi Airport,dest_air_cargo,vaccine_storage_unit,2,6,8,7.0,87.5,807,0,7,29,2,0.0,8.0,0.0,0.0,dest_air_cargo_vaccine_storage_unit,7.0,1.0,1.0,False,True,False,False,False,False,True,1,-0.25084593023862484,False
batch007,2021-03-03 21:00:00,Delhi Airport,dest_air_cargo,vaccine_storage_unit,2,6,7,6.5,86.0,806,0,7,30,1,-1.0,7.666666666666667,0.5773502691896258,-0.666666666666667,dest_air_cargo_vaccine_storage_unit,7.0,0.0,0.0,False,True,False,False,False,False,True,1,-0.23734668060339553,False
batch007,2021-03-03 22:00:00,Delhi Airport,dest_air_cargo,vaccine_storage_unit,2,6,6,6.0,89.0,805,0,7,31,0,-1.0,7.0,1.0,-1.0,dest_air_cargo_vaccine_storage_unit,7.0,-1.0,1.0,False,True,False,False,False,False,True,1,-0.21007857313418543,False
batch007,2021-03-03 23:00:00,Delhi Airport,dest_air_cargo,vaccine_storage_unit,2,8,8,8.0,86.5,804,0,7,32,0,2.0,7.0,1.0,1.0,dest_air_cargo_vaccine_storage_unit,7.0,1.0,1.0,False,True,False,False,False,False,True,1,-0.18755213215057176,False
batch007,2021-03-04 00:00:00,Delhi Airport,dest_air_cargo,vaccine_storage_unit,2,6,7,6.5,88.5,803,0,7,33,1,-1.0,7.0,1.0,0.0,dest_air_cargo_vaccine_storage_unit,7.0,0.0,0.0,False,True,False,False,False,False,True,1,-0.25244569775007436,False
batch007,2021-03-04 01:00:00,Delhi Airport,dest_air_cargo,vaccine_storage_unit,2,7,8,7.5,85.5,802,0,7,34,1,1.0,7.666666666666667,0.5773502691896258,0.33333333333333304,dest_air_cargo_vaccine_storage_unit,7.0,1.0,1.0,False,True,False,False,False,False,True,1,-0.2521095966296616,False
batch007,2021-03-04 02:00:00,Delhi Airport,dest_air_cargo,vaccine_storage_unit,2,7,8,7.5,86.0,801,0,7,35,1,0.0,7.666666666666667,0.5773502691896258,0.33333333333333304,dest_air_cargo_vaccine_storage_unit,7.0,1.0,1.0,False,True,False,False,False,False,True,1,-0.26689038190428577,False
batch007,2021-03-04 03:00:00,Delhi Airport,dest_air_cargo,vaccine_storage_unit,2,8,8,8.0,87.0,800,0,7,36,0,0.0,8.0,0.0,0.0,dest_air_cargo_vaccine_storage_unit,7.0,1.0,1.0,False,True,False,False,False,False,True,1,-0.208069749361657,False
batch007,2021-03-04 04:00:00,Delhi Airport,dest_air_cargo,vaccine_storage_unit,2,7,8,7.5,88.5,799,0,7,37,1,0.0,8.0,0.0,0.0,dest_air_cargo_vaccine_storage_unit,7.0,1.0,1.0,False,True,False,False,False,False,True,1,-0.25847485931780556,False
batch007,2021-03-04 05:00:00,Delhi Airport,dest_air_cargo,vaccine_storage_unit,2,7,8,7.5,86.0,798,0,7,38,1,0.0,8.0,0.0,0.0,dest_air_cargo_vaccine_storage_unit,7.0,1.0,1.0,False,True,False,False,False,False,True,1,-0.24005499407753106,False
batch007,2021-03-04 06:00:00,Delhi Airport,dest_air_cargo,vaccine_storage_unit,2,7,8,7.5,88.0,797,0,7,39,1,0.0,8.0,0.0,0.0,dest_air_cargo_vaccine_storage_unit,7.0,1.0,1.0,False,True,False,False,False,False,True,1,-0.2615214022169379,False
batch007,2021-03-04 07:00:00,Delhi Airport,dest_air_cargo,vaccine_storage_unit,2,6,8,7.0,87.5,796,0,7,40,2,0.0,8.0,0.0,0.0,dest_air_cargo_vaccine_storage_unit,7.0,1.0,1.0,False,True,False,False,False,False,True,1,-0.25084593023862484,False
batch007,2021-03-04 08:00:00,Delhi Airport,dest_air_cargo,vaccine_storage_unit,2,7,8,7.5,87.5,795,0,7,41,1,0.0,8.0,0.0,0.0,dest_air_cargo_vaccine_storage_unit,7.0,1.0,1.0,False,True,False,False,False,False,True,1,-0.2631398927669523,False
batch007,2021-03-04 09:00:00,Delhi Airport,dest_air_cargo,vaccine_storage_unit,2,7,7,7.0,88.0,794,0,7,42,0,-1.0,7.666666666666667,0.5773502691896258,-0.666666666666667,dest_air_cargo_vaccine_storage_unit,7.0,0.0,0.0,False,True,False,False,False,False,True,1,-0.2288322686815098,False
batch007,2021-03-04 10:00:00,Delhi Airport,dest_air_cargo,vaccine_storage_unit,2,6,6,6.0,85.0,793,0,7,43,0,-1.0,7.0,1.0,-1.0,dest_air_cargo_vaccine_storage_unit,7.0,-1.0,1.0,False,True,False,False,False,False,True,1,-0.18643443058539244,False
batch007,2021-03-04 11:00:00,Delhi Airport,dest_air_cargo,vaccine_storage_unit,2,6,8,7.0,88.5,792,0,7,44,2,2.0,7.0,1.0,1.0,dest_air_cargo_vaccine_storage_unit,7.0,1.0,1.0,False,True,False,False,False,False,True,1,-0.22212787343661677,False
batch007,2021-03-04 12:00:00,Delhi Airport,dest_air_cargo,vaccine_storage_unit,2,6,8,7.0,88.0,791,0,7,45,2,0.0,7.333333333333333,1.1547005383792517,0.666666666666667,dest_air_cargo_vaccine_storage_unit,7.0,1.0,1.0,False,True,False,False,False,False,True,1,-0.24902994596460554,False
batch007,2021-03-04 13:00:00,Delhi Airport,dest_air_cargo,vaccine_storage_unit,2,8,8,8.0,87.5,790,0,7,46,0,0.0,8.0,0.0,0.0,dest_air_cargo_vaccine_storage_unit,7.0,1.0,1.0,False,True,False,False,False,False,True,1,-0.21424833722650966,False
batch007,2021-03-04 14:00:00,Delhi Airport,dest_air_cargo,vaccine_storage_unit,2,6,6,6.0,86.0,789,0,7,47,0,-2.0,7.333333333333333,1.1547005383792515,-1.333333333333333,dest_air_cargo_vaccine_storage_unit,7.0,-1.0,1.0,False,True,False,False,False,False,True,1,-0.1649462951836056,False
batch007,2021-03-04 15:00:00,Delhi Airport,dest_air_cargo,vaccine_storage_unit,2,6,8,7.0,89.5,788,0,7,48,2,2.0,7.333333333333333,1.1547005383792515,0.666666666666667,dest_air_cargo_vaccine_storage_unit,7.0,1.0,1.0,False,True,False,False,False,False,True,1,-0.21190787524633092,False
batch007,2021-03-04 16:00:00,Delhi Airport,dest_air_cargo,vaccine_storage_unit,2,7,8,7.5,88.5,787,0,7,49,1,0.0,7.333333333333333,1.1547005383792515,0.666666666666667,dest_air_cargo_vaccine_storage_unit,7.0,1.0,1.0,False,True,False,False,False,False,True,1,-0.2598585749241016,False
batch007,2021-03-04 17:00:00,Delhi Airport,dest_air_cargo,vaccine_storage_unit,2,6,6,6.0,86.5,786,0,7,50,0,-2.0,7.333333333333333,1.1547005383792515,-1.333333333333333,dest_air_cargo_vaccine_storage_unit,7.0,-1.0,1.0,False,True,False,False,False,False,True,1,-0.1764515588945451,False
batch007,2021-03-04 18:00:00,Delhi Airport,dest_air_cargo,vaccine_storage_unit,2,7,8,7.5,86.0,785,0,7,51,1,2.0,7.333333333333333,1.1547005383792515,0.666666666666667,dest_air_cargo_vaccine_storage_unit,7.0,1.0,1.0,False,True,False,False,False,False,True,1,-0.22868692389191309,False
batch007,2021-03-04 19:00:00,Delhi Airport,dest_air_cargo,vaccine_storage_unit,2,7,8,7.5,85.0,784,0,7,52,1,0.0,7.333333333333333,1.1547005383792515,0.666666666666667,dest_air_cargo_vaccine_storage_unit,7.0,1.0,1.0,False,True,False,False,False,False,True,1,-0.2227082643304053,False
batch007,2021-03-04 20:00:00,Delhi Airport,dest_air_cargo,vaccine_storage_unit,2,6,7,6.5,87.5,783,0,7,53,1,-1.0,7.666666666666667,0.5773502691896258,-0.666666666666667,dest_air_cargo_vaccine_storage_unit,7.0,0.0,0.0,False,True,False,False,False,False,True,1,-0.2672252724612164,False
batch007,2021-03-04 21:00:00,Delhi Airport,dest_air_cargo,vaccine_storage_unit,2,6,7,6.5,87.0,782,0,7,54,1,0.0,7.333333333333333,0.5773502691896258,-0.33333333333333304,dest_air_cargo_vaccine_storage_unit,7.0,0.0,0.0,False,True,False,False,False,False,True,1,-0.27492866016510475,False
batch007,2021-03-04 22:00:00,Delhi Airport,dest_air_cargo,vaccine_storage_unit,2,6,7,6.5,87.5,781,0,7,55,1,0.0,7.0,0.0,0.0,dest_air_cargo_vaccine_storage_unit,7.0,0.0,0.0,False,True,False,False,False,False,True,1,-0.242523499371413,False
batch007,2021-03-04 23:00:00,Delhi Airport,dest_air_cargo,vaccine_storage_unit,2,7,7,7.0,87.0,780,0,7,56,0,0.0,7.0,0.0,0.0,dest_air_cargo_vaccine_storage_unit,7.0,0.0,0.0,False,True,False,False,False,False,True,1,-0.2179308186232624,False
batch007,2021-03-05 00:00:00,Delhi Airport,dest_air_cargo,vaccine_storage_unit,2,6,6,6.0,88.0,779,0,7,57,0,-1.0,6.666666666666667,0.5773502691896258,-0.666666666666667,dest_air_cargo_vaccine_storage_unit,7.0,-1.0,1.0,False,True,False,False,False,False,True,1,-0.20010736736343704,False
batch007,2021-03-05 01:00:00,Delhi Airport,dest_air_cargo,vaccine_storage_unit,2,6,8,7.0,86.5,778,0,7,58,2,2.0,7.0,1.0,1.0,dest_air_cargo_vaccine_storage_unit,7.0,1.0,1.0,False,True,False,False,False,False,True,1,-0.20809724074901637,False
batch007,2021-03-05 02:00:00,Delhi Airport,dest_air_cargo,vaccine_storage_unit,2,6,7,6.5,86.0,777,0,7,59,1,-1.0,7.0,1.0,0.0,dest_air_cargo_vaccine_storage_unit,7.0,0.0,0.0,False,True,False,False,False,False,True,1,-0.22616474596474961,False
batch007,2021-03-05 03:00:00,Delhi Airport,dest_air_cargo,vaccine_storage_unit,2,6,8,7.0,87.5,776,0,7,60,2,1.0,7.666666666666667,0.5773502691896258,0.33333333333333304,dest_air_cargo_vaccine_storage_unit,7.0,1.0,1.0,False,True,False,False,False,False,True,1,-0.26262865805643854,False
batch007,2021-03-05 04:00:00,Delhi Airport,dest_air_cargo,vaccine_storage_unit,2,8,8,8.0,88.0,775,0,7,61,0,0.0,7.666666666666667,0.5773502691896258,0.33333333333333304,dest_air_cargo_vaccine_storage_unit,7.0,1.0,1.0,False,True,False,False,False,False,True,1,-0.23264361724728427,False
batch007,2021-03-05 05:00:00,Delhi Airport,dest_air_cargo,vaccine_storage_unit,2,6,8,7.0,89.5,774,0,7,62,2,0.0,8.0,0.0,0.0,dest_air_cargo_vaccine_storage_unit,7.0,1.0,1.0,False,True,False,False,False,False,True,1,-0.223903553736709,False
batch007,2021-03-05 06:00:00,Delhi Airport,dest_air_cargo,vaccine_storage_unit,2,6,8,7.0,88.5,773,0,7,63,2,0.0,8.0,0.0,0.0,dest_air_cargo_vaccine_storage_unit,7.0,1.0,1.0,False,True,False,False,False,False,True,1,-0.24561216144354664,False
batch007,2021-03-05 07:00:00,Delhi Airport,dest_air_cargo,vaccine_storage_unit,2,7,8,7.5,87.0,772,0,7,64,1,0.0,8.0,0.0,0.0,dest_air_cargo_vaccine_storage_unit,7.0,1.0,1.0,False,True,False,False,False,False,True,1,-0.2571205961844035,False
batch007,2021-03-05 08:00:00,Delhi Airport,dest_air_cargo,vaccine_storage_unit,2,7,8,7.5,89.0,771,0,7,65,1,0.0,8.0,0.0,0.0,dest_air_cargo_vaccine_storage_unit,7.0,1.0,1.0,False,True,False,False,False,False,True,1,-0.25375310636822507,False
batch007,2021-03-05 09:00:00,Delhi Airport,dest_air_cargo,vaccine_storage_unit,2,6,7,6.5,90.0,770,0,7,66,1,-1.0,7.666666666666667,0.5773502691896258,-0.666666666666667,dest_air_cargo_vaccine_storage_unit,7.0,0.0,0.0,False,True,False,False,False,False,True,1,-0.24207696946421137,False
batch007,2021-03-05 10:00:00,Delhi Airport,dest_air_cargo,vaccine_storage_unit,2,6,7,6.5,87.5,769,0,7,67,1,0.0,7.333333333333333,0.5773502691896258,-0.33333333333333304,dest_air_cargo_vaccine_storage_unit,7.0,0.0,0.0,False,True,False,False,False,False,True,1,-0.27906930328321855,False
batch007,2021-03-05 11:00:00,Delhi Airport,dest_air_cargo,vaccine_storage_unit,2,7,8,7.5,87.5,768,0,7,68,1,1.0,7.333333333333333,0.5773502691896258,0.666666666666667,dest_air_cargo_vaccine_storage_unit,7.0,1.0,1.0,False,True,False,False,False,False,True,1,-0.2787400647670066,False
batch007,2021-03-05 12:00:00,Delhi Airport,dest_air_cargo,vaccine_storage_unit,2,7,8,7.5,88.5,767,0,7,69,1,0.0,7.666666666666667,0.5773502691896258,0.33333333333333304,dest_air_cargo_vaccine_storage_unit,7.0,1.0,1.0,False,True,False,False,False,False,True,1,-0.28133719904761595,False
batch007,2021-03-05 13:00:00,Delhi Airport,dest_air_cargo,vaccine_storage_unit,2,8,8,8.0,88.5,766,0,7,70,0,0.0,8.0,0.0,0.0,dest_air_cargo_vaccine_storage_unit,7.0,1.0,1.0,False,True,False,False,False,False,True,1,-0.20703715699872915,False
batch007,2021-03-05 14:00:00,Delhi Airport,dest_air_cargo,vaccine_storage_unit,2,6,8,7.0,86.5,765,0,7,71,2,0.0,8.0,0.0,0.0,dest_air_cargo_vaccine_storage_unit,7.0,1.0,1.0,False,True,False,False,False,False,True,1,-0.24266456585191898,False
batch007,2021-03-05 15:00:00,Delhi Airport,dest_air_cargo,vaccine_storage_unit,2,7,8,7.5,87.5,764,0,7,72,1,0.0,8.0,0.0,0.0,dest_air_cargo_vaccine_storage_unit,7.0,1.0,1.0,False,True,False,False,False,False,True,1,-0.2631398927669523,False
batch007,2021-03-05 16:00:00,Delhi Airport,dest_air_cargo,vaccine_storage_unit,2,6,8,7.0,86.0,763,0,7,73,2,0.0,8.0,0.0,0.0,dest_air_cargo_vaccine_storage_unit,7.0,1.0,1.0,False,True,False,False,False,False,True,1,-0.22889232478018567,False
batch007,2021-03-05 17:00:00,Delhi Airport,dest_air_cargo,vaccine_storage_unit,2,6,8,7.0,85.5,762,0,7,74,2,0.0,8.0,0.0,0.0,dest_air_cargo_vaccine_storage_unit,7.0,1.0,1.0,False,True,False,False,False,False,True,1,-0.22008593068318077,False
batch007,2021-03-05 18:00:00,Delhi Airport,dest_air_cargo,vaccine_storage_unit,2,7,8,7.5,87.0,761,0,7,75,1,0.0,8.0,0.0,0.0,dest_air_cargo_vaccine_storage_unit,7.0,1.0,1.0,False,True,False,False,False,False,True,1,-0.2571205961844035,False
batch007,2021-03-05 19:00:00,Delhi Airport,dest_air_cargo,vaccine_storage_unit,2,6,7,6.5,87.0,760,0,7,76,1,-1.0,7.666666666666667,0.5773502691896258,-0.666666666666667,dest_air_cargo_vaccine_storage_unit,7.0,0.0,0.0,False,True,False,False,False,False,True,1,-0.26148213655026864,False
batch007,2021-03-05 20:00:00,Delhi Airport,dest_air_cargo,vaccine_storage_unit,2,7,8,7.5,87.5,759,0,7,77,1,1.0,7.666666666666667,0.5773502691896258,0.33333333333333304,dest_air_cargo_vaccine_storage_unit,7.0,1.0,1.0,False,True,False,False,False,False,True,1,-0.2816354609716568,False
batch007,2021-03-05 21:00:00,Delhi Airport,dest_air_cargo,vaccine_storage_unit,2,6,7,6.5,87.0,758,0,7,78,1,-1.0,7.333333333333333,0.5773502691896258,-0.33333333333333304,dest_air_cargo_vaccine_storage_unit,7.0,0.0,0.0,False,True,False,False,False,False,True,1,-0.27128449091880064,False
batch007,2021-03-05 22:00:00,Delhi Airport,dest_air_cargo,vaccine_storage_unit,2,7,7,7.0,87.5,757,0,7,79,0,0.0,7.333333333333333,0.5773502691896258,-0.33333333333333304,dest_air_cargo_vaccine_storage_unit,7.0,0.0,0.0,False,True,False,False,False,False,True,1,-0.24025304280605436,False
batch007,2021-03-05 23:00:00,Delhi Airport,dest_air_cargo,vaccine_storage_unit,2,7,8,7.5,88.0,756,0,7,80,1,1.0,7.333333333333333,0.5773502691896258,0.666666666666667,dest_air_cargo_vaccine_storage_unit,7.0,1.0,1.0,False,True,False,False,False,False,True,1,-0.2769565427226875,False
batch007,2021-03-06 00:00:00,Delhi Airport,dest_air_cargo,vaccine_storage_unit,2,6,8,7.0,86.0,755,0,7,81,2,0.0,7.666666666666667,0.5773502691896258,0.33333333333333304,dest_air_cargo_vaccine_storage_unit,7.0,1.0,1.0,False,True,False,False,False,False,True,1,-0.24281604645571642,False
batch007,2021-03-06 01:00:00,Delhi Airport,dest_air_cargo,vaccine_storage_unit,2,7,8,7.5,88.0,754,0,7,82,1,0.0,8.0,0.0,0.0,dest_air_cargo_vaccine_storage_unit,7.0,1.0,1.0,False,True,False,False,False,False,True,1,-0.2615214022169379,False
batch007,2021-03-06 02:00:00,Delhi Airport,dest_air_cargo,vaccine_storage_unit,2,6,7,6.5,87.5,753,0,7,83,1,-1.0,7.666666666666667,0.5773502691896258,-0.666666666666667,dest_air_cargo_vaccine_storage_unit,7.0,0.0,0.0,False,True,False,False,False,False,True,1,-0.2672252724612164,False
batch007,2021-03-06 03:00:00,Delhi Airport,dest_air_cargo,vaccine_storage_unit,2,6,7,6.5,88.5,752,0,7,84,1,0.0,7.333333333333333,0.5773502691896258,-0.33333333333333304,dest_air_cargo_vaccine_storage_unit,7.0,0.0,0.0,False,True,False,False,False,False,True,1,-0.2759761584104825,False
batch007,2021-03-06 04:00:00,Delhi Airport,dest_air_cargo,vaccine_storage_unit,2,7,8,7.5,89.5,751,0,7,85,1,1.0,7.333333333333333,0.5773502691896258,0.666666666666667,dest_air_cargo_vaccine_storage_unit,7.0,1.0,1.0,False,True,False,False,False,False,True,1,-0.2621248087550152,False
batch007,2021-03-06 05:00:00,Delhi Airport,dest_air_cargo,vaccine_storage_unit,2,6,7,6.5,85.0,750,0,7,86,1,-1.0,7.333333333333333,0.5773502691896258,-0.33333333333333304,dest_air_cargo_vaccine_storage_unit,7.0,0.0,0.0,False,True,False,False,False,False,True,1,-0.23053424714186677,False
batch007,2021-03-06 06:00:00,Delhi Airport,dest_air_cargo,vaccine_storage_unit,2,7,7,7.0,86.0,749,0,7,87,0,0.0,7.333333333333333,0.5773502691896258,-0.33333333333333304,dest_air_cargo_vaccine_storage_unit,7.0,0.0,0.0,False,True,False,False,False,False,True,1,-0.2202154235638608,False
batch007,2021-03-06 07:00:00,Delhi Airport,dest_air_cargo,vaccine_storage_unit,2,7,7,7.0,86.0,748,0,7,88,0,0.0,7.0,0.0,0.0,dest_air_cargo_vaccine_storage_unit,7.0,0.0,0.0,False,True,False,False,False,False,True,1,-0.19938748872537826,False
batch007,2021-03-06 08:00:00,Delhi Airport,dest_air_cargo,vaccine_storage_unit,2,8,8,8.0,86.5,747,0,7,89,0,1.0,7.333333333333333,0.5773502691896258,0.666666666666667,dest_air_cargo_vaccine_storage_unit,7.0,1.0,1.0,False,True,False,False,False,False,True,1,-0.21746114226737018,False
batch007,2021-03-06 09:00:00,Delhi Airport,dest_air_cargo,vaccine_storage_unit,2,6,8,7.0,88.0,746,0,7,90,2,0.0,7.666666666666667,0.5773502691896258,0.33333333333333304,dest_air_cargo_vaccine_storage_unit,7.0,1.0,1.0,False,True,False,False,False,False,True,1,-0.2663446036135957,False
batch007,2021-03-06 10:00:00,Delhi Airport,dest_air_cargo,vaccine_storage_unit,2,6,8,7.0,86.0,745,0,7,91,2,0.0,8.0,0.0,0.0,dest_air_cargo_vaccine_storage_unit,7.0,1.0,1.0,False,True,False,False,False,False,True,1,-0.22889232478018567,False
batch007,2021-03-06 11:00:00,Delhi Airport,dest_air_cargo,vaccine_storage_unit,2,7,7,7.0,86.0,744,0,7,92,0,-1.0,7.666666666666667,0.5773502691896258,-0.666666666666667,dest_air_cargo_vaccine_storage_unit,7.0,0.0,0.0,False,True,False,False,False,False,True,1,-0.20774671683877677,False
batch007,2021-03-06 12:00:00,Delhi Airport,dest_air_cargo,vaccine_storage_unit,2,6,8,7.0,88.0,743,0,7,93,2,1.0,7.666666666666667,0.5773502691896258,0.33333333333333304,dest_air_cargo_vaccine_storage_unit,7.0,1.0,1.0,False,True,False,False,False,False,True,1,-0.2623957268952627,False
batch007,2021-03-06 13:00:00,Delhi Airport,dest_air_cargo,vaccine_storage_unit,2,6,7,6.5,85.5,742,0,7,94,1,-1.0,7.333333333333333,0.5773502691896258,-0.33333333333333304,dest_air_cargo_vaccine_storage_unit,7.0,0.0,0.0,False,True,False,False,False,False,True,1,-0.23782293968701407,False
batch007,2021-03-06 14:00:00,Delhi Airport,dest_air_cargo,vaccine_storage_unit,2,6,8,7.0,86.0,741,0,7,95,2,1.0,7.666666666666667,0.5773502691896258,0.33333333333333304,dest_air_cargo_vaccine_storage_unit,7.0,1.0,1.0,False,True,False,False,False,False,True,1,-0.23986800149517395,False
batch007,2021-03-06 15:00:00,Delhi Airport,dest_air_cargo,vaccine_storage_unit,2,6,8,7.0,89.5,740,0,7,96,2,0.0,7.666666666666667,0.5773502691896258,0.33333333333333304,dest_air_cargo_vaccine_storage_unit,7.0,1.0,1.0,False,True,False,False,False,False,True,1,-0.2436234138776619,False
batch007,2021-03-06 16:00:00,Delhi Airport,dest_air_cargo,vaccine_storage_unit,2,6,7,6.5,88.0,739,0,7,97,1,-1.0,7.666666666666667,0.5773502691896258,-0.666666666666667,dest_air_cargo_vaccine_storage_unit,7.0,0.0,0.0,False,True,False,False,False,False,True,1,-0.2642424993548593,False
batch007,2021-03-06 17:00:00,Delhi Airport,dest_air_cargo,vaccine_storage_unit,2,7,8,7.5,86.0,738,0,7,98,1,1.0,7.666666666666667,0.5773502691896258,0.33333333333333304,dest_air_cargo_vaccine_storage_unit,7.0,1.0,1.0,False,True,False,False,False,False,True,1,-0.2620798291340281,False
batch007,2021-03-06 18:00:00,Delhi Airport,dest_air_cargo,vaccine_storage_unit,2,6,7,6.5,85.5,737,0,7,99,1,-1.0,7.333333333333333,0.5773502691896258,-0.33333333333333304,dest_air_cargo_vaccine_storage_unit,7.0,0.0,0.0,False,True,False,False,False,False,True,1,-0.23782293968701407,False
batch007,2021-03-06 19:00:00,Delhi Airport,dest_air_cargo,vaccine_storage_unit,2,6,6,6.0,88.5,736,0,7,100,0,-1.0,7.0,1.0,-1.0,dest_air_cargo_vaccine_storage_unit,7.0,-1.0,1.0,False,True,False,False,False,False,True,1,-0.21232800399347795,False
batch007,2021-03-06 20:00:00,Delhi Airport,dest_air_cargo,vaccine_storage_unit,2,7,7,7.0,88.0,735,0,7,101,0,1.0,6.666666666666667,0.5773502691896258,0.33333333333333304,dest_air_cargo_vaccine_storage_unit,7.0,0.0,0.0,False,True,False,False,False,False,True,1,-0.20722364720258923,False
batch007,2021-03-06 21:00:00,Delhi Airport,dest_air_cargo,vaccine_storage_unit,2,6,7,6.5,87.5,734,0,7,102,1,0.0,6.666666666666667,0.5773502691896258,0.33333333333333304,dest_air_cargo_vaccine_storage_unit,7.0,0.0,0.0,False,True,False,False,False,False,True,1,-0.24823931499772361,False
batch007,2021-03-06 22:00:00,Delhi Airport,dest_air_cargo,vaccine_storage_unit,2,6,6,6.0,89.5,733,0,7,103,0,-1.0,6.666666666666667,0.5773502691896258,-0.666666666666667,dest_air_cargo_vaccine_storage_unit,7.0,-1.0,1.0,False,True,False,False,False,False,True,1,-0.19276303654041915,False
batch007,2021-03-06 23:00:00,Delhi Airport,dest_air_cargo,vaccine_storage_unit,2,7,7,7.0,88.0,732,0,7,104,0,1.0,6.666666666666667,0.5773502691896258,0.33333333333333304,dest_air_cargo_vaccine_storage_unit,7.0,0.0,0.0,False,True,False,False,False,False,True,1,-0.20722364720258923,False
batch007,2021-03-07 00:00:00,Delhi Airport,dest_air_cargo,vaccine_storage_unit,2,6,7,6.5,88.5,731,0,7,105,1,0.0,6.666666666666667,0.5773502691896258,0.33333333333333304,dest_air_cargo_vaccine_storage_unit,7.0,0.0,0.0,False,True,False,False,False,False,True,1,-0.24887926445753766,False
batch007,2021-03-07 01:00:00,Delhi Airport,dest_air_cargo,vaccine_storage_unit,2,6,6,6.0,88.5,730,0,7,106,0,-1.0,6.666666666666667,0.5773502691896258,-0.666666666666667,dest_air_cargo_vaccine_storage_unit,7.0,-1.0,1.0,False,True,False,False,False,False,True,1,-0.2004360922257289,False
batch007,2021-03-07 02:00:00,Delhi Airport,dest_air_cargo,vaccine_storage_unit,2,7,8,7.5,87.0,729,0,7,107,1,2.0,7.0,1.0,1.0,dest_air_cargo_vaccine_storage_unit,7.0,1.0,1.0,False,True,False,False,False,False,True,1,-0.23299303354458295,False
batch007,2021-03-07 03:00:00,Delhi Airport,dest_air_cargo,vaccine_storage_unit,2,6,8,7.0,87.5,728,0,7,108,2,0.0,7.333333333333333,1.1547005383792517,0.666666666666667,dest_air_cargo_vaccine_storage_unit,7.0,1.0,1.0,False,True,False,False,False,False,True,1,-0.2491048394211567,False
batch007,2021-03-07 04:00:00,Delhi Airport,dest_air_cargo,vaccine_storage_unit,2,7,8,7.5,87.5,727,0,7,109,1,0.0,8.0,0.0,0.0,dest_air_cargo_vaccine_storage_unit,7.0,1.0,1.0,False,True,False,False,False,False,True,1,-0.2631398927669523,False
batch007,2021-03-07 05:00:00,Delhi Airport,dest_air_cargo,vaccine_storage_unit,2,6,7,6.5,85.5,726,0,7,110,1,-1.0,7.666666666666667,0.5773502691896258,-0.666666666666667,dest_air_cargo_vaccine_storage_unit,7.0,0.0,0.0,False,True,False,False,False,False,True,1,-0.2277926798499546,False
batch007,2021-03-07 06:00:00,Delhi Airport,dest_air_cargo,vaccine_storage_unit,2,6,7,6.5,88.0,725,0,7,111,1,0.0,7.333333333333333,0.5773502691896258,-0.33333333333333304,dest_air_cargo_vaccine_storage_unit,7.0,0.0,0.0,False,True,False,False,False,False,True,1,-0.2763781278934109,False
batch007,2021-03-07 07:00:00,Delhi Airport,dest_air_cargo,vaccine_storage_unit,2,7,8,7.5,90.0,724,0,7,112,1,1.0,7.333333333333333,0.5773502691896258,0.666666666666667,dest_air_cargo_vaccine_storage_unit,7.0,1.0,1.0,False,True,False,False,False,False,True,1,-0.25364561598475055,False
batch007,2021-03-07 08:00:00,Delhi Airport,dest_air_cargo,vaccine_storage_unit,2,6,8,7.0,86.5,723,0,7,113,2,0.0,7.666666666666667,0.5773502691896258,0.33333333333333304,dest_air_cargo_vaccine_storage_unit,7.0,1.0,1.0,False,True,False,False,False,False,True,1,-0.25388705431617786,False
batch007,2021-03-07 09:00:00,Delhi Airport,dest_air_cargo,vaccine_storage_unit,2,6,6,6.0,89.0,722,0,7,114,0,-2.0,7.333333333333333,1.1547005383792515,-1.333333333333333,dest_air_cargo_vaccine_storage_unit,7.0,-1.0,1.0,False,True,False,False,False,False,True,1,-0.18012706387653243,False
batch008,2021-04-01 01:00:00,"Kalamazoo, Michigan",source_hub,ultra_low_temperature_freezer,2,-70,-69,-69.5,95.0,840,0,0,0,1,0.0,-69.0,0.0,0.0,source_hub_ultra_low_temperature_freezer,-69.0,0.0,0.0,False,False,False,True,False,True,False,1,-0.33475665422096784,False
batch008,2021-04-01 02:00:00,"Kalamazoo, Michigan",source_hub,ultra_low_temperature_freezer,2,-71,-70,-70.5,95.0,840,0,0,0,1,-1.0,-69.5,0.7071067811865476,-0.5,source_hub_ultra_low_temperature_freezer,-69.0,-1.0,1.0,False,False,False,True,False,True,False,1,-0.3166908035742358,False
batch008,2021-04-01 03:00:00,"Kalamazoo, Michigan",source_hub,ultra_low_temperature_freezer,2,-70,-69,-69.5,95.0,840,0,0,0,1,1.0,-69.33333333333333,0.5773502691896247,0.3333333333333286,source_hub_ultra_low_temperature_freezer,-69.0,0.0,0.0,False,False,False,True,False,True,False,1,-0.3454540093428116,False
batch008,2021-04-01 04:00:00,"Kalamazoo, Michigan",source_hub,ultra_low_temperature_freezer,2,-70,-70,-70.0,95.0,840,0,0,0,0,-1.0,-69.66666666666667,0.5773502691896247,-0.3333333333333286,source_hub_ultra_low_temperature_freezer,-69.0,-1.0,1.0,False,False,False,True,False,True,False,1,-0.3229838430845815,False
batch008,2021-04-01 05:00:00,"Kalamazoo, Michigan",source_hub,ultra_low_temperature_freezer,2,-71,-70,-70.5,95.0,840,0,0,0,1,0.0,-69.66666666666667,0.5773502691896247,-0.3333333333333286,source_hub_ultra_low_temperature_freezer,-69.0,-1.0,1.0,False,False,False,True,False,True,False,1,-0.33525916918763676,False
batch008,2021-04-01 06:00:00,"Kalamazoo, Michigan",source_hub,ultra_low_temperature_freezer,2,-69,-69,-69.0,95.0,840,0,0,0,0,1.0,-69.66666666666667,0.5773502691896278,0.6666666666666714,source_hub_ultra_low_temperature_freezer,-69.0,0.0,0.0,False,False,False,True,False,True,False,1,-0.30777503122937655,False
batch008,2021-04-01 07:00:00,"Kalamazoo, Michigan",source_hub,ultra_low_temperature_freezer,2,-70,-69,-69.5,95.0,840,0,0,0,1,0.0,-69.33333333333333,0.5773502691896278,0.3333333333333286,source_hub_ultra_low_temperature_freezer,-69.0,0.0,0.0,False,False,False,True,False,True,False,1,-0.3491669960712361,False
batch008,2021-04-01 08:00:00,"Kalamazoo, Michigan",source_hub,ultra_low_temperature_freezer,2,-71,-69,-70.0,95.0,840,0,0,0,2,0.0,-69.0,0.0,0.0,source_hub_ultra_low_temperature_freezer,-69.0,0.0,0.0,False,False,False,True,False,True,False,1,-0.32347017658240806,False
batch008,2021-04-01 09:00:00,"Kalamazoo, Michigan",source_hub,ultra_low_temperature_freezer,2,-71,-69,-70.0,95.0,840,0,0,0,2,0.0,-69.0,0.0,0.0,source_hub_ultra_low_temperature_freezer,-69.0,0.0,0.0,False,False,False,True,False,True,False,1,-0.32347017658240806,False
batch008,2021-04-01 10:00:00,"Kalamazoo, Michigan",source_hub,ultra_low_temperature_freezer,2,-71,-69,-70.0,95.0,840,0,0,0,2,0.0,-69.0,0.0,0.0,source_hub_ultra_low_temperature_freezer,-69.0,0.0,0.0,False,False,False,True,False,True,False,1,-0.32347017658240806,False
batch008,2021-04-01 11:00:00,"Shelbyville, Michigan",source_reefer_truck,ultra_low_temperature_freezer,2,-71,-71,-71.0,95.0,840,0,0,0,0,-2.0,-69.66666666666667,1.1547005383792495,-1.3333333333333286,source_reefer_truck_ultra_low_temperature_freezer,-69.0,-2.0,2.0,False,False,False,False,True,True,False,1,-0.25084047606746596,False
batch008,2021-04-01 12:00:00,"Gerald R Ford International Airport, Michigan",source_air_cargo,ultra_low_temperature_freezer,2,-70,-70,-70.0,95.0,840,0,0,0,0,1.0,-70.0,0.9999999999999964,0.0,source_air_cargo_ultra_low_temperature_freezer,-69.0,-1.0,1.0,False,False,True,False,False,True,False,1,-0.3096219286221211,False
batch008,2021-04-01 13:00:00,"Gerald R Ford International Airport, Michigan",source_air_cargo,ultra_low_temperature_freezer,2,-71,-70,-70.5,95.0,840,0,0,0,1,0.0,-70.33333333333333,0.5773502691896186,0.3333333333333286,source_air_cargo_ultra_low_temperature_freezer,-69.0,-1.0,1.0,False,False,True,False,False,True,False,1,-0.3148895309501774,False
batch008,2021-04-01 14:00:00,"Gerald R Ford International Airport, Michigan",source_air_cargo,ultra_low_temperature_freezer,1,-71,-71,-71.0,95.0,840,0,0,0,0,-1.0,-70.33333333333333,0.5773502691896278,-0.6666666666666714,source_air_cargo_ultra_low_temperature_freezer,-69.0,-2.0,2.0,False,False,True,False,False,True,False,1,-0.2648274617561135,False
batch008,2021-04-01 15:00:00,Not Available,air_transit,ultra_low_temperature_freezer,1,-70,-70,-70.0,95.0,840,0,0,0,0,1.0,-70.33333333333333,0.5773502691896278,0.3333333333333286,air_transit_ultra_low_temperature_freezer,-69.0,-1.0,1.0,True,False,False,False,False,True,False,1,-0.304727573939593,False
batch008,2021-04-01 16:00:00,Not Available,air_transit,ultra_low_temperature_freezer,1,-69,-69,-69.0,95.0,840,0,0,0,0,1.0,-70.0,1.0000000000000018,1.0,air_transit_ultra_low_temperature_freezer,-69.0,0.0,0.0,True,False,False,False,False,True,False,1,-0.28432191032709697,False
batch008,2021-04-01 17:00:00,Not Available,air_transit,ultra_low_temperature_freezer,2,-70,-69,-69.5,95.0,840,0,0,0,1,0.0,-69.33333333333333,0.5773502691896278,0.3333333333333286,air_transit_ultra_low_temperature_freezer,-69.0,0.0,0.0,True,False,False,False,False,True,False,1,-0.3491669960712361,False
batch008,2021-04-01 18:00:00,Not Available,air_transit,ultra_low_temperature_freezer,2,-71,-71,-71.0,95.0,840,0,0,0,0,-2.0,-69.66666666666667,1.1547005383792495,-1.3333333333333286,air_transit_ultra_low_temperature_freezer,-69.0,-2.0,2.0,True,False,False,False,False,True,False,1,-0.25084047606746596,False
batch008,2021-04-01 19:00:00,Not Available,air_transit,ultra_low_temperature_freezer,2,-71,-71,-71.0,95.0,840,0,0,0,0,0.0,-70.33333333333333,1.1547005383792495,-0.6666666666666714,air_transit_ultra_low_temperature_freezer,-69.0,-2.0,2.0,True,False,False,False,False,True,False,1,-0.26116812312331905,False
batch008,2021-04-01 20:00:00,Not Available,air_transit,ultra_low_temperature_freezer,2,-71,-69,-70.0,95.0,840,0,0,0,2,2.0,-70.33333333333333,1.1547005383792495,1.3333333333333286,air_transit_ultra_low_temperature_freezer,-69.0,0.0,0.0,True,False,False,False,False,True,False,1,-0.26626052284899304,False
batch008,2021-04-01 21:00:00,Not Available,air_transit,ultra_low_temperature_freezer,2,-71,-71,-71.0,95.0,840,0,0,0,0,-2.0,-70.33333333333333,1.1547005383792495,-0.6666666666666714,air_transit_ultra_low_temperature_freezer,-69.0,-2.0,2.0,True,False,False,False,False,True,False,1,-0.25391798392491927,False
batch008,2021-04-01 22:00:00,Not Available,air_transit,ultra_low_temperature_freezer,2,-70,-69,-69.5,95.0,840,0,0,0,1,2.0,-69.66666666666667,1.1547005383792495,0.6666666666666714,air_transit_ultra_low_temperature_freezer,-69.0,0.0,0.0,True,False,False,False,False,True,False,1,-0.3159314373617168,False
batch008,2021-04-01 23:00:00,Not Available,air_transit,ultra_low_temperature_freezer,2,-70,-69,-69.5,95.0,840,0,0,0,1,0.0,-69.66666666666667,1.1547005383792495,0.6666666666666714,air_transit_ultra_low_temperature_freezer,-69.0,0.0,0.0,True,False,False,False,False,True,False,1,-0.33243127773137215,False
batch008,2021-04-02 00:00:00,Not Available,air_transit,ultra_low_temperature_freezer,2,-71,-69,-70.0,95.0,840,0,0,0,2,0.0,-69.0,0.0,0.0,air_transit_ultra_low_temperature_freezer,-69.0,0.0,0.0,True,False,False,False,False,True,False,1,-0.32347017658240806,False
batch008,2021-04-02 01:00:00,Not Available,air_transit,ultra_low_temperature_freezer,2,-70,-70,-70.0,95.0,840,0,0,0,0,-1.0,-69.33333333333333,0.5773502691896278,-0.6666666666666714,air_transit_ultra_low_temperature_freezer,-69.0,-1.0,1.0,True,False,False,False,False,True,False,1,-0.3120144503403306,False
batch008,2021-04-02 02:00:00,Not Available,air_transit,ultra_low_temperature_freezer,2,-70,-69,-69.5,95.0,840,0,0,0,1,1.0,-69.33333333333333,0.5773502691896278,0.3333333333333286,air_transit_ultra_low_temperature_freezer,-69.0,0.0,0.0,True,False,False,False,False,True,False,1,-0.3454540093428116,False
batch008,2021-04-02 03:00:00,Not Available,air_transit,ultra_low_temperature_freezer,2,-71,-69,-70.0,95.0,840,0,0,0,2,0.0,-69.33333333333333,0.5773502691896278,0.3333333333333286,air_transit_ultra_low_temperature_freezer,-69.0,0.0,0.0,True,False,False,False,False,True,False,1,-0.3377777300659409,False
batch008,2021-04-02 04:00:00,Not Available,air_transit,ultra_low_temperature_freezer,1,-71,-71,-71.0,95.0,840,0,0,0,0,-2.0,-69.66666666666667,1.1547005383792495,-1.3333333333333286,air_transit_ultra_low_temperature_freezer,-69.0,-2.0,2.0,True,False,False,False,False,True,False,1,-0.25084047606746596,False
batch008,2021-04-02 05:00:00,Not Available,air_transit,ultra_low_temperature_freezer,2,-71,-71,-71.0,95.0,840,0,0,0,0,0.0,-70.33333333333333,1.1547005383792495,-0.6666666666666714,air_transit_ultra_low_temperature_freezer,-69.0,-2.0,2.0,True,False,False,False,False,True,False,1,-0.26116812312331905,False
batch008,2021-04-02 06:00:00,Not Available,air_transit,ultra_low_temperature_freezer,2,-71,-69,-70.0,95.0,840,0,0,0,2,2.0,-70.33333333333333,1.1547005383792495,1.3333333333333286,air_transit_ultra_low_temperature_freezer,-69.0,0.0,0.0,True,False,False,False,False,True,False,1,-0.26626052284899304,False
batch008,2021-04-02 07:00:00,Not Available,air_transit,ultra_low_temperature_freezer,2,-71,-69,-70.0,95.0,840,0,0,0,2,0.0,-69.66666666666667,1.1547005383792495,0.6666666666666714,air_transit_ultra_low_temperature_freezer,-69.0,0.0,0.0,True,False,False,False,False,True,False,1,-0.3188164613276948,False
batch008,2021-04-02 08:00:00,Delhi Airport,dest_air_cargo,ultra_low_temperature_freezer,2,-71,-70,-70.5,95.0,840,0,0,0,1,-1.0,-69.33333333333333,0.5773502691896278,-0.6666666666666714,dest_air_cargo_ultra_low_temperature_freezer,-67.0,-3.0,3.0,False,True,False,False,False,True,False,1,-0.2420590370039366,False
batch008,2021-04-02 09:00:00,Delhi Airport,dest_air_cargo,ultra_low_temperature_freezer,2,-71,-70,-70.5,95.0,840,0,0,0,1,0.0,-69.66666666666667,0.5773502691896278,-0.3333333333333286,dest_air_cargo_ultra_low_temperature_freezer,-67.0,-3.0,3.0,False,True,False,False,False,True,False,1,-0.24374620198151853,False
batch008,2021-04-02 10:00:00,Delhi Airport,dest_air_cargo,ultra_low_temperature_freezer,1,-69,-69,-69.0,95.0,840,0,0,0,0,1.0,-69.66666666666667,0.5773502691896278,0.6666666666666714,dest_air_cargo_ultra_low_temperature_freezer,-67.0,-2.0,2.0,False,True,False,False,False,True,False,1,-0.2678717929281296,False
batch008,2021-04-02 11:00:00,Delhi Airport,dest_air_cargo,ultra_low_temperature_freezer,2,-70,-70,-70.0,95.0,840,0,0,0,0,-1.0,-69.66666666666667,0.5773502691896278,-0.3333333333333286,dest_air_cargo_ultra_low_temperature_freezer,-67.0,-3.0,3.0,False,True,False,False,False,True,False,1,-0.2281126934130091,False
batch008,2021-04-02 12:00:00,Delhi Airport,dest_air_cargo,ultra_low_temperature_freezer,2,-70,-69,-69.5,95.0,840,0,0,0,1,1.0,-69.33333333333333,0.5773502691896278,0.3333333333333286,dest_air_cargo_ultra_low_temperature_freezer,-67.0,-2.0,2.0,False,True,False,False,False,True,False,1,-0.29648158364466365,False
batch008,2021-04-02 13:00:00,Delhi Airport,dest_air_cargo,ultra_low_temperature_freezer,2,-70,-70,-70.0,95.0,840,0,0,0,0,-1.0,-69.66666666666667,0.5773502691896278,-0.3333333333333286,dest_air_cargo_ultra_low_temperature_freezer,-67.0,-3.0,3.0,False,True,False,False,False,True,False,1,-0.2281126934130091,False
batch008,2021-04-02 14:00:00,Delhi Airport,dest_air_cargo,vaccine_storage_unit,2,-61,-61,-61.0,92.5,839,1,0,0,0,9.0,-66.66666666666667,4.93288286231625,5.666666666666671,dest_air_cargo_vaccine_storage_unit,7.0,-68.0,68.0,False,True,False,False,False,False,True,1,-0.007691783868816637,False
batch009,2021-05-01 01:00:00,"Kalamazoo, Michigan",source_hub,ultra_low_temperature_freezer,2,-71,-69,-70.0,95.0,840,0,0,0,2,0.0,-69.0,0.0,0.0,source_hub_ultra_low_temperature_freezer,-69.0,0.0,0.0,False,False,False,True,False,True,False,1,-0.32347017658240806,False
batch009,2021-05-01 02:00:00,"Kalamazoo, Michigan",source_hub,ultra_low_temperature_freezer,2,-70,-69,-69.5,95.0,840,0,0,0,1,0.0,-69.0,0.0,0.0,source_hub_ultra_low_temperature_freezer,-69.0,0.0,0.0,False,False,False,True,False,True,False,1,-0.33475665422096784,False
batch009,2021-05-01 03:00:00,"Kalamazoo, Michigan",source_hub,ultra_low_temperature_freezer,2,-70,-69,-69.5,95.0,840,0,0,0,1,0.0,-69.0,0.0,0.0,source_hub_ultra_low_temperature_freezer,-69.0,0.0,0.0,False,False,False,True,False,True,False,1,-0.33475665422096784,False
batch009,2021-05-01 04:00:00,"Kalamazoo, Michigan",source_hub,ultra_low_temperature_freezer,2,-70,-69,-69.5,95.0,840,0,0,0,1,0.0,-69.0,0.0,0.0,source_hub_ultra_low_temperature_freezer,-69.0,0.0,0.0,False,False,False,True,False,True,False,1,-0.33475665422096784,False
batch009,2021-05-01 05:00:00,"Kalamazoo, Michigan",source_hub,ultra_low_temperature_freezer,2,-70,-69,-69.5,95.0,840,0,0,0,1,0.0,-69.0,0.0,0.0,source_hub_ultra_low_temperature_freezer,-69.0,0.0,0.0,False,False,False,True,False,True,False,1,-0.33475665422096784,False
batch009,2021-05-01 06:00:00,"Kalamazoo, Michigan",source_hub,ultra_low_temperature_freezer,2,-71,-69,-70.0,95.0,840,0,0,0,2,0.0,-69.0,0.0,0.0,source_hub_ultra_low_temperature_freezer,-69.0,0.0,0.0,False,False,False,True,False,True,False,1,-0.32347017658240806,False
batch009,2021-05-01 07:00:00,"Kalamazoo, Michigan",source_hub,ultra_low_temperature_freezer,2,-71,-70,-70.5,95.0,840,0,0,0,1,-1.0,-69.33333333333333,0.5773502691896278,-0.6666666666666714,source_hub_ultra_low_temperature_freezer,-69.0,-1.0,1.0,False,False,False,True,False,True,False,1,-0.32729167295734046,False
batch009,2021-05-01 08:00:00,"Kalamazoo, Michigan",source_hub,ultra_low_temperature_freezer,2,-69,-69,-69.0,95.0,840,0,0,0,0,1.0,-69.33333333333333,0.5773502691896278,0.3333333333333286,source_hub_ultra_low_temperature_freezer,-69.0,0.0,0.0,False,False,False,True,False,True,False,1,-0.31771943875511394,False
batch009,2021-05-01 09:00:00,"Kalamazoo, Michigan",source_hub,ultra_low_temperature_freezer,2,-71,-70,-70.5,95.0,840,0,0,0,1,-1.0,-69.66666666666667,0.5773502691896278,-0.3333333333333286,source_hub_ultra_low_temperature_freezer,-69.0,-1.0,1.0,False,False,False,True,False,True,False,1,-0.33196154391316973,False
batch009,2021-05-01 10:00:00,"Kalamazoo, Michigan",source_hub,ultra_low_temperature_freezer,2,-71,-69,-70.0,95.0,840,0,0,0,2,1.0,-69.33333333333333,0.5773502691896278,0.3333333333333286,source_hub_ultra_low_temperature_freezer,-69.0,0.0,0.0,False,False,False,True,False,True,False,1,-0.33732507397149486,False
batch009,2021-05-01 11:00:00,"Shelbyville, Michigan",source_reefer_truck,ultra_low_temperature_freezer,2,-71,-70,-70.5,95.0,840,0,0,0,1,-1.0,-69.66666666666667,0.5773502691896278,-0.3333333333333286,source_reefer_truck_ultra_low_temperature_freezer,-69.0,-1.0,1.0,False,False,False,False,True,True,False,1,-0.33196154391316973,False
batch009,2021-05-01 12:00:00,"Gerald R Ford International Airport, Michigan",source_air_cargo,ultra_low_temperature_freezer,2,-71,-70,-70.5,95.0,840,0,0,0,1,0.0,-69.66666666666667,0.5773502691896278,-0.3333333333333286,source_air_cargo_ultra_low_temperature_freezer,-69.0,-1.0,1.0,False,False,True,False,False,True,False,1,-0.33525916918763676,False
batch009,2021-05-01 13:00:00,"Gerald R Ford International Airport, Michigan",source_air_cargo,ultra_low_temperature_freezer,2,-71,-70,-70.5,95.0,840,0,0,0,1,0.0,-70.0,0.0,0.0,source_air_cargo_ultra_low_temperature_freezer,-69.0,-1.0,1.0,False,False,True,False,False,True,False,1,-0.3094352017660051,False
batch009,2021-05-01 14:00:00,"Gerald R Ford International Airport, Michigan",source_air_cargo,ultra_low_temperature_freezer,2,-71,-69,-70.0,95.0,840,0,0,0,2,1.0,-69.66666666666667,0.5773502691896278,0.6666666666666714,source_air_cargo_ultra_low_temperature_freezer,-69.0,0.0,0.0,False,False,True,False,False,True,False,1,-0.32792824345500965,False
batch009,2021-05-01 15:00:00,Not Available,air_transit,ultra_low_temperature_freezer,2,-70,-70,-70.0,95.0,840,0,0,0,0,-1.0,-69.66666666666667,0.5773502691896278,-0.3333333333333286,air_transit_ultra_low_temperature_freezer,-69.0,-1.0,1.0,True,False,False,False,False,True,False,1,-0.3229838430845815,False
batch009,2021-05-01 16:00:00,Not Available,air_transit,ultra_low_temperature_freezer,2,-71,-71,-71.0,95.0,840,0,0,0,0,-1.0,-70.0,1.0000000000000018,-1.0,air_transit_ultra_low_temperature_freezer,-69.0,-2.0,2.0,True,False,False,False,False,True,False,1,-0.2729805616741406,False
batch009,2021-05-01 17:00:00,Not Available,air_transit,ultra_low_temperature_freezer,2,-70,-69,-69.5,95.0,840,0,0,0,1,2.0,-70.0,1.0000000000000018,1.0,air_transit_ultra_low_temperature_freezer,-69.0,0.0,0.0,True,False,False,False,False,True,False,1,-0.29710981485308285,False
batch009,2021-05-01 18:00:00,Not Available,air_transit,ultra_low_temperature_freezer,2,-69,-69,-69.0,95.0,840,0,0,0,0,0.0,-69.66666666666667,1.1547005383792541,0.6666666666666714,air_transit_ultra_low_temperature_freezer,-69.0,0.0,0.0,True,False,False,False,False,True,False,1,-0.30077352229774074,False
batch009,2021-05-01 19:00:00,Not Available,air_transit,ultra_low_temperature_freezer,2,-71,-69,-70.0,95.0,840,0,0,0,2,0.0,-69.0,0.0,0.0,air_transit_ultra_low_temperature_freezer,-69.0,0.0,0.0,True,False,False,False,False,True,False,1,-0.32347017658240806,False
batch009,2021-05-01 20:00:00,Not Available,air_transit,ultra_low_temperature_freezer,2,-71,-69,-70.0,95.0,840,0,0,0,2,0.0,-69.0,0.0,0.0,air_transit_ultra_low_temperature_freezer,-69.0,0.0,0.0,True,False,False,False,False,True,False,1,-0.32347017658240806,False
batch009,2021-05-01 21:00:00,Not Available,air_transit,ultra_low_temperature_freezer,2,-71,-69,-70.0,95.0,840,0,0,0,2,0.0,-69.0,0.0,0.0,air_transit_ultra_low_temperature_freezer,-69.0,0.0,0.0,True,False,False,False,False,True,False,1,-0.32347017658240806,False
batch009,2021-05-01 22:00:00,Not Available,air_transit,ultra_low_temperature_freezer,2,-71,-70,-70.5,95.0,840,0,0,0,1,-1.0,-69.33333333333333,0.5773502691896278,-0.6666666666666714,air_transit_ultra_low_temperature_freezer,-69.0,-1.0,1.0,True,False,False,False,False,True,False,1,-0.32729167295734046,False
batch009,2021-05-01 23:00:00,Not Available,air_transit,ultra_low_temperature_freezer,2,-70,-69,-69.5,95.0,840,0,0,0,1,1.0,-69.33333333333333,0.5773502691896278,0.3333333333333286,air_transit_ultra_low_temperature_freezer,-69.0,0.0,0.0,True,False,False,False,False,True,False,1,-0.3454540093428116,False
batch009,2021-05-02 00:00:00,Not Available,air_transit,ultra_low_temperature_freezer,2,-70,-69,-69.5,95.0,840,0,0,0,1,0.0,-69.33333333333333,0.5773502691896278,0.3333333333333286,air_transit_ultra_low_temperature_freezer,-69.0,0.0,0.0,True,False,False,False,False,True,False,1,-0.3491669960712361,False
batch009,2021-05-02 01:00:00,Not Available,air_transit,ultra_low_temperature_freezer,2,-71,-69,-70.0,95.0,840,0,0,0,2,0.0,-69.0,0.0,0.0,air_transit_ultra_low_temperature_freezer,-69.0,0.0,0.0,True,False,False,False,False,True,False,1,-0.32347017658240806,False
batch009,2021-05-02 02:00:00,Not Available,air_transit,ultra_low_temperature_freezer,2,-71,-70,-70.5,95.0,840,0,0,0,1,-1.0,-69.33333333333333,0.5773502691896278,-0.6666666666666714,air_transit_ultra_low_temperature_freezer,-69.0,-1.0,1.0,True,False,False,False,False,True,False,1,-0.32729167295734046,False
batch009,2021-05-02 03:00:00,Not Available,air_transit,ultra_low_temperature_freezer,2,-71,-71,-71.0,95.0,840,0,0,0,0,-1.0,-70.0,1.0000000000000018,-1.0,air_transit_ultra_low_temperature_freezer,-69.0,-2.0,2.0,True,False,False,False,False,True,False,1,-0.2729805616741406,False
batch009,2021-05-02 04:00:00,Not Available,air_transit,ultra_low_temperature_freezer,2,-71,-69,-70.0,95.0,840,0,0,0,2,2.0,-70.0,1.0000000000000018,1.0,air_transit_ultra_low_temperature_freezer,-69.0,0.0,0.0,True,False,False,False,False,True,False,1,-0.28622951597203966,False
batch009,2021-05-02 05:00:00,Not Available,air_transit,ultra_low_temperature_freezer,2,-70,-69,-69.5,95.0,840,0,0,0,1,0.0,-69.66666666666667,1.1547005383792541,0.6666666666666714,air_transit_ultra_low_temperature_freezer,-69.0,0.0,0.0,True,False,False,False,False,True,False,1,-0.33243127773137215,False
batch009,2021-05-02 06:00:00,Not Available,air_transit,ultra_low_temperature_freezer,1,-69,-69,-69.0,95.0,840,0,0,0,0,0.0,-69.0,0.0,0.0,air_transit_ultra_low_temperature_freezer,-69.0,0.0,0.0,True,False,False,False,False,True,False,1,-0.3095030546648811,False
batch009,2021-05-02 07:00:00,Not Available,air_transit,ultra_low_temperature_freezer,1,-69,-69,-69.0,95.0,840,0,0,0,0,0.0,-69.0,0.0,0.0,air_transit_ultra_low_temperature_freezer,-69.0,0.0,0.0,True,False,False,False,False,True,False,1,-0.3095030546648811,False
batch009,2021-05-02 08:00:00,Not Available,air_transit,ultra_low_temperature_freezer,2,-71,-71,-71.0,95.0,840,0,0,0,0,-2.0,-69.66666666666667,1.1547005383792495,-1.3333333333333286,air_transit_ultra_low_temperature_freezer,-69.0,-2.0,2.0,True,False,False,False,False,True,False,1,-0.25084047606746596,False
batch009,2021-05-02 09:00:00,Not Available,air_transit,ultra_low_temperature_freezer,2,-71,-70,-70.5,95.0,840,0,0,0,1,1.0,-70.0,0.9999999999999964,0.0,air_transit_ultra_low_temperature_freezer,-69.0,-1.0,1.0,True,False,False,False,False,True,False,1,-0.31083262513079096,False
batch009,2021-05-02 10:00:00,Not Available,air_transit,ultra_low_temperature_freezer,2,-71,-70,-70.5,95.0,840,0,0,0,1,0.0,-70.33333333333333,0.5773502691896186,0.3333333333333286,air_transit_ultra_low_temperature_freezer,-69.0,-1.0,1.0,True,False,False,False,False,True,False,1,-0.3148895309501774,False
batch009,2021-05-02 11:00:00,Not Available,air_transit,ultra_low_temperature_freezer,2,-70,-69,-69.5,95.0,840,0,0,0,1,1.0,-69.66666666666667,0.5773502691896278,0.6666666666666714,air_transit_ultra_low_temperature_freezer,-69.0,0.0,0.0,True,False,False,False,False,True,False,1,-0.3377481467080661,False
batch009,2021-05-02 12:00:00,Mumbai Airport,dest_air_cargo,ultra_low_temperature_freezer,2,-69,-68,-68.5,95.0,840,0,0,0,1,1.0,-69.0,1.0000000000000018,1.0,dest_air_cargo_ultra_low_temperature_freezer,-67.0,-1.0,1.0,False,True,False,False,False,True,False,1,-0.2785886121231182,False
batch009,2021-05-02 13:00:00,Mumbai Airport,dest_air_cargo,ultra_low_temperature_freezer,2,-70,-66,-68.0,95.0,840,0,0,0,4,2.0,-67.66666666666667,1.5275252316519499,1.6666666666666714,dest_air_cargo_ultra_low_temperature_freezer,-67.0,1.0,1.0,False,True,False,False,False,True,False,1,-0.1694594488066874,False
batch009,2021-05-02 14:00:00,Mumbai Airport,dest_air_cargo,ultra_low_temperature_freezer,2,-70,-69,-69.5,95.0,840,0,0,0,1,-3.0,-67.66666666666667,1.5275252316519499,-1.3333333333333286,dest_air_cargo_ultra_low_temperature_freezer,-67.0,-2.0,2.0,False,True,False,False,False,True,False,1,-0.21226267534727528,False
batch009,2021-05-02 15:00:00,Mumbai Airport,dest_air_cargo,ultra_low_temperature_freezer,2,-70,-67,-68.5,95.0,840,0,0,0,3,2.0,-67.33333333333333,1.5275252316519499,0.3333333333333286,dest_air_cargo_ultra_low_temperature_freezer,-67.0,0.0,0.0,False,True,False,False,False,True,False,1,-0.2245951032476019,False
batch009,2021-05-02 16:00:00,Mumbai Airport,dest_air_cargo,ultra_low_temperature_freezer,2,-68,-66,-67.0,95.0,840,0,0,0,2,1.0,-67.33333333333333,1.5275252316519499,1.3333333333333286,dest_air_cargo_ultra_low_temperature_freezer,-67.0,1.0,1.0,False,True,False,False,False,True,False,1,-0.21095260115440617,False
batch009,2021-05-02 17:00:00,Mumbai Airport,dest_air_cargo,ultra_low_temperature_freezer,2,-69,-68,-68.5,95.0,840,0,0,0,1,-2.0,-67.0,1.0000000000000018,-1.0,dest_air_cargo_ultra_low_temperature_freezer,-67.0,-1.0,1.0,False,True,False,False,False,True,False,1,-0.24447757917989982,False
batch009,2021-05-02 18:00:00,Mumbai Airport,dest_air_cargo,vaccine_storage_unit,2,-64,-63,-63.5,92.5,839,1,0,0,1,5.0,-65.66666666666667,2.516611478423586,2.6666666666666714,dest_air_cargo_vaccine_storage_unit,7.0,-70.0,70.0,False,True,False,False,False,False,True,1,-0.029385715569188897,False
batch010,2021-06-01 01:00:00,"Kalamazoo, Michigan",source_hub,ultra_low_temperature_freezer,2,-71,-71,-71.0,95.0,840,0,0,0,0,0.0,-71.0,0.0,0.0,source_hub_ultra_low_temperature_freezer,-69.0,-2.0,2.0,False,False,False,True,False,True,False,1,-0.2108952170182064,False
batch010,2021-06-01 02:00:00,"Kalamazoo, Michigan",source_hub,ultra_low_temperature_freezer,2,-71,-70,-70.5,95.0,840,0,0,0,1,1.0,-70.5,0.7071067811865476,0.5,source_hub_ultra_low_temperature_freezer,-69.0,-1.0,1.0,False,False,False,True,False,True,False,1,-0.2935768110905122,False
batch010,2021-06-01 03:00:00,"Kalamazoo, Michigan",source_hub,ultra_low_temperature_freezer,2,-69,-69,-69.0,95.0,840,0,0,0,0,1.0,-70.0,1.0,1.0,source_hub_ultra_low_temperature_freezer,-69.0,0.0,0.0,False,False,False,True,False,True,False,1,-0.28432191032709697,False
batch010,2021-06-01 04:00:00,"Kalamazoo, Michigan",source_hub,ultra_low_temperature_freezer,2,-71,-70,-70.5,95.0,840,0,0,0,1,-1.0,-69.66666666666667,0.5773502691896247,-0.3333333333333286,source_hub_ultra_low_temperature_freezer,-69.0,-1.0,1.0,False,False,False,True,False,True,False,1,-0.33196154391316973,False
batch010,2021-06-01 05:00:00,"Kalamazoo, Michigan",source_hub,ultra_low_temperature_freezer,2,-71,-70,-70.5,95.0,840,0,0,0,1,0.0,-69.66666666666667,0.5773502691896247,-0.3333333333333286,source_hub_ultra_low_temperature_freezer,-69.0,-1.0,1.0,False,False,False,True,False,True,False,1,-0.33525916918763676,False
batch010,2021-06-01 06:00:00,"Kalamazoo, Michigan",source_hub,ultra_low_temperature_freezer,2,-70,-70,-70.0,95.0,840,0,0,0,0,0.0,-70.0,0.0,0.0,source_hub_ultra_low_temperature_freezer,-69.0,-1.0,1.0,False,False,False,True,False,True,False,1,-0.3034958186116679,False
batch010,2021-06-01 07:00:00,"Kalamazoo, Michigan",source_hub,ultra_low_temperature_freezer,2,-71,-69,-70.0,95.0,840,0,0,0,2,1.0,-69.66666666666667,0.5773502691896278,0.6666666666666714,source_hub_ultra_low_temperature_freezer,-69.0,0.0,0.0,False,False,False,True,False,True,False,1,-0.32792824345500965,False
batch010,2021-06-01 08:00:00,"Kalamazoo, Michigan",source_hub,ultra_low_temperature_freezer,2,-70,-69,-69.5,95.0,840,0,0,0,1,0.0,-69.33333333333333,0.5773502691896278,0.3333333333333286,source_hub_ultra_low_temperature_freezer,-69.0,0.0,0.0,False,False,False,True,False,True,False,1,-0.3491669960712361,False
batch010,2021-06-01 09:00:00,"Kalamazoo, Michigan",source_hub,ultra_low_temperature_freezer,2,-71,-69,-70.0,95.0,840,0,0,0,2,0.0,-69.0,0.0,0.0,source_hub_ultra_low_temperature_freezer,-69.0,0.0,0.0,False,False,False,True,False,True,False,1,-0.32347017658240806,False
batch010,2021-06-01 10:00:00,"Kalamazoo, Michigan",source_hub,ultra_low_temperature_freezer,2,-70,-70,-70.0,95.0,840,0,0,0,0,-1.0,-69.33333333333333,0.5773502691896278,-0.6666666666666714,source_hub_ultra_low_temperature_freezer,-69.0,-1.0,1.0,False,False,False,True,False,True,False,1,-0.3120144503403306,False
batch010,2021-06-01 11:00:00,"Shelbyville, Michigan",source_reefer_truck,ultra_low_temperature_freezer,2,-70,-70,-70.0,95.0,840,0,0,0,0,0.0,-69.66666666666667,0.5773502691896278,-0.3333333333333286,source_reefer_truck_ultra_low_temperature_freezer,-69.0,-1.0,1.0,False,False,False,False,True,True,False,1,-0.3252878340073377,False
batch010,2021-06-01 12:00:00,"Gerald R Ford International Airport, Michigan",source_air_cargo,ultra_low_temperature_freezer,1,-71,-71,-71.0,95.0,840,0,0,0,0,-1.0,-70.33333333333333,0.5773502691896278,-0.6666666666666714,source_air_cargo_ultra_low_temperature_freezer,-69.0,-2.0,2.0,False,False,True,False,False,True,False,1,-0.2648274617561135,False
batch010,2021-06-01 13:00:00,"Gerald R Ford International Airport, Michigan",source_air_cargo,ultra_low_temperature_freezer,2,-71,-69,-70.0,95.0,840,0,0,0,2,2.0,-70.0,1.0000000000000018,1.0,source_air_cargo_ultra_low_temperature_freezer,-69.0,0.0,0.0,False,False,True,False,False,True,False,1,-0.28622951597203966,False
batch010,2021-06-01 14:00:00,"Gerald R Ford International Airport, Michigan",source_air_cargo,ultra_low_temperature_freezer,2,-71,-69,-70.0,95.0,840,0,0,0,2,0.0,-69.66666666666667,1.1547005383792541,0.6666666666666714,source_air_cargo_ultra_low_temperature_freezer,-69.0,0.0,0.0,False,False,True,False,False,True,False,1,-0.3188164613276948,False
batch010,2021-06-01 15:00:00,Not Available,air_transit,ultra_low_temperature_freezer,2,-70,-69,-69.5,95.0,840,0,0,0,1,0.0,-69.0,0.0,0.0,air_transit_ultra_low_temperature_freezer,-69.0,0.0,0.0,True,False,False,False,False,True,False,1,-0.33475665422096784,False
batch010,2021-06-01 16:00:00,Not Available,air_transit,ultra_low_temperature_freezer,2,-71,-69,-70.0,95.0,840,0,0,0,2,0.0,-69.0,0.0,0.0,air_transit_ultra_low_temperature_freezer,-69.0,0.0,0.0,True,False,False,False,False,True,False,1,-0.32347017658240806,False
batch010,2021-06-01 17:00:00,Not Available,air_transit,ultra_low_temperature_freezer,2,-71,-70,-70.5,95.0,840,0,0,0,1,-1.0,-69.33333333333333,0.5773502691896278,-0.6666666666666714,air_transit_ultra_low_temperature_freezer,-69.0,-1.0,1.0,True,False,False,False,False,True,False,1,-0.32729167295734046,False
batch010,2021-06-01 18:00:00,Not Available,air_transit,ultra_low_temperature_freezer,2,-70,-69,-69.5,95.0,840,0,0,0,1,1.0,-69.33333333333333,0.5773502691896278,0.3333333333333286,air_transit_ultra_low_temperature_freezer,-69.0,0.0,0.0,True,False,False,False,False,True,False,1,-0.3454540093428116,False
batch010,2021-06-01 19:00:00,Not Available,air_transit,ultra_low_temperature_freezer,2,-71,-70,-70.5,95.0,840,0,0,0,1,-1.0,-69.66666666666667,0.5773502691896278,-0.3333333333333286,air_transit_ultra_low_temperature_freezer,-69.0,-1.0,1.0,True,False,False,False,False,True,False,1,-0.33196154391316973,False
batch010,2021-06-01 20:00:00,Not Available,air_transit,ultra_low_temperature_freezer,2,-71,-69,-70.0,95.0,840,0,0,0,2,1.0,-69.33333333333333,0.5773502691896278,0.3333333333333286,air_transit_ultra_low_temperature_freezer,-69.0,0.0,0.0,True,False,False,False,False,True,False,1,-0.33732507397149486,False
batch010,2021-06-01 21:00:00,Not Available,air_transit,ultra_low_temperature_freezer,2,-71,-71,-71.0,95.0,840,0,0,0,0,-2.0,-70.0,1.0000000000000018,-1.0,air_transit_ultra_low_temperature_freezer,-69.0,-2.0,2.0,True,False,False,False,False,True,False,1,-0.26414626126403745,False
batch010,2021-06-01 22:00:00,Not Available,air_transit,ultra_low_temperature_freezer,2,-70,-70,-70.0,95.0,840,0,0,0,0,1.0,-70.0,1.0000000000000018,0.0,air_transit_ultra_low_temperature_freezer,-69.0,-1.0,1.0,True,False,False,False,False,True,False,1,-0.3096219286221211,False
batch010,2021-06-01 23:00:00,Not Available,air_transit,ultra_low_temperature_freezer,2,-71,-69,-70.0,95.0,840,0,0,0,2,1.0,-70.0,1.0000000000000018,1.0,air_transit_ultra_low_temperature_freezer,-69.0,0.0,0.0,True,False,False,False,False,True,False,1,-0.30099347556636524,False
batch010,2021-06-02 00:00:00,Not Available,air_transit,ultra_low_temperature_freezer,2,-70,-70,-70.0,95.0,840,0,0,0,0,-1.0,-69.66666666666667,0.5773502691896278,-0.3333333333333286,air_transit_ultra_low_temperature_freezer,-69.0,-1.0,1.0,True,False,False,False,False,True,False,1,-0.3229838430845815,False
batch010,2021-06-02 01:00:00,Not Available,air_transit,ultra_low_temperature_freezer,2,-71,-69,-70.0,95.0,840,0,0,0,2,1.0,-69.33333333333333,0.5773502691896278,0.3333333333333286,air_transit_ultra_low_temperature_freezer,-69.0,0.0,0.0,True,False,False,False,False,True,False,1,-0.33732507397149486,False
batch010,2021-06-02 02:00:00,Not Available,air_transit,ultra_low_temperature_freezer,2,-71,-70,-70.5,95.0,840,0,0,0,1,-1.0,-69.66666666666667,0.5773502691896278,-0.3333333333333286,air_transit_ultra_low_temperature_freezer,-69.0,-1.0,1.0,True,False,False,False,False,True,False,1,-0.33196154391316973,False
batch010,2021-06-02 03:00:00,Not Available,air_transit,ultra_low_temperature_freezer,2,-69,-69,-69.0,95.0,840,0,0,0,0,1.0,-69.33333333333333,0.5773502691896278,0.3333333333333286,air_transit_ultra_low_temperature_freezer,-69.0,0.0,0.0,True,False,False,False,False,True,False,1,-0.31771943875511394,False
batch010,2021-06-02 04:00:00,Not Available,air_transit,ultra_low_temperature_freezer,2,-70,-69,-69.5,95.0,840,0,0,0,1,0.0,-69.33333333333333,0.5773502691896278,0.3333333333333286,air_transit_ultra_low_temperature_freezer,-69.0,0.0,0.0,True,False,False,False,False,True,False,1,-0.3491669960712361,False
batch010,2021-06-02 05:00:00,Not Available,air_transit,ultra_low_temperature_freezer,2,-69,-69,-69.0,95.0,840,0,0,0,0,0.0,-69.0,0.0,0.0,air_transit_ultra_low_temperature_freezer,-69.0,0.0,0.0,True,False,False,False,False,True,False,1,-0.3095030546648811,False
batch010,2021-06-02 06:00:00,Not Available,air_transit,ultra_low_temperature_freezer,2,-71,-69,-70.0,95.0,840,0,0,0,2,0.0,-69.0,0.0,0.0,air_transit_ultra_low_temperature_freezer,-69.0,0.0,0.0,True,False,False,False,False,True,False,1,-0.32347017658240806,False
batch010,2021-06-02 07:00:00,Not Available,air_transit,ultra_low_temperature_freezer,2,-71,-70,-70.5,95.0,840,0,0,0,1,-1.0,-69.33333333333333,0.5773502691896278,-0.6666666666666714,air_transit_ultra_low_temperature_freezer,-69.0,-1.0,1.0,True,False,False,False,False,True,False,1,-0.32729167295734046,False
batch010,2021-06-02 08:00:00,Not Available,air_transit,ultra_low_temperature_freezer,2,-70,-69,-69.5,95.0,840,0,0,0,1,1.0,-69.33333333333333,0.5773502691896278,0.3333333333333286,air_transit_ultra_low_temperature_freezer,-69.0,0.0,0.0,True,False,False,False,False,True,False,1,-0.3454540093428116,False
batch010,2021-06-02 09:00:00,Not Available,air_transit,ultra_low_temperature_freezer,1,-71,-71,-71.0,95.0,840,0,0,0,0,-2.0,-70.0,1.0000000000000018,-1.0,air_transit_ultra_low_temperature_freezer,-69.0,-2.0,2.0,True,False,False,False,False,True,False,1,-0.26414626126403745,False
batch010,2021-06-02 10:00:00,Not Available,air_transit,ultra_low_temperature_freezer,2,-71,-70,-70.5,95.0,840,0,0,0,1,1.0,-70.0,1.0000000000000018,0.0,air_transit_ultra_low_temperature_freezer,-69.0,-1.0,1.0,True,False,False,False,False,True,False,1,-0.31083262513079096,False
batch010,2021-06-02 11:00:00,Not Available,air_transit,ultra_low_temperature_freezer,2,-71,-71,-71.0,95.0,840,0,0,0,0,-1.0,-70.66666666666667,0.5773502691896278,-0.3333333333333286,air_transit_ultra_low_temperature_freezer,-69.0,-2.0,2.0,True,False,False,False,False,True,False,1,-0.24949222300035423,False
batch010,2021-06-02 12:00:00,Mumbai Airport,dest_air_cargo,ultra_low_temperature_freezer,2,-70,-67,-68.5,95.0,840,0,0,0,3,4.0,-69.33333333333333,2.0816659994661317,2.3333333333333286,dest_air_cargo_ultra_low_temperature_freezer,-67.0,0.0,0.0,False,True,False,False,False,True,False,1,-0.15942290660869296,False
batch010,2021-06-02 13:00:00,Mumbai Airport,dest_air_cargo,ultra_low_temperature_freezer,2,-69,-65,-67.0,95.0,840,0,0,0,4,2.0,-67.66666666666667,3.0550504633038935,2.6666666666666714,dest_air_cargo_ultra_low_temperature_freezer,-67.0,2.0,2.0,False,True,False,False,False,True,False,1,-0.11237148629080551,False
batch010,2021-06-02 14:00:00,Mumbai Airport,dest_air_cargo,ultra_low_temperature_freezer,2,-69,-68,-68.5,95.0,840,0,0,0,1,-3.0,-66.66666666666667,1.5275252316519499,-1.3333333333333286,dest_air_cargo_ultra_low_temperature_freezer,-67.0,-1.0,1.0,False,True,False,False,False,True,False,1,-0.19887530860524105,False
batch010,2021-06-02 15:00:00,Mumbai Airport,dest_air_cargo,ultra_low_temperature_freezer,2,-70,-66,-68.0,95.0,840,0,0,0,4,2.0,-66.33333333333333,1.5275252316519499,0.3333333333333286,dest_air_cargo_ultra_low_temperature_freezer,-67.0,1.0,1.0,False,True,False,False,False,True,False,1,-0.1777979214864127,False
batch010,2021-06-02 16:00:00,Mumbai Airport,dest_air_cargo,ultra_low_temperature_freezer,2,-68,-67,-67.5,95.0,840,0,0,0,1,-1.0,-67.0,1.000000000000007,0.0,dest_air_cargo_ultra_low_temperature_freezer,-67.0,0.0,0.0,False,True,False,False,False,True,False,1,-0.25937099141169395,False
batch010,2021-06-02 17:00:00,Mumbai Airport,dest_air_cargo,ultra_low_temperature_freezer,2,-68,-67,-67.5,95.0,840,0,0,0,1,0.0,-66.66666666666667,0.577350269189637,-0.3333333333333286,dest_air_cargo_ultra_low_temperature_freezer,-67.0,0.0,0.0,False,True,False,False,False,True,False,1,-0.25739412847843296,False
batch010,2021-06-02 18:00:00,Mumbai Airport,dest_air_cargo,vaccine_storage_unit,2,-65,-63,-64.0,92.0,839,1,0,0,2,4.0,-65.66666666666667,2.309401076758505,2.6666666666666714,dest_air_cargo_vaccine_storage_unit,7.0,-70.0,70.0,False,True,False,False,False,False,True,1,-0.026875565457969763,False
batch011,2020-09-01 01:00:00,"Kalamazoo, Michigan",source_hub,ultra_low_temperature_freezer,2,-70,-69,-69.5,95.0,840,0,0,0,1,0.0,-69.0,0.0,0.0,source_hub_ultra_low_temperature_freezer,-69.0,0.0,0.0,False,False,False,True,False,True,False,1,-0.33475665422096784,False
batch011,2020-09-01 02:00:00,"Kalamazoo, Michigan",source_hub,ultra_low_temperature_freezer,2,-70,-70,-70.0,95.0,840,0,0,0,0,-1.0,-69.5,0.7071067811865476,-0.5,source_hub_ultra_low_temperature_freezer,-69.0,-1.0,1.0,False,False,False,True,False,True,False,1,-0.31010938474348726,False
batch011,2020-09-01 03:00:00,"Kalamazoo, Michigan",source_hub,ultra_low_temperature_freezer,2,-71,-69,-70.0,95.0,840,0,0,0,2,1.0,-69.33333333333333,0.5773502691896247,0.3333333333333286,source_hub_ultra_low_temperature_freezer,-69.0,0.0,0.0,False,False,False,True,False,True,False,1,-0.33732507397149486,False
batch011,2020-09-01 04:00:00,"Kalamazoo, Michigan",source_hub,ultra_low_temperature_freezer,2,-70,-69,-69.5,95.0,840,0,0,0,1,0.0,-69.33333333333333,0.5773502691896247,0.3333333333333286,source_hub_ultra_low_temperature_freezer,-69.0,0.0,0.0,False,False,False,True,False,True,False,1,-0.3491669960712361,False
batch011,2020-09-01 05:00:00,"Kalamazoo, Michigan",source_hub,ultra_low_temperature_freezer,2,-71,-69,-70.0,95.0,840,0,0,0,2,0.0,-69.0,0.0,0.0,source_hub_ultra_low_temperature_freezer,-69.0,0.0,0.0,False,False,False,True,False,True,False,1,-0.32347017658240806,False
batch011,2020-09-01 06:00:00,"Kalamazoo, Michigan",source_hub,ultra_low_temperature_freezer,1,-69,-69,-69.0,95.0,840,0,0,0,0,0.0,-69.0,0.0,0.0,source_hub_ultra_low_temperature_freezer,-69.0,0.0,0.0,False,False,False,True,False,True,False,1,-0.3095030546648811,False
batch011,2020-09-01 07:00:00,"Kalamazoo, Michigan",source_hub,ultra_low_temperature_freezer,2,-71,-69,-70.0,95.0,840,0,0,0,2,0.0,-69.0,0.0,0.0,source_hub_ultra_low_temperature_freezer,-69.0,0.0,0.0,False,False,False,True,False,True,False,1,-0.32347017658240806,False
batch011,2020-09-01 08:00:00,"Kalamazoo, Michigan",source_hub,ultra_low_temperature_freezer,1,-69,-69,-69.0,95.0,840,0,0,0,0,0.0,-69.0,0.0,0.0,source_hub_ultra_low_temperature_freezer,-69.0,0.0,0.0,False,False,False,True,False,True,False,1,-0.3095030546648811,False
batch011,2020-09-01 09:00:00,"Kalamazoo, Michigan",source_hub,ultra_low_temperature_freezer,2,-71,-69,-70.0,95.0,840,0,0,0,2,0.0,-69.0,0.0,0.0,source_hub_ultra_low_temperature_freezer,-69.0,0.0,0.0,False,False,False,True,False,True,False,1,-0.32347017658240806,False
batch011,2020-09-01 10:00:00,"Kalamazoo, Michigan",source_hub,ultra_low_temperature_freezer,1,-70,-70,-70.0,95.0,840,0,0,0,0,-1.0,-69.33333333333333,0.5773502691896278,-0.6666666666666714,source_hub_ultra_low_temperature_freezer,-69.0,-1.0,1.0,False,False,False,True,False,True,False,1,-0.3120144503403306,False
batch011,2020-09-01 11:00:00,"Shelbyville, Michigan",source_reefer_truck,ultra_low_temperature_freezer,2,-71,-71,-71.0,95.0,840,0,0,0,0,-1.0,-70.0,1.0000000000000018,-1.0,source_reefer_truck_ultra_low_temperature_freezer,-69.0,-2.0,2.0,False,False,False,False,True,True,False,1,-0.2729805616741406,False
batch011,2020-09-01 12:00:00,"Gerald R Ford International Airport, Michigan",source_air_cargo,ultra_low_temperature_freezer,1,-71,-71,-71.0,95.0,840,0,0,0,0,0.0,-70.66666666666667,0.5773502691896278,-0.3333333333333286,source_air_cargo_ultra_low_temperature_freezer,-69.0,-2.0,2.0,False,False,True,False,False,True,False,1,-0.24728692691101356,False
batch011,2020-09-01 13:00:00,"Gerald R Ford International Airport, Michigan",source_air_cargo,ultra_low_temperature_freezer,2,-71,-71,-71.0,95.0,840,0,0,0,0,0.0,-71.0,0.0,0.0,source_air_cargo_ultra_low_temperature_freezer,-69.0,-2.0,2.0,False,False,True,False,False,True,False,1,-0.2108952170182064,False
batch011,2020-09-01 14:00:00,"Gerald R Ford International Airport, Michigan",source_air_cargo,ultra_low_temperature_freezer,2,-71,-71,-71.0,95.0,840,0,0,0,0,0.0,-71.0,0.0,0.0,source_air_cargo_ultra_low_temperature_freezer,-69.0,-2.0,2.0,False,False,True,False,False,True,False,1,-0.2108952170182064,False
batch011,2020-09-01 15:00:00,Not Available,air_transit,ultra_low_temperature_freezer,2,-71,-71,-71.0,95.0,840,0,0,0,0,0.0,-71.0,0.0,0.0,air_transit_ultra_low_temperature_freezer,-69.0,-2.0,2.0,True,False,False,False,False,True,False,1,-0.2108952170182064,False
batch011,2020-09-01 16:00:00,Not Available,air_transit,ultra_low_temperature_freezer,2,-71,-69,-70.0,95.0,840,0,0,0,2,2.0,-70.33333333333333,1.1547005383792495,1.3333333333333286,air_transit_ultra_low_temperature_freezer,-69.0,0.0,0.0,True,False,False,False,False,True,False,1,-0.26626052284899304,False
batch011,2020-09-01 17:00:00,Not Available,air_transit,ultra_low_temperature_freezer,1,-70,-70,-70.0,95.0,840,0,0,0,0,-1.0,-70.0,0.9999999999999964,0.0,air_transit_ultra_low_temperature_freezer,-69.0,-1.0,1.0,True,False,False,False,False,True,False,1,-0.3082804721418137,False
batch011,2020-09-01 18:00:00,Not Available,air_transit,ultra_low_temperature_freezer,2,-70,-69,-69.5,95.0,840,0,0,0,1,1.0,-69.33333333333333,0.5773502691896186,0.3333333333333286,air_transit_ultra_low_temperature_freezer,-69.0,0.0,0.0,True,False,False,False,False,True,False,1,-0.3454540093428116,False
batch011,2020-09-01 19:00:00,Not Available,air_transit,ultra_low_temperature_freezer,2,-71,-70,-70.5,95.0,840,0,0,0,1,-1.0,-69.66666666666667,0.5773502691896186,-0.3333333333333286,air_transit_ultra_low_temperature_freezer,-69.0,-1.0,1.0,True,False,False,False,False,True,False,1,-0.33196154391316973,False
batch011,2020-09-01 20:00:00,Not Available,air_transit,ultra_low_temperature_freezer,1,-70,-70,-70.0,95.0,840,0,0,0,0,0.0,-69.66666666666667,0.5773502691896186,-0.3333333333333286,air_transit_ultra_low_temperature_freezer,-69.0,-1.0,1.0,True,False,False,False,False,True,False,1,-0.3252878340073377,False
batch011,2020-09-01 21:00:00,Not Available,air_transit,ultra_low_temperature_freezer,2,-70,-69,-69.5,95.0,840,0,0,0,1,1.0,-69.66666666666667,0.5773502691896278,0.6666666666666714,air_transit_ultra_low_temperature_freezer,-69.0,0.0,0.0,True,False,False,False,False,True,False,1,-0.3377481467080661,False
batch011,2020-09-01 22:00:00,Not Available,air_transit,ultra_low_temperature_freezer,2,-70,-69,-69.5,95.0,840,0,0,0,1,0.0,-69.33333333333333,0.5773502691896278,0.3333333333333286,air_transit_ultra_low_temperature_freezer,-69.0,0.0,0.0,True,False,False,False,False,True,False,1,-0.3491669960712361,False
batch011,2020-09-01 23:00:00,Not Available,air_transit,ultra_low_temperature_freezer,2,-71,-69,-70.0,95.0,840,0,0,0,2,0.0,-69.0,0.0,0.0,air_transit_ultra_low_temperature_freezer,-69.0,0.0,0.0,True,False,False,False,False,True,False,1,-0.32347017658240806,False
batch011,2020-09-02 00:00:00,Not Available,air_transit,ultra_low_temperature_freezer,2,-71,-69,-70.0,95.0,840,0,0,0,2,0.0,-69.0,0.0,0.0,air_transit_ultra_low_temperature_freezer,-69.0,0.0,0.0,True,False,False,False,False,True,False,1,-0.32347017658240806,False
batch011,2020-09-02 01:00:00,Not Available,air_transit,ultra_low_temperature_freezer,2,-71,-69,-70.0,95.0,840,0,0,0,2,0.0,-69.0,0.0,0.0,air_transit_ultra_low_temperature_freezer,-69.0,0.0,0.0,True,False,False,False,False,True,False,1,-0.32347017658240806,False
batch011,2020-09-02 02:00:00,Not Available,air_transit,ultra_low_temperature_freezer,2,-70,-69,-69.5,95.0,840,0,0,0,1,0.0,-69.0,0.0,0.0,air_transit_ultra_low_temperature_freezer,-69.0,0.0,0.0,True,False,False,False,False,True,False,1,-0.33475665422096784,False
batch011,2020-09-02 03:00:00,Not Available,air_transit,ultra_low_temperature_freezer,2,-71,-69,-70.0,95.0,840,0,0,0,2,0.0,-69.0,0.0,0.0,air_transit_ultra_low_temperature_freezer,-69.0,0.0,0.0,True,False,False,False,False,True,False,1,-0.32347017658240806,False
batch011,2020-09-02 04:00:00,Not Available,air_transit,ultra_low_temperature_freezer,2,-69,-69,-69.0,95.0,840,0,0,0,0,0.0,-69.0,0.0,0.0,air_transit_ultra_low_temperature_freezer,-69.0,0.0,0.0,True,False,False,False,False,True,False,1,-0.3095030546648811,False
batch011,2020-09-02 05:00:00,Not Available,air_transit,ultra_low_temperature_freezer,2,-70,-69,-69.5,95.0,840,0,0,0,1,0.0,-69.0,0.0,0.0,air_transit_ultra_low_temperature_freezer,-69.0,0.0,0.0,True,False,False,False,False,True,False,1,-0.33475665422096784,False
batch011,2020-09-02 06:00:00,Not Available,air_transit,ultra_low_temperature_freezer,2,-71,-69,-70.0,95.0,840,0,0,0,2,0.0,-69.0,0.0,0.0,air_transit_ultra_low_temperature_freezer,-69.0,0.0,0.0,True,False,False,False,False,True,False,1,-0.32347017658240806,False
batch011,2020-09-02 07:00:00,Not Available,air_transit,ultra_low_temperature_freezer,2,-71,-71,-71.0,95.0,840,0,0,0,0,-2.0,-69.66666666666667,1.1547005383792495,-1.3333333333333286,air_transit_ultra_low_temperature_freezer,-69.0,-2.0,2.0,True,False,False,False,False,True,False,1,-0.25084047606746596,False
batch011,2020-09-02 08:00:00,Not Available,air_transit,ultra_low_temperature_freezer,2,-71,-69,-70.0,95.0,840,0,0,0,2,2.0,-69.66666666666667,1.1547005383792495,0.6666666666666714,air_transit_ultra_low_temperature_freezer,-69.0,0.0,0.0,True,False,False,False,False,True,False,1,-0.3055378030308116,False
batch011,2020-09-02 09:00:00,Not Available,air_transit,ultra_low_temperature_freezer,2,-69,-69,-69.0,95.0,840,0,0,0,0,0.0,-69.66666666666667,1.1547005383792495,0.6666666666666714,air_transit_ultra_low_temperature_freezer,-69.0,0.0,0.0,True,False,False,False,False,True,False,1,-0.30077352229774074,False
batch011,2020-09-02 10:00:00,Not Available,air_transit,ultra_low_temperature_freezer,2,-71,-69,-70.0,95.0,840,0,0,0,2,0.0,-69.0,0.0,0.0,air_transit_ultra_low_temperature_freezer,-69.0,0.0,0.0,True,False,False,False,False,True,False,1,-0.32347017658240806,False
batch011,2020-09-02 11:00:00,Not Available,air_transit,ultra_low_temperature_freezer,2,-69,-69,-69.0,95.0,840,0,0,0,0,0.0,-69.0,0.0,0.0,air_transit_ultra_low_temperature_freezer,-69.0,0.0,0.0,True,False,False,False,False,True,False,1,-0.3095030546648811,False
batch011,2020-09-02 12:00:00,Mumbai Airport,dest_air_cargo,ultra_low_temperature_freezer,2,-70,-67,-68.5,95.0,840,0,0,0,3,2.0,-68.33333333333333,1.1547005383792495,1.3333333333333286,dest_air_cargo_ultra_low_temperature_freezer,-67.0,0.0,0.0,False,True,False,False,False,True,False,1,-0.22776560548940877,False
batch011,2020-09-02 13:00:00,Mumbai Airport,dest_air_cargo,ultra_low_temperature_freezer,2,-67,-65,-66.0,95.0,840,0,0,0,2,2.0,-67.0,1.9999999999999982,2.0,dest_air_cargo_ultra_low_temperature_freezer,-67.0,2.0,2.0,False,True,False,False,False,True,False,1,-0.1489764030940144,False
batch011,2020-09-02 14:00:00,Mumbai Airport,dest_air_cargo,ultra_low_temperature_freezer,2,-67,-65,-66.0,95.0,840,0,0,0,2,0.0,-65.66666666666667,1.1547005383792495,0.6666666666666714,dest_air_cargo_ultra_low_temperature_freezer,-67.0,2.0,2.0,False,True,False,False,False,True,False,1,-0.16971123832925294,False
batch011,2020-09-02 15:00:00,Mumbai Airport,dest_air_cargo,ultra_low_temperature_freezer,2,-68,-66,-67.0,95.0,840,0,0,0,2,-1.0,-65.33333333333333,0.5773502691896278,-0.6666666666666714,dest_air_cargo_ultra_low_temperature_freezer,-67.0,1.0,1.0,False,True,False,False,False,True,False,1,-0.20679518316763146,False
batch011,2020-09-02 16:00:00,Mumbai Airport,dest_air_cargo,ultra_low_temperature_freezer,2,-70,-67,-68.5,95.0,840,0,0,0,3,-1.0,-66.0,1.0000000000000018,-1.0,dest_air_cargo_ultra_low_temperature_freezer,-67.0,0.0,0.0,False,True,False,False,False,True,False,1,-0.2059649072800861,False
batch011,2020-09-02 17:00:00,Mumbai Airport,dest_air_cargo,ultra_low_temperature_freezer,2,-69,-67,-68.0,95.0,840,0,0,0,2,0.0,-66.66666666666667,0.5773502691896278,-0.3333333333333286,dest_air_cargo_ultra_low_temperature_freezer,-67.0,0.0,0.0,False,True,False,False,False,True,False,1,-0.2699845653967393,False
batch011,2020-09-02 18:00:00,Mumbai Airport,dest_air_cargo,vaccine_storage_unit,2,-65,-64,-64.5,93.5,839,1,0,0,1,3.0,-66.0,1.7320508075688772,2.0,dest_air_cargo_vaccine_storage_unit,7.0,-71.0,71.0,False,True,False,False,False,False,True,1,-0.034132865202890494,False
batch012,2020-10-01 01:00:00,"Kalamazoo, Michigan",source_hub,ultra_low_temperature_freezer,2,-70,-69,-69.5,95.0,840,0,0,0,1,0.0,-69.0,0.0,0.0,source_hub_ultra_low_temperature_freezer,-69.0,0.0,0.0,False,False,False,True,False,True,False,1,-0.33475665422096784,False
batch012,2020-10-01 02:00:00,"Kalamazoo, Michigan",source_hub,ultra_low_temperature_freezer,2,-71,-70,-70.5,95.0,840,0,0,0,1,-1.0,-69.5,0.7071067811865476,-0.5,source_hub_ultra_low_temperature_freezer,-69.0,-1.0,1.0,False,False,False,True,False,True,False,1,-0.3166908035742358,False
batch012,2020-10-01 03:00:00,"Kalamazoo, Michigan",source_hub,ultra_low_temperature_freezer,2,-70,-70,-70.0,95.0,840,0,0,0,0,0.0,-69.66666666666667,0.5773502691896247,-0.3333333333333286,source_hub_ultra_low_temperature_freezer,-69.0,-1.0,1.0,False,False,False,True,False,True,False,1,-0.3252878340073377,False
batch012,2020-10-01 04:00:00,"Kalamazoo, Michigan",source_hub,ultra_low_temperature_freezer,2,-70,-69,-69.5,95.0,840,0,0,0,1,1.0,-69.66666666666667,0.5773502691896278,0.6666666666666714,source_hub_ultra_low_temperature_freezer,-69.0,0.0,0.0,False,False,False,True,False,True,False,1,-0.3377481467080661,False
batch012,2020-10-01 05:00:00,"Kalamazoo, Michigan",source_hub,ultra_low_temperature_freezer,2,-71,-70,-70.5,95.0,840,0,0,0,1,-1.0,-69.66666666666667,0.5773502691896278,-0.3333333333333286,source_hub_ultra_low_temperature_freezer,-69.0,-1.0,1.0,False,False,False,True,False,True,False,1,-0.33196154391316973,False
batch012,2020-10-01 06:00:00,"Kalamazoo, Michigan",source_hub,ultra_low_temperature_freezer,2,-71,-70,-70.5,95.0,840,0,0,0,1,0.0,-69.66666666666667,0.5773502691896278,-0.3333333333333286,source_hub_ultra_low_temperature_freezer,-69.0,-1.0,1.0,False,False,False,True,False,True,False,1,-0.33525916918763676,False
batch012,2020-10-01 07:00:00,"Kalamazoo, Michigan",source_hub,ultra_low_temperature_freezer,2,-71,-71,-71.0,95.0,840,0,0,0,0,-1.0,-70.33333333333333,0.5773502691896278,-0.6666666666666714,source_hub_ultra_low_temperature_freezer,-69.0,-2.0,2.0,False,False,False,True,False,True,False,1,-0.2648274617561135,False
batch012,2020-10-01 08:00:00,"Kalamazoo, Michigan",source_hub,ultra_low_temperature_freezer,2,-70,-69,-69.5,95.0,840,0,0,0,1,2.0,-70.0,1.0000000000000018,1.0,source_hub_ultra_low_temperature_freezer,-69.0,0.0,0.0,False,False,False,True,False,True,False,1,-0.29710981485308285,False
batch012,2020-10-01 09:00:00,"Kalamazoo, Michigan",source_hub,ultra_low_temperature_freezer,2,-71,-69,-70.0,95.0,840,0,0,0,2,0.0,-69.66666666666667,1.1547005383792541,0.6666666666666714,source_hub_ultra_low_temperature_freezer,-69.0,0.0,0.0,False,False,False,True,False,True,False,1,-0.3188164613276948,False
batch012,2020-10-01 10:00:00,"Kalamazoo, Michigan",source_hub,ultra_low_temperature_freezer,2,-70,-69,-69.5,95.0,840,0,0,0,1,0.0,-69.0,0.0,0.0,source_hub_ultra_low_temperature_freezer,-69.0,0.0,0.0,False,False,False,True,False,True,False,1,-0.33475665422096784,False
batch012,2020-10-01 11:00:00,"Shelbyville, Michigan",source_reefer_truck,ultra_low_temperature_freezer,2,-71,-70,-70.5,95.0,840,0,0,0,1,-1.0,-69.33333333333333,0.5773502691896278,-0.6666666666666714,source_reefer_truck_ultra_low_temperature_freezer,-69.0,-1.0,1.0,False,False,False,False,True,True,False,1,-0.32729167295734046,False
batch012,2020-10-01 12:00:00,"Gerald R Ford International Airport, Michigan",source_air_cargo,ultra_low_temperature_freezer,2,-69,-69,-69.0,95.0,840,0,0,0,0,1.0,-69.33333333333333,0.5773502691896278,0.3333333333333286,source_air_cargo_ultra_low_temperature_freezer,-69.0,0.0,0.0,False,False,True,False,False,True,False,1,-0.31771943875511394,False
batch012,2020-10-01 13:00:00,"Gerald R Ford International Airport, Michigan",source_air_cargo,ultra_low_temperature_freezer,2,-70,-69,-69.5,95.0,840,0,0,0,1,0.0,-69.33333333333333,0.5773502691896278,0.3333333333333286,source_air_cargo_ultra_low_temperature_freezer,-69.0,0.0,0.0,False,False,True,False,False,True,False,1,-0.3491669960712361,False
batch012,2020-10-01 14:00:00,"Gerald R Ford International Airport, Michigan",source_air_cargo,ultra_low_temperature_freezer,2,-71,-69,-70.0,95.0,840,0,0,0,2,0.0,-69.0,0.0,0.0,source_air_cargo_ultra_low_temperature_freezer,-69.0,0.0,0.0,False,False,True,False,False,True,False,1,-0.32347017658240806,False
batch012,2020-10-01 15:00:00,Not Available,air_transit,ultra_low_temperature_freezer,1,-70,-70,-70.0,95.0,840,0,0,0,0,-1.0,-69.33333333333333,0.5773502691896278,-0.6666666666666714,air_transit_ultra_low_temperature_freezer,-69.0,-1.0,1.0,True,False,False,False,False,True,False,1,-0.3120144503403306,False
batch012,2020-10-01 16:00:00,Not Available,air_transit,ultra_low_temperature_freezer,2,-71,-69,-70.0,95.0,840,0,0,0,2,1.0,-69.33333333333333,0.5773502691896278,0.3333333333333286,air_transit_ultra_low_temperature_freezer,-69.0,0.0,0.0,True,False,False,False,False,True,False,1,-0.33732507397149486,False
batch012,2020-10-01 17:00:00,Not Available,air_transit,ultra_low_temperature_freezer,2,-71,-69,-70.0,95.0,840,0,0,0,2,0.0,-69.33333333333333,0.5773502691896278,0.3333333333333286,air_transit_ultra_low_temperature_freezer,-69.0,0.0,0.0,True,False,False,False,False,True,False,1,-0.3377777300659409,False
batch012,2020-10-01 18:00:00,Not Available,air_transit,ultra_low_temperature_freezer,2,-71,-69,-70.0,95.0,840,0,0,0,2,0.0,-69.0,0.0,0.0,air_transit_ultra_low_temperature_freezer,-69.0,0.0,0.0,True,False,False,False,False,True,False,1,-0.32347017658240806,False
batch012,2020-10-01 19:00:00,Not Available,air_transit,ultra_low_temperature_freezer,2,-71,-69,-70.0,95.0,840,0,0,0,2,0.0,-69.0,0.0,0.0,air_transit_ultra_low_temperature_freezer,-69.0,0.0,0.0,True,False,False,False,False,True,False,1,-0.32347017658240806,False
batch012,2020-10-01 20:00:00,Not Available,air_transit,ultra_low_temperature_freezer,2,-70,-69,-69.5,95.0,840,0,0,0,1,0.0,-69.0,0.0,0.0,air_transit_ultra_low_temperature_freezer,-69.0,0.0,0.0,True,False,False,False,False,True,False,1,-0.33475665422096784,False
batch012,2020-10-01 21:00:00,Not Available,air_transit,ultra_low_temperature_freezer,2,-71,-70,-70.5,95.0,840,0,0,0,1,-1.0,-69.33333333333333,0.5773502691896278,-0.6666666666666714,air_transit_ultra_low_temperature_freezer,-69.0,-1.0,1.0,True,False,False,False,False,True,False,1,-0.32729167295734046,False
batch012,2020-10-01 22:00:00,Not Available,air_transit,ultra_low_temperature_freezer,1,-70,-70,-70.0,95.0,840,0,0,0,0,0.0,-69.66666666666667,0.5773502691896278,-0.3333333333333286,air_transit_ultra_low_temperature_freezer,-69.0,-1.0,1.0,True,False,False,False,False,True,False,1,-0.3252878340073377,False
batch012,2020-10-01 23:00:00,Not Available,air_transit,ultra_low_temperature_freezer,2,-71,-70,-70.5,95.0,840,0,0,0,1,0.0,-70.0,0.0,0.0,air_transit_ultra_low_temperature_freezer,-69.0,-1.0,1.0,True,False,False,False,False,True,False,1,-0.3094352017660051,False
batch012,2020-10-02 00:00:00,Not Available,air_transit,ultra_low_temperature_freezer,2,-71,-71,-71.0,95.0,840,0,0,0,0,-1.0,-70.33333333333333,0.5773502691896278,-0.6666666666666714,air_transit_ultra_low_temperature_freezer,-69.0,-2.0,2.0,True,False,False,False,False,True,False,1,-0.2648274617561135,False
batch012,2020-10-02 01:00:00,Not Available,air_transit,ultra_low_temperature_freezer,2,-71,-69,-70.0,95.0,840,0,0,0,2,2.0,-70.0,1.0000000000000018,1.0,air_transit_ultra_low_temperature_freezer,-69.0,0.0,0.0,True,False,False,False,False,True,False,1,-0.28622951597203966,False
batch012,2020-10-02 02:00:00,Not Available,air_transit,ultra_low_temperature_freezer,2,-71,-70,-70.5,95.0,840,0,0,0,1,-1.0,-70.0,1.0000000000000018,0.0,air_transit_ultra_low_temperature_freezer,-69.0,-1.0,1.0,True,False,False,False,False,True,False,1,-0.311232224187819,False
batch012,2020-10-02 03:00:00,Not Available,air_transit,ultra_low_temperature_freezer,2,-71,-69,-70.0,95.0,840,0,0,0,2,1.0,-69.33333333333333,0.5773502691896278,0.3333333333333286,air_transit_ultra_low_temperature_freezer,-69.0,0.0,0.0,True,False,False,False,False,True,False,1,-0.33732507397149486,False
batch012,2020-10-02 04:00:00,Not Available,air_transit,ultra_low_temperature_freezer,2,-70,-70,-70.0,95.0,840,0,0,0,0,-1.0,-69.66666666666667,0.5773502691896278,-0.3333333333333286,air_transit_ultra_low_temperature_freezer,-69.0,-1.0,1.0,True,False,False,False,False,True,False,1,-0.3229838430845815,False
batch012,2020-10-02 05:00:00,Not Available,air_transit,ultra_low_temperature_freezer,2,-71,-70,-70.5,95.0,840,0,0,0,1,0.0,-69.66666666666667,0.5773502691896278,-0.3333333333333286,air_transit_ultra_low_temperature_freezer,-69.0,-1.0,1.0,True,False,False,False,False,True,False,1,-0.33525916918763676,False
batch012,2020-10-02 06:00:00,Not Available,air_transit,ultra_low_temperature_freezer,2,-71,-70,-70.5,95.0,840,0,0,0,1,0.0,-70.0,0.0,0.0,air_transit_ultra_low_temperature_freezer,-69.0,-1.0,1.0,True,False,False,False,False,True,False,1,-0.3094352017660051,False
batch012,2020-10-02 07:00:00,Not Available,air_transit,ultra_low_temperature_freezer,2,-71,-70,-70.5,95.0,840,0,0,0,1,0.0,-70.0,0.0,0.0,air_transit_ultra_low_temperature_freezer,-69.0,-1.0,1.0,True,False,False,False,False,True,False,1,-0.3094352017660051,False
batch012,2020-10-02 08:00:00,Delhi Airport,dest_air_cargo,ultra_low_temperature_freezer,2,-71,-70,-70.5,95.0,840,0,0,0,1,0.0,-70.0,0.0,0.0,dest_air_cargo_ultra_low_temperature_freezer,-67.0,-3.0,3.0,False,True,False,False,False,True,False,1,-0.22272446477754898,False
batch012,2020-10-02 09:00:00,Delhi Airport,dest_air_cargo,ultra_low_temperature_freezer,2,-70,-69,-69.5,95.0,840,0,0,0,1,1.0,-69.66666666666667,0.5773502691896278,0.6666666666666714,dest_air_cargo_ultra_low_temperature_freezer,-67.0,-2.0,2.0,False,True,False,False,False,True,False,1,-0.2910872250245758,False
batch012,2020-10-02 10:00:00,Delhi Airport,dest_air_cargo,ultra_low_temperature_freezer,2,-70,-69,-69.5,95.0,840,0,0,0,1,0.0,-69.33333333333333,0.5773502691896278,0.3333333333333286,dest_air_cargo_ultra_low_temperature_freezer,-67.0,-2.0,2.0,False,True,False,False,False,True,False,1,-0.3007539070908085,False
batch012,2020-10-02 11:00:00,Delhi Airport,dest_air_cargo,ultra_low_temperature_freezer,2,-71,-70,-70.5,95.0,840,0,0,0,1,-1.0,-69.33333333333333,0.5773502691896278,-0.6666666666666714,dest_air_cargo_ultra_low_temperature_freezer,-67.0,-3.0,3.0,False,True,False,False,False,True,False,1,-0.2420590370039366,False
batch012,2020-10-02 12:00:00,Delhi Airport,dest_air_cargo,ultra_low_temperature_freezer,2,-71,-69,-70.0,95.0,840,0,0,0,2,1.0,-69.33333333333333,0.5773502691896278,0.3333333333333286,dest_air_cargo_ultra_low_temperature_freezer,-67.0,-2.0,2.0,False,True,False,False,False,True,False,1,-0.2797299027416283,False
batch012,2020-10-02 13:00:00,Delhi Airport,dest_air_cargo,ultra_low_temperature_freezer,1,-71,-71,-71.0,95.0,840,0,0,0,0,-2.0,-70.0,1.0000000000000018,-1.0,dest_air_cargo_ultra_low_temperature_freezer,-67.0,-4.0,4.0,False,True,False,False,False,True,False,1,-0.1841499860594491,False
batch012,2020-10-02 14:00:00,Delhi Airport,dest_air_cargo,vaccine_storage_unit,2,-65,-62,-63.5,91.5,839,1,0,0,3,9.0,-67.33333333333333,4.725815626252607,5.333333333333329,dest_air_cargo_vaccine_storage_unit,7.0,-69.0,69.0,False,True,False,False,False,False,True,1,-0.009817496304451279,False
batch013,2020-11-01 01:00:00,"Kalamazoo, Michigan",source_hub,ultra_low_temperature_freezer,2,-69,-69,-69.0,95.0,840,0,0,0,0,0.0,-69.0,0.0,0.0,source_hub_ultra_low_temperature_freezer,-69.0,0.0,0.0,False,False,False,True,False,True,False,1,-0.3095030546648811,False
batch013,2020-11-01 02:00:00,"Kalamazoo, Michigan",source_hub,ultra_low_temperature_freezer,2,-70,-69,-69.5,95.0,840,0,0,0,1,0.0,-69.0,0.0,0.0,source_hub_ultra_low_temperature_freezer,-69.0,0.0,0.0,False,False,False,True,False,True,False,1,-0.33475665422096784,False
batch013,2020-11-01 03:00:00,"Kalamazoo, Michigan",source_hub,ultra_low_temperature_freezer,2,-70,-69,-69.5,95.0,840,0,0,0,1,0.0,-69.0,0.0,0.0,source_hub_ultra_low_temperature_freezer,-69.0,0.0,0.0,False,False,False,True,False,True,False,1,-0.33475665422096784,False
batch013,2020-11-01 04:00:00,"Kalamazoo, Michigan",source_hub,ultra_low_temperature_freezer,2,-71,-69,-70.0,95.0,840,0,0,0,2,0.0,-69.0,0.0,0.0,source_hub_ultra_low_temperature_freezer,-69.0,0.0,0.0,False,False,False,True,False,True,False,1,-0.32347017658240806,False
batch013,2020-11-01 05:00:00,"Kalamazoo, Michigan",source_hub,ultra_low_temperature_freezer,2,-71,-71,-71.0,95.0,840,0,0,0,0,-2.0,-69.66666666666667,1.1547005383792495,-1.3333333333333286,source_hub_ultra_low_temperature_freezer,-69.0,-2.0,2.0,False,False,False,True,False,True,False,1,-0.25084047606746596,False
batch013,2020-11-01 06:00:00,"Kalamazoo, Michigan",source_hub,ultra_low_temperature_freezer,2,-71,-69,-70.0,95.0,840,0,0,0,2,2.0,-69.66666666666667,1.1547005383792495,0.6666666666666714,source_hub_ultra_low_temperature_freezer,-69.0,0.0,0.0,False,False,False,True,False,True,False,1,-0.3055378030308116,False
batch013,2020-11-01 07:00:00,"Kalamazoo, Michigan",source_hub,ultra_low_temperature_freezer,2,-70,-69,-69.5,95.0,840,0,0,0,1,0.0,-69.66666666666667,1.1547005383792495,0.6666666666666714,source_hub_ultra_low_temperature_freezer,-69.0,0.0,0.0,False,False,False,True,False,True,False,1,-0.33243127773137215,False
batch013,2020-11-01 08:00:00,"Kalamazoo, Michigan",source_hub,ultra_low_temperature_freezer,2,-71,-69,-70.0,95.0,840,0,0,0,2,0.0,-69.0,0.0,0.0,source_hub_ultra_low_temperature_freezer,-69.0,0.0,0.0,False,False,False,True,False,True,False,1,-0.32347017658240806,False
batch013,2020-11-01 09:00:00,"Kalamazoo, Michigan",source_hub,ultra_low_temperature_freezer,2,-71,-70,-70.5,95.0,840,0,0,0,1,-1.0,-69.33333333333333,0.5773502691896278,-0.6666666666666714,source_hub_ultra_low_temperature_freezer,-69.0,-1.0,1.0,False,False,False,True,False,True,False,1,-0.32729167295734046,False
batch013,2020-11-01 10:00:00,"Kalamazoo, Michigan",source_hub,ultra_low_temperature_freezer,2,-71,-69,-70.0,95.0,840,0,0,0,2,1.0,-69.33333333333333,0.5773502691896278,0.3333333333333286,source_hub_ultra_low_temperature_freezer,-69.0,0.0,0.0,False,False,False,True,False,True,False,1,-0.33732507397149486,False
batch013,2020-11-01 11:00:00,"Shelbyville, Michigan",source_reefer_truck,ultra_low_temperature_freezer,2,-70,-70,-70.0,95.0,840,0,0,0,0,-1.0,-69.66666666666667,0.5773502691896278,-0.3333333333333286,source_reefer_truck_ultra_low_temperature_freezer,-69.0,-1.0,1.0,False,False,False,False,True,True,False,1,-0.3229838430845815,False
batch013,2020-11-01 12:00:00,"Gerald R Ford International Airport, Michigan",source_air_cargo,ultra_low_temperature_freezer,2,-71,-69,-70.0,95.0,840,0,0,0,2,1.0,-69.33333333333333,0.5773502691896278,0.3333333333333286,source_air_cargo_ultra_low_temperature_freezer,-69.0,0.0,0.0,False,False,True,False,False,True,False,1,-0.33732507397149486,False
batch013,2020-11-01 13:00:00,"Gerald R Ford International Airport, Michigan",source_air_cargo,ultra_low_temperature_freezer,2,-71,-69,-70.0,95.0,840,0,0,0,2,0.0,-69.33333333333333,0.5773502691896278,0.3333333333333286,source_air_cargo_ultra_low_temperature_freezer,-69.0,0.0,0.0,False,False,True,False,False,True,False,1,-0.3377777300659409,False
batch013,2020-11-01 14:00:00,"Gerald R Ford International Airport, Michigan",source_air_cargo,ultra_low_temperature_freezer,2,-71,-71,-71.0,95.0,840,0,0,0,0,-2.0,-69.66666666666667,1.1547005383792495,-1.3333333333333286,source_air_cargo_ultra_low_temperature_freezer,-69.0,-2.0,2.0,False,False,True,False,False,True,False,1,-0.25084047606746596,False
batch013,2020-11-01 15:00:00,Not Available,air_transit,ultra_low_temperature_freezer,2,-70,-69,-69.5,95.0,840,0,0,0,1,2.0,-69.66666666666667,1.1547005383792495,0.6666666666666714,air_transit_ultra_low_temperature_freezer,-69.0,0.0,0.0,True,False,False,False,False,True,False,1,-0.3159314373617168,False
batch013,2020-11-01 16:00:00,Not Available,air_transit,ultra_low_temperature_freezer,2,-71,-70,-70.5,95.0,840,0,0,0,1,-1.0,-70.0,0.9999999999999964,0.0,air_transit_ultra_low_temperature_freezer,-69.0,-1.0,1.0,True,False,False,False,False,True,False,1,-0.311232224187819,False
batch013,2020-11-01 17:00:00,Not Available,air_transit,ultra_low_temperature_freezer,2,-70,-69,-69.5,95.0,840,0,0,0,1,1.0,-69.33333333333333,0.5773502691896186,0.3333333333333286,air_transit_ultra_low_temperature_freezer,-69.0,0.0,0.0,True,False,False,False,False,True,False,1,-0.3454540093428116,False
batch013,2020-11-01 18:00:00,Not Available,air_transit,ultra_low_temperature_freezer,1,-70,-70,-70.0,95.0,840,0,0,0,0,-1.0,-69.66666666666667,0.5773502691896186,-0.3333333333333286,air_transit_ultra_low_temperature_freezer,-69.0,-1.0,1.0,True,False,False,False,False,True,False,1,-0.3229838430845815,False
batch013,2020-11-01 19:00:00,Not Available,air_transit,ultra_low_temperature_freezer,1,-70,-70,-70.0,95.0,840,0,0,0,0,0.0,-69.66666666666667,0.5773502691896186,-0.3333333333333286,air_transit_ultra_low_temperature_freezer,-69.0,-1.0,1.0,True,False,False,False,False,True,False,1,-0.3252878340073377,False
batch013,2020-11-01 20:00:00,Not Available,air_transit,ultra_low_temperature_freezer,2,-70,-69,-69.5,95.0,840,0,0,0,1,1.0,-69.66666666666667,0.5773502691896278,0.6666666666666714,air_transit_ultra_low_temperature_freezer,-69.0,0.0,0.0,True,False,False,False,False,True,False,1,-0.3377481467080661,False
batch013,2020-11-01 21:00:00,Not Available,air_transit,ultra_low_temperature_freezer,2,-70,-69,-69.5,95.0,840,0,0,0,1,0.0,-69.33333333333333,0.5773502691896278,0.3333333333333286,air_transit_ultra_low_temperature_freezer,-69.0,0.0,0.0,True,False,False,False,False,True,False,1,-0.3491669960712361,False
batch013,2020-11-01 22:00:00,Not Available,air_transit,ultra_low_temperature_freezer,2,-70,-69,-69.5,95.0,840,0,0,0,1,0.0,-69.0,0.0,0.0,air_transit_ultra_low_temperature_freezer,-69.0,0.0,0.0,True,False,False,False,False,True,False,1,-0.33475665422096784,False
batch013,2020-11-01 23:00:00,Not Available,air_transit,ultra_low_temperature_freezer,2,-71,-71,-71.0,95.0,840,0,0,0,0,-2.0,-69.66666666666667,1.1547005383792495,-1.3333333333333286,air_transit_ultra_low_temperature_freezer,-69.0,-2.0,2.0,True,False,False,False,False,True,False,1,-0.25084047606746596,False
batch013,2020-11-02 00:00:00,Not Available,air_transit,ultra_low_temperature_freezer,2,-70,-69,-69.5,95.0,840,0,0,0,1,2.0,-69.66666666666667,1.1547005383792495,0.6666666666666714,air_transit_ultra_low_temperature_freezer,-69.0,0.0,0.0,True,False,False,False,False,True,False,1,-0.3159314373617168,False
batch013,2020-11-02 01:00:00,Not Available,air_transit,ultra_low_temperature_freezer,2,-71,-70,-70.5,95.0,840,0,0,0,1,-1.0,-70.0,0.9999999999999964,0.0,air_transit_ultra_low_temperature_freezer,-69.0,-1.0,1.0,True,False,False,False,False,True,False,1,-0.311232224187819,False
batch013,2020-11-02 02:00:00,Not Available,air_transit,ultra_low_temperature_freezer,2,-71,-71,-71.0,95.0,840,0,0,0,0,-1.0,-70.0,0.9999999999999964,-1.0,air_transit_ultra_low_temperature_freezer,-69.0,-2.0,2.0,True,False,False,False,False,True,False,1,-0.2729805616741406,False
batch013,2020-11-02 03:00:00,Not Available,air_transit,ultra_low_temperature_freezer,2,-70,-69,-69.5,95.0,840,0,0,0,1,2.0,-70.0,0.9999999999999964,1.0,air_transit_ultra_low_temperature_freezer,-69.0,0.0,0.0,True,False,False,False,False,True,False,1,-0.29710981485308285,False
batch013,2020-11-02 04:00:00,Not Available,air_transit,ultra_low_temperature_freezer,2,-71,-69,-70.0,95.0,840,0,0,0,2,0.0,-69.66666666666667,1.1547005383792495,0.6666666666666714,air_transit_ultra_low_temperature_freezer,-69.0,0.0,0.0,True,False,False,False,False,True,False,1,-0.3188164613276948,False
batch013,2020-11-02 05:00:00,Not Available,air_transit,ultra_low_temperature_freezer,2,-70,-70,-70.0,95.0,840,0,0,0,0,-1.0,-69.33333333333333,0.5773502691896278,-0.6666666666666714,air_transit_ultra_low_temperature_freezer,-69.0,-1.0,1.0,True,False,False,False,False,True,False,1,-0.3120144503403306,False
batch013,2020-11-02 06:00:00,Not Available,air_transit,ultra_low_temperature_freezer,2,-71,-70,-70.5,95.0,840,0,0,0,1,0.0,-69.66666666666667,0.5773502691896278,-0.3333333333333286,air_transit_ultra_low_temperature_freezer,-69.0,-1.0,1.0,True,False,False,False,False,True,False,1,-0.33525916918763676,False
batch013,2020-11-02 07:00:00,Not Available,air_transit,ultra_low_temperature_freezer,2,-70,-67,-68.5,95.0,840,0,0,0,3,3.0,-69.0,1.7320508075688772,2.0,air_transit_ultra_low_temperature_freezer,-69.0,2.0,2.0,True,False,False,False,False,True,False,1,-0.16246569310108594,False
batch013,2020-11-02 08:00:00,Not Available,air_transit,ultra_low_temperature_freezer,1,-69,-69,-69.0,95.0,840,0,0,0,0,-2.0,-68.66666666666667,1.5275252316519463,-0.3333333333333286,air_transit_ultra_low_temperature_freezer,-69.0,0.0,0.0,True,False,False,False,False,True,False,1,-0.2616596341026897,False
batch013,2020-11-02 09:00:00,Not Available,air_transit,ultra_low_temperature_freezer,2,-35,-33,-34.0,92.0,840,0,1,0,2,36.0,-56.333333333333336,20.231987873991358,23.333333333333336,air_transit_ultra_low_temperature_freezer,-69.0,36.0,36.0,True,False,False,False,False,True,False,-1,0.05417882392426332,True
batch013,2020-11-02 10:00:00,Not Available,air_transit,ultra_low_temperature_freezer,2,-60,-52,-56.0,91.5,840,0,2,0,8,-19.0,-51.333333333333336,18.0092568789868,-0.6666666666666643,air_transit_ultra_low_temperature_freezer,-69.0,17.0,17.0,True,False,False,False,False,True,False,-1,0.03019421424434998,True
batch013,2020-11-02 11:00:00,Not Available,air_transit,ultra_low_temperature_freezer,2,-48,-44,-46.0,92.5,840,0,3,0,4,8.0,-43.0,9.53939201416946,-1.0,air_transit_ultra_low_temperature_freezer,-69.0,25.0,25.0,True,False,False,False,False,True,False,-1,0.024703398766687923,True
batch013,2020-11-02 12:00:00,Delhi Airport,dest_air_cargo,vaccine_storage_unit,2,-39,-38,-38.5,92.0,839,0,4,0,1,6.0,-44.666666666666664,7.023769168568497,6.666666666666664,dest_air_cargo_vaccine_storage_unit,7.0,-45.0,45.0,False,True,False,False,False,False,True,1,-0.004466811631034462,False
batch013,2020-11-02 13:00:00,Delhi Airport,dest_air_cargo,vaccine_storage_unit,2,-34,-32,-33.0,93.0,838,0,5,0,2,6.0,-38.0,6.0000000000000036,6.0,dest_air_cargo_vaccine_storage_unit,7.0,-39.0,39.0,False,True,False,False,False,False,True,1,-0.0072050035794344325,False
batch013,2020-11-02 14:00:00,Delhi Airport,dest_air_cargo,vaccine_storage_unit,2,-23,-22,-22.5,93.0,837,0,6,0,1,10.0,-30.666666666666668,8.082903768654765,8.666666666666668,dest_air_cargo_vaccine_storage_unit,7.0,-29.0,29.0,False,True,False,False,False,False,True,-1,0.00847402759067506,True
batch013,2020-11-02 15:00:00,Delhi Airport,dest_air_cargo,vaccine_storage_unit,2,-12,-11,-11.5,93.5,836,0,7,0,1,11.0,-21.666666666666668,10.50396750439249,10.666666666666668,dest_air_cargo_vaccine_storage_unit,7.0,-18.0,18.0,False,True,False,False,False,False,True,-1,0.016789354848624094,True
batch013,2020-11-02 16:00:00,Delhi Airport,dest_air_cargo,vaccine_storage_unit,2,2,4,3.0,92.5,835,0,7,1,2,15.0,-9.666666666666666,13.051181300301266,13.666666666666666,dest_air_cargo_vaccine_storage_unit,7.0,-3.0,3.0,False,True,False,False,False,False,True,-1,0.021622874829770766,True
batch013,2020-11-02 17:00:00,Delhi Airport,dest_air_cargo,vaccine_storage_unit,2,4,4,4.0,93.5,834,0,7,2,0,0.0,-1.0,8.660254037844393,5.0,dest_air_cargo_vaccine_storage_unit,7.0,-3.0,3.0,False,True,False,False,False,False,True,1,-0.013617340381175902,False
batch013,2020-11-02 18:00:00,Delhi Airport,dest_air_cargo,vaccine_storage_unit,2,6,7,6.5,88.0,833,0,7,3,1,3.0,5.0,1.7320508075688772,2.0,dest_air_cargo_vaccine_storage_unit,7.0,0.0,0.0,False,True,False,False,False,False,True,1,-0.15762918804488468,False
batch013,2020-11-02 19:00:00,Delhi Airport,dest_air_cargo,vaccine_storage_unit,2,8,8,8.0,88.0,832,0,7,4,0,1.0,6.333333333333333,2.081665999466133,1.666666666666667,dest_air_cargo_vaccine_storage_unit,7.0,1.0,1.0,False,True,False,False,False,False,True,1,-0.16137125088972126,False
batch013,2020-11-02 20:00:00,Delhi Airport,dest_air_cargo,vaccine_storage_unit,2,6,8,7.0,86.0,831,0,7,5,2,0.0,7.666666666666667,0.5773502691896266,0.33333333333333304,dest_air_cargo_vaccine_storage_unit,7.0,1.0,1.0,False,True,False,False,False,False,True,1,-0.24281604645571642,False
batch013,2020-11-02 21:00:00,Delhi Airport,dest_air_cargo,vaccine_storage_unit,2,6,8,7.0,87.0,830,0,7,6,2,0.0,8.0,0.0,0.0,dest_air_cargo_vaccine_storage_unit,7.0,1.0,1.0,False,True,False,False,False,False,True,1,-0.2500300584075196,False
batch013,2020-11-02 22:00:00,Delhi Airport,dest_air_cargo,vaccine_storage_unit,2,7,7,7.0,89.5,829,0,7,7,0,-1.0,7.666666666666667,0.5773502691896258,-0.666666666666667,dest_air_cargo_vaccine_storage_unit,7.0,0.0,0.0,False,True,False,False,False,False,True,1,-0.2217372825397072,False
batch013,2020-11-02 23:00:00,Delhi Airport,dest_air_cargo,vaccine_storage_unit,2,7,8,7.5,88.0,828,0,7,8,1,1.0,7.666666666666667,0.5773502691896258,0.33333333333333304,dest_air_cargo_vaccine_storage_unit,7.0,1.0,1.0,False,True,False,False,False,False,True,1,-0.278505979171884,False
batch013,2020-11-03 00:00:00,Delhi Airport,dest_air_cargo,vaccine_storage_unit,2,7,8,7.5,85.5,827,0,7,9,1,0.0,7.666666666666667,0.5773502691896258,0.33333333333333304,dest_air_cargo_vaccine_storage_unit,7.0,1.0,1.0,False,True,False,False,False,False,True,1,-0.2573337408046034,False
batch013,2020-11-03 01:00:00,Delhi Airport,dest_air_cargo,vaccine_storage_unit,2,6,7,6.5,87.5,826,0,7,10,1,-1.0,7.666666666666667,0.5773502691896258,-0.666666666666667,dest_air_cargo_vaccine_storage_unit,7.0,0.0,0.0,False,True,False,False,False,False,True,1,-0.2672252724612164,False
batch013,2020-11-03 02:00:00,Delhi Airport,dest_air_cargo,vaccine_storage_unit,2,6,8,7.0,89.0,825,0,7,11,2,1.0,7.666666666666667,0.5773502691896258,0.33333333333333304,dest_air_cargo_vaccine_storage_unit,7.0,1.0,1.0,False,True,False,False,False,False,True,1,-0.2505367161276557,False
batch013,2020-11-03 03:00:00,Delhi Airport,dest_air_cargo,vaccine_storage_unit,2,6,8,7.0,88.0,824,0,7,12,2,0.0,7.666666666666667,0.5773502691896258,0.33333333333333304,dest_air_cargo_vaccine_storage_unit,7.0,1.0,1.0,False,True,False,False,False,False,True,1,-0.2663446036135957,False
batch013,2020-11-03 04:00:00,Delhi Airport,dest_air_cargo,vaccine_storage_unit,2,8,8,8.0,87.0,823,0,7,13,0,0.0,8.0,0.0,0.0,dest_air_cargo_vaccine_storage_unit,7.0,1.0,1.0,False,True,False,False,False,False,True,1,-0.208069749361657,False
batch013,2020-11-03 05:00:00,Delhi Airport,dest_air_cargo,vaccine_storage_unit,2,6,7,6.5,88.5,822,0,7,14,1,-1.0,7.666666666666667,0.5773502691896258,-0.666666666666667,dest_air_cargo_vaccine_storage_unit,7.0,0.0,0.0,False,True,False,False,False,False,True,1,-0.2606884080685811,False
batch013,2020-11-03 06:00:00,Delhi Airport,dest_air_cargo,vaccine_storage_unit,2,6,6,6.0,88.5,821,0,7,15,0,-1.0,7.0,1.0,-1.0,dest_air_cargo_vaccine_storage_unit,7.0,-1.0,1.0,False,True,False,False,False,False,True,1,-0.21232800399347795,False
batch013,2020-11-03 07:00:00,Delhi Airport,dest_air_cargo,vaccine_storage_unit,2,7,8,7.5,89.0,820,0,7,16,1,2.0,7.0,1.0,1.0,dest_air_cargo_vaccine_storage_unit,7.0,1.0,1.0,False,True,False,False,False,False,True,1,-0.2298439517859896,False
batch013,2020-11-03 08:00:00,Delhi Airport,dest_air_cargo,vaccine_storage_unit,2,6,7,6.5,87.5,819,0,7,17,1,-1.0,7.0,1.0,0.0,dest_air_cargo_vaccine_storage_unit,7.0,0.0,0.0,False,True,False,False,False,False,True,1,-0.253726698789029,False
batch013,2020-11-03 09:00:00,Delhi Airport,dest_air_cargo,vaccine_storage_unit,2,6,8,7.0,88.5,818,0,7,18,2,1.0,7.666666666666667,0.5773502691896258,0.33333333333333304,dest_air_cargo_vaccine_storage_unit,7.0,1.0,1.0,False,True,False,False,False,False,True,1,-0.25736123665705696,False
batch013,2020-11-03 10:00:00,Delhi Airport,dest_air_cargo,vaccine_storage_unit,2,7,8,7.5,87.0,817,0,7,19,1,0.0,7.666666666666667,0.5773502691896258,0.33333333333333304,dest_air_cargo_vaccine_storage_unit,7.0,1.0,1.0,False,True,False,False,False,False,True,1,-0.2800805449758795,False
batch013,2020-11-03 11:00:00,Delhi Airport,dest_air_cargo,vaccine_storage_unit,2,6,7,6.5,86.5,816,0,7,20,1,-1.0,7.666666666666667,0.5773502691896258,-0.666666666666667,dest_air_cargo_vaccine_storage_unit,7.0,0.0,0.0,False,True,False,False,False,False,True,1,-0.25110697447094216,False
batch013,2020-11-03 12:00:00,Delhi Airport,dest_air_cargo,vaccine_storage_unit,2,7,8,7.5,86.0,815,0,7,21,1,1.0,7.666666666666667,0.5773502691896258,0.33333333333333304,dest_air_cargo_vaccine_storage_unit,7.0,1.0,1.0,False,True,False,False,False,False,True,1,-0.2620798291340281,False
batch013,2020-11-03 13:00:00,Delhi Airport,dest_air_cargo,vaccine_storage_unit,2,6,7,6.5,85.5,814,0,7,22,1,-1.0,7.333333333333333,0.5773502691896258,-0.33333333333333304,dest_air_cargo_vaccine_storage_unit,7.0,0.0,0.0,False,True,False,False,False,False,True,1,-0.23782293968701407,False
batch013,2020-11-03 14:00:00,Delhi Airport,dest_air_cargo,vaccine_storage_unit,2,6,6,6.0,88.5,813,0,7,23,0,-1.0,7.0,1.0,-1.0,dest_air_cargo_vaccine_storage_unit,7.0,-1.0,1.0,False,True,False,False,False,False,True,1,-0.21232800399347795,False
batch013,2020-11-03 15:00:00,Delhi Airport,dest_air_cargo,vaccine_storage_unit,2,6,7,6.5,89.0,812,0,7,24,1,1.0,6.666666666666667,0.5773502691896258,0.33333333333333304,dest_air_cargo_vaccine_storage_unit,7.0,0.0,0.0,False,True,False,False,False,False,True,1,-0.23138253678184284,False
batch013,2020-11-03 16:00:00,Delhi Airport,dest_air_cargo,vaccine_storage_unit,2,7,7,7.0,88.5,811,0,7,25,0,0.0,6.666666666666667,0.5773502691896258,0.33333333333333304,dest_air_cargo_vaccine_storage_unit,7.0,0.0,0.0,False,True,False,False,False,False,True,1,-0.21966728558079934,False
batch013,2020-11-03 17:00:00,Delhi Airport,dest_air_cargo,vaccine_storage_unit,2,6,6,6.0,86.0,810,0,7,26,0,-1.0,6.666666666666667,0.5773502691896258,-0.666666666666667,dest_air_cargo_vaccine_storage_unit,7.0,-1.0,1.0,False,True,False,False,False,False,True,1,-0.1852187888123744,False
batch013,2020-11-03 18:00:00,Delhi Airport,dest_air_cargo,vaccine_storage_unit,2,7,8,7.5,87.0,809,0,7,27,1,2.0,7.0,1.0,1.0,dest_air_cargo_vaccine_storage_unit,7.0,1.0,1.0,False,True,False,False,False,False,True,1,-0.23299303354458295,False
batch013,2020-11-03 19:00:00,Delhi Airport,dest_air_cargo,vaccine_storage_unit,2,7,8,7.5,89.0,808,0,7,28,1,0.0,7.333333333333333,1.1547005383792517,0.666666666666667,dest_air_cargo_vaccine_storage_unit,7.0,1.0,1.0,False,True,False,False,False,False,True,1,-0.25344363476802645,False
batch013,2020-11-03 20:00:00,Delhi Airport,dest_air_cargo,vaccine_storage_unit,2,8,8,8.0,89.5,807,0,7,29,0,0.0,8.0,0.0,0.0,dest_air_cargo_vaccine_storage_unit,7.0,1.0,1.0,False,True,False,False,False,False,True,1,-0.19495048575906282,False
batch013,2020-11-03 21:00:00,Delhi Airport,dest_air_cargo,vaccine_storage_unit,2,6,6,6.0,87.5,806,0,7,30,0,-2.0,7.333333333333333,1.1547005383792515,-1.333333333333333,dest_air_cargo_vaccine_storage_unit,7.0,-1.0,1.0,False,True,False,False,False,False,True,1,-0.18111149509933167,False
batch013,2020-11-03 22:00:00,Delhi Airport,dest_air_cargo,vaccine_storage_unit,2,6,7,6.5,87.5,805,0,7,31,1,1.0,7.0,0.9999999999999998,0.0,dest_air_cargo_vaccine_storage_unit,7.0,0.0,0.0,False,True,False,False,False,False,True,1,-0.24593177238601777,False
batch013,2020-11-03 23:00:00,Delhi Airport,dest_air_cargo,vaccine_storage_unit,2,7,7,7.0,89.0,804,0,7,32,0,0.0,6.666666666666667,0.5773502691896253,0.33333333333333304,dest_air_cargo_vaccine_storage_unit,7.0,0.0,0.0,False,True,False,False,False,False,True,1,-0.21894108291169267,False
batch013,2020-11-04 00:00:00,Delhi Airport,dest_air_cargo,vaccine_storage_unit,2,8,8,8.0,88.0,803,0,7,33,0,1.0,7.333333333333333,0.5773502691896258,0.666666666666667,dest_air_cargo_vaccine_storage_unit,7.0,1.0,1.0,False,True,False,False,False,False,True,1,-0.2219942220047812,False
batch013,2020-11-04 01:00:00,Delhi Airport,dest_air_cargo,vaccine_storage_unit,2,6,7,6.5,87.5,802,0,7,34,1,-1.0,7.333333333333333,0.5773502691896258,-0.33333333333333304,dest_air_cargo_vaccine_storage_unit,7.0,0.0,0.0,False,True,False,False,False,False,True,1,-0.276903213591272,False
batch013,2020-11-04 02:00:00,Delhi Airport,dest_air_cargo,vaccine_storage_unit,2,6,8,7.0,87.5,801,0,7,35,2,1.0,7.666666666666667,0.5773502691896258,0.33333333333333304,dest_air_cargo_vaccine_storage_unit,7.0,1.0,1.0,False,True,False,False,False,False,True,1,-0.26262865805643854,False
batch013,2020-11-04 03:00:00,Delhi Airport,dest_air_cargo,vaccine_storage_unit,2,7,8,7.5,89.5,800,0,7,36,1,0.0,7.666666666666667,0.5773502691896258,0.33333333333333304,dest_air_cargo_vaccine_storage_unit,7.0,1.0,1.0,False,True,False,False,False,False,True,1,-0.2674928324394394,False
batch013,2020-11-04 04:00:00,Delhi Airport,dest_air_cargo,vaccine_storage_unit,2,6,7,6.5,86.5,799,0,7,37,1,-1.0,7.666666666666667,0.5773502691896258,-0.666666666666667,dest_air_cargo_vaccine_storage_unit,7.0,0.0,0.0,False,True,False,False,False,False,True,1,-0.25110697447094216,False
batch013,2020-11-04 05:00:00,Delhi Airport,dest_air_cargo,vaccine_storage_unit,2,8,8,8.0,86.5,798,0,7,38,0,1.0,7.666666666666667,0.5773502691896258,0.33333333333333304,dest_air_cargo_vaccine_storage_unit,7.0,1.0,1.0,False,True,False,False,False,False,True,1,-0.2244960717050416,False
batch013,2020-11-04 06:00:00,Delhi Airport,dest_air_cargo,vaccine_storage_unit,2,6,8,7.0,87.5,797,0,7,39,2,0.0,7.666666666666667,0.5773502691896258,0.33333333333333304,dest_air_cargo_vaccine_storage_unit,7.0,1.0,1.0,False,True,False,False,False,False,True,1,-0.26677331933897436,False
batch013,2020-11-04 07:00:00,Delhi Airport,dest_air_cargo,vaccine_storage_unit,2,7,8,7.5,87.5,796,0,7,40,1,0.0,8.0,0.0,0.0,dest_air_cargo_vaccine_storage_unit,7.0,1.0,1.0,False,True,False,False,False,False,True,1,-0.2631398927669523,False
batch013,2020-11-04 08:00:00,Delhi Airport,dest_air_cargo,vaccine_storage_unit,2,7,8,7.5,88.5,795,0,7,41,1,0.0,8.0,0.0,0.0,dest_air_cargo_vaccine_storage_unit,7.0,1.0,1.0,False,True,False,False,False,False,True,1,-0.25847485931780556,False
batch013,2020-11-04 09:00:00,Delhi Airport,dest_air_cargo,vaccine_storage_unit,2,6,6,6.0,85.5,794,0,7,42,0,-2.0,7.333333333333333,1.1547005383792515,-1.333333333333333,dest_air_cargo_vaccine_storage_unit,7.0,-1.0,1.0,False,True,False,False,False,False,True,1,-0.1571097464025386,False
batch013,2020-11-04 10:00:00,Delhi Airport,dest_air_cargo,vaccine_storage_unit,2,6,6,6.0,86.0,793,0,7,43,0,0.0,6.666666666666667,1.1547005383792515,-0.666666666666667,dest_air_cargo_vaccine_storage_unit,7.0,-1.0,1.0,False,True,False,False,False,False,True,1,-0.17857004916384356,False
batch013,2020-11-04 11:00:00,Delhi Airport,dest_air_cargo,vaccine_storage_unit,2,7,8,7.5,85.5,792,0,7,44,1,2.0,6.666666666666667,1.1547005383792515,1.333333333333333,dest_air_cargo_vaccine_storage_unit,7.0,1.0,1.0,False,True,False,False,False,False,True,1,-0.18790140558239343,False
batch013,2020-11-04 12:00:00,Delhi Airport,dest_air_cargo,vaccine_storage_unit,2,6,7,6.5,86.5,791,0,7,45,1,-1.0,7.0,0.9999999999999998,0.0,dest_air_cargo_vaccine_storage_unit,7.0,0.0,0.0,False,True,False,False,False,False,True,1,-0.24128377403282542,False
batch013,2020-11-04 13:00:00,Delhi Airport,dest_air_cargo,vaccine_storage_unit,2,6,6,6.0,88.5,790,0,7,46,0,-1.0,7.0,0.9999999999999998,-1.0,dest_air_cargo_vaccine_storage_unit,7.0,-1.0,1.0,False,True,False,False,False,False,True,1,-0.21232800399347795,False
batch013,2020-11-04 14:00:00,Delhi Airport,dest_air_cargo,vaccine_storage_unit,2,6,7,6.5,87.5,789,0,7,47,1,1.0,6.666666666666667,0.5773502691896253,0.33333333333333304,dest_air_cargo_vaccine_storage_unit,7.0,0.0,0.0,False,True,False,False,False,False,True,1,-0.2319433704528316,False
batch013,2020-11-04 15:00:00,Delhi Airport,dest_air_cargo,vaccine_storage_unit,2,6,7,6.5,89.0,788,0,7,48,1,0.0,6.666666666666667,0.5773502691896253,0.33333333333333304,dest_air_cargo_vaccine_storage_unit,7.0,0.0,0.0,False,True,False,False,False,False,True,1,-0.24566723349063624,False
batch013,2020-11-04 16:00:00,Delhi Airport,dest_air_cargo,vaccine_storage_unit,2,6,6,6.0,88.0,787,0,7,49,0,-1.0,6.666666666666667,0.5773502691896258,-0.666666666666667,dest_air_cargo_vaccine_storage_unit,7.0,-1.0,1.0,False,True,False,False,False,False,True,1,-0.20010736736343704,False
batch013,2020-11-04 17:00:00,Delhi Airport,dest_air_cargo,vaccine_storage_unit,2,6,7,6.5,88.0,786,0,7,50,1,1.0,6.666666666666667,0.5773502691896258,0.33333333333333304,dest_air_cargo_vaccine_storage_unit,7.0,0.0,0.0,False,True,False,False,False,False,True,1,-0.23347632248939698,False
batch013,2020-11-04 18:00:00,Delhi Airport,dest_air_cargo,vaccine_storage_unit,2,7,8,7.5,86.0,785,0,7,51,1,1.0,7.0,1.0,1.0,dest_air_cargo_vaccine_storage_unit,7.0,1.0,1.0,False,True,False,False,False,False,True,1,-0.2388288440775278,False
batch013,2020-11-04 19:00:00,Delhi Airport,dest_air_cargo,vaccine_storage_unit,2,6,7,6.5,88.0,784,0,7,52,1,-1.0,7.333333333333333,0.5773502691896258,-0.33333333333333304,dest_air_cargo_vaccine_storage_unit,7.0,0.0,0.0,False,True,False,False,False,False,True,1,-0.2750734009220898,False
batch013,2020-11-04 20:00:00,Delhi Airport,dest_air_cargo,vaccine_storage_unit,2,6,7,6.5,86.0,783,0,7,53,1,0.0,7.333333333333333,0.5773502691896258,-0.33333333333333304,dest_air_cargo_vaccine_storage_unit,7.0,0.0,0.0,False,True,False,False,False,False,True,1,-0.2519539499692119,False
batch013,2020-11-04 21:00:00,Delhi Airport,dest_air_cargo,vaccine_storage_unit,2,6,7,6.5,87.0,782,0,7,54,1,0.0,7.0,0.0,0.0,dest_air_cargo_vaccine_storage_unit,7.0,0.0,0.0,False,True,False,False,False,False,True,1,-0.24003519259563805,False
batch013,2020-11-04 22:00:00,Delhi Airport,dest_air_cargo,vaccine_storage_unit,2,8,8,8.0,87.0,781,0,7,55,0,1.0,7.333333333333333,0.5773502691896258,0.666666666666667,dest_air_cargo_vaccine_storage_unit,7.0,1.0,1.0,False,True,False,False,False,False,True,1,-0.21972022871471003,False
batch013,2020-11-04 23:00:00,Delhi Airport,dest_air_cargo,vaccine_storage_unit,2,6,6,6.0,86.5,780,0,7,56,0,-2.0,7.0,1.0,-1.0,dest_air_cargo_vaccine_storage_unit,7.0,-1.0,1.0,False,True,False,False,False,False,True,1,-0.20211629906806083,False
batch013,2020-11-05 00:00:00,Delhi Airport,dest_air_cargo,vaccine_storage_unit,2,7,8,7.5,89.0,779,0,7,57,1,2.0,7.333333333333333,1.1547005383792517,0.666666666666667,dest_air_cargo_vaccine_storage_unit,7.0,1.0,1.0,False,True,False,False,False,False,True,1,-0.23791511781894797,False
batch013,2020-11-05 01:00:00,Delhi Airport,dest_air_cargo,vaccine_storage_unit,2,7,8,7.5,86.5,778,0,7,58,1,0.0,7.333333333333333,1.1547005383792517,0.666666666666667,dest_air_cargo_vaccine_storage_unit,7.0,1.0,1.0,False,True,False,False,False,False,True,1,-0.25568557552812793,False
batch013,2020-11-05 02:00:00,Delhi Airport,dest_air_cargo,vaccine_storage_unit,2,7,7,7.0,85.0,777,0,7,59,0,-1.0,7.666666666666667,0.5773502691896258,-0.666666666666667,dest_air_cargo_vaccine_storage_unit,7.0,0.0,0.0,False,True,False,False,False,False,True,1,-0.1971349201228333,False
batch013,2020-11-05 03:00:00,Delhi Airport,dest_air_cargo,vaccine_storage_unit,2,6,6,6.0,86.5,776,0,7,60,0,-1.0,7.0,1.0,-1.0,dest_air_cargo_vaccine_storage_unit,7.0,-1.0,1.0,False,True,False,False,False,False,True,1,-0.20975910360485894,False
batch013,2020-11-05 04:00:00,Delhi Airport,dest_air_cargo,vaccine_storage_unit,2,8,8,8.0,87.0,775,0,7,61,0,2.0,7.0,1.0,1.0,dest_air_cargo_vaccine_storage_unit,7.0,1.0,1.0,False,True,False,False,False,False,True,1,-0.19171403587372915,False
batch013,2020-11-05 05:00:00,Delhi Airport,dest_air_cargo,vaccine_storage_unit,2,7,8,7.5,89.0,774,0,7,62,1,0.0,7.333333333333333,1.1547005383792517,0.666666666666667,dest_air_cargo_vaccine_storage_unit,7.0,1.0,1.0,False,True,False,False,False,False,True,1,-0.25344363476802645,False
batch013,2020-11-05 06:00:00,Delhi Airport,dest_air_cargo,vaccine_storage_unit,2,6,6,6.0,88.5,773,0,7,63,0,-2.0,7.333333333333333,1.1547005383792515,-1.333333333333333,dest_air_cargo_vaccine_storage_unit,7.0,-1.0,1.0,False,True,False,False,False,False,True,1,-0.17944604621922278,False
batch013,2020-11-05 07:00:00,Delhi Airport,dest_air_cargo,vaccine_storage_unit,2,8,8,8.0,85.5,772,0,7,64,0,2.0,7.333333333333333,1.1547005383792515,0.666666666666667,dest_air_cargo_vaccine_storage_unit,7.0,1.0,1.0,False,True,False,False,False,False,True,1,-0.1758664444776754,False
batch013,2020-11-05 08:00:00,Delhi Airport,dest_air_cargo,vaccine_storage_unit,2,8,8,8.0,87.5,771,0,7,65,0,0.0,7.333333333333333,1.1547005383792515,0.666666666666667,dest_air_cargo_vaccine_storage_unit,7.0,1.0,1.0,False,True,False,False,False,False,True,1,-0.2108270771230082,False
batch013,2020-11-05 09:00:00,Delhi Airport,dest_air_cargo,vaccine_storage_unit,2,8,8,8.0,87.5,770,0,7,66,0,0.0,8.0,0.0,0.0,dest_air_cargo_vaccine_storage_unit,7.0,1.0,1.0,False,True,False,False,False,False,True,1,-0.21424833722650966,False
batch013,2020-11-05 10:00:00,Delhi Airport,dest_air_cargo,vaccine_storage_unit,2,7,8,7.5,89.0,769,0,7,67,1,0.0,8.0,0.0,0.0,dest_air_cargo_vaccine_storage_unit,7.0,1.0,1.0,False,True,False,False,False,False,True,1,-0.25375310636822507,False
batch013,2020-11-05 11:00:00,Delhi Airport,dest_air_cargo,vaccine_storage_unit,2,7,7,7.0,89.0,768,0,7,68,0,-1.0,7.666666666666667,0.5773502691896258,-0.666666666666667,dest_air_cargo_vaccine_storage_unit,7.0,0.0,0.0,False,True,False,False,False,False,True,1,-0.23014221974819354,False
batch013,2020-11-05 12:00:00,Delhi Airport,dest_air_cargo,vaccine_storage_unit,2,7,7,7.0,88.0,767,0,7,69,0,0.0,7.333333333333333,0.5773502691896258,-0.33333333333333304,dest_air_cargo_vaccine_storage_unit,7.0,0.0,0.0,False,True,False,False,False,False,True,1,-0.2380282244657131,False
batch013,2020-11-05 13:00:00,Delhi Airport,dest_air_cargo,vaccine_storage_unit,2,6,7,6.5,88.5,766,0,7,70,1,0.0,7.0,0.0,0.0,dest_air_cargo_vaccine_storage_unit,7.0,0.0,0.0,False,True,False,False,False,False,True,1,-0.2409198998265088,False
batch013,2020-11-05 14:00:00,Delhi Airport,dest_air_cargo,vaccine_storage_unit,2,6,7,6.5,85.0,765,0,7,71,1,0.0,7.0,0.0,0.0,dest_air_cargo_vaccine_storage_unit,7.0,0.0,0.0,False,True,False,False,False,False,True,1,-0.20228992412921787,False
batch013,2020-11-05 15:00:00,Delhi Airport,dest_air_cargo,vaccine_storage_unit,2,6,6,6.0,88.5,764,0,7,72,0,-1.0,6.666666666666667,0.5773502691896258,-0.666666666666667,dest_air_cargo_vaccine_storage_unit,7.0,-1.0,1.0,False,True,False,False,False,False,True,1,-0.2004360922257289,False
batch013,2020-11-05 16:00:00,Delhi Airport,dest_air_cargo,vaccine_storage_unit,2,6,6,6.0,86.0,763,0,7,73,0,0.0,6.333333333333333,0.5773502691896258,-0.33333333333333304,dest_air_cargo_vaccine_storage_unit,7.0,-1.0,1.0,False,True,False,False,False,False,True,1,-0.18511538636494185,False
batch013,2020-11-05 17:00:00,Delhi Airport,dest_air_cargo,vaccine_storage_unit,2,6,8,7.0,88.5,762,0,7,74,2,2.0,6.666666666666667,1.1547005383792515,1.333333333333333,dest_air_cargo_vaccine_storage_unit,7.0,1.0,1.0,False,True,False,False,False,False,True,1,-0.19696719149739472,False
batch013,2020-11-05 18:00:00,Delhi Airport,dest_air_cargo,vaccine_storage_unit,2,6,6,6.0,86.5,761,0,7,75,0,-2.0,6.666666666666667,1.1547005383792515,-0.666666666666667,dest_air_cargo_vaccine_storage_unit,7.0,-1.0,1.0,False,True,False,False,False,False,True,1,-0.19156948666989249,False
batch013,2020-11-05 19:00:00,Delhi Airport,dest_air_cargo,vaccine_storage_unit,2,6,7,6.5,87.5,760,0,7,76,1,1.0,7.0,0.9999999999999998,0.0,dest_air_cargo_vaccine_storage_unit,7.0,0.0,0.0,False,True,False,False,False,False,True,1,-0.24593177238601777,False
batch013,2020-11-05 20:00:00,Delhi Airport,dest_air_cargo,vaccine_storage_unit,2,6,7,6.5,88.5,759,0,7,77,1,0.0,6.666666666666667,0.5773502691896253,0.33333333333333304,dest_air_cargo_vaccine_storage_unit,7.0,0.0,0.0,False,True,False,False,False,False,True,1,-0.24887926445753766,False
batch013,2020-11-05 21:00:00,Delhi Airport,dest_air_cargo,vaccine_storage_unit,2,7,7,7.0,90.0,758,0,7,78,0,0.0,7.0,0.0,0.0,dest_air_cargo_vaccine_storage_unit,7.0,0.0,0.0,False,True,False,False,False,False,True,1,-0.20026381540706573,False
batch013,2020-11-05 22:00:00,Delhi Airport,dest_air_cargo,vaccine_storage_unit,2,7,7,7.0,88.0,757,0,7,79,0,0.0,7.0,0.0,0.0,dest_air_cargo_vaccine_storage_unit,7.0,0.0,0.0,False,True,False,False,False,False,True,1,-0.21823834146373627,False
batch013,2020-11-05 23:00:00,Delhi Airport,dest_air_cargo,vaccine_storage_unit,2,6,6,6.0,89.5,756,0,7,80,0,-1.0,6.666666666666667,0.5773502691896258,-0.666666666666667,dest_air_cargo_vaccine_storage_unit,7.0,-1.0,1.0,False,True,False,False,False,False,True,1,-0.19276303654041915,False
batch013,2020-11-06 00:00:00,Delhi Airport,dest_air_cargo,vaccine_storage_unit,2,7,8,7.5,85.0,755,0,7,81,1,2.0,7.0,1.0,1.0,dest_air_cargo_vaccine_storage_unit,7.0,1.0,1.0,False,True,False,False,False,False,True,1,-0.2016322545054302,False
batch013,2020-11-06 01:00:00,Delhi Airport,dest_air_cargo,vaccine_storage_unit,2,7,8,7.5,88.0,754,0,7,82,1,0.0,7.333333333333333,1.1547005383792517,0.666666666666667,dest_air_cargo_vaccine_storage_unit,7.0,1.0,1.0,False,True,False,False,False,False,True,1,-0.26156190748850056,False
batch013,2020-11-06 02:00:00,Delhi Airport,dest_air_cargo,vaccine_storage_unit,2,7,7,7.0,85.5,753,0,7,83,0,-1.0,7.666666666666667,0.5773502691896258,-0.666666666666667,dest_air_cargo_vaccine_storage_unit,7.0,0.0,0.0,False,True,False,False,False,False,True,1,-0.20091994063942142,False
batch013,2020-11-06 03:00:00,Delhi Airport,dest_air_cargo,vaccine_storage_unit,2,7,7,7.0,86.0,752,0,7,84,0,0.0,7.333333333333333,0.5773502691896258,-0.33333333333333304,dest_air_cargo_vaccine_storage_unit,7.0,0.0,0.0,False,True,False,False,False,False,True,1,-0.2202154235638608,False
batch013,2020-11-06 04:00:00,Delhi Airport,dest_air_cargo,vaccine_storage_unit,2,7,8,7.5,87.5,751,0,7,85,1,1.0,7.333333333333333,0.5773502691896258,0.666666666666667,dest_air_cargo_vaccine_storage_unit,7.0,1.0,1.0,False,True,False,False,False,False,True,1,-0.2787400647670066,False
batch013,2020-11-06 05:00:00,Delhi Airport,dest_air_cargo,vaccine_storage_unit,2,6,6,6.0,87.5,750,0,7,86,0,-2.0,7.0,1.0,-1.0,dest_air_cargo_vaccine_storage_unit,7.0,-1.0,1.0,False,True,False,False,False,False,True,1,-0.20939968441932133,False
batch013,2020-11-06 06:00:00,Delhi Airport,dest_air_cargo,vaccine_storage_unit,2,6,7,6.5,88.5,749,0,7,87,1,1.0,7.0,1.0,0.0,dest_air_cargo_vaccine_storage_unit,7.0,0.0,0.0,False,True,False,False,False,False,True,1,-0.24433411742332534,False
batch013,2020-11-06 07:00:00,Delhi Airport,dest_air_cargo,vaccine_storage_unit,2,6,7,6.5,87.5,748,0,7,88,1,0.0,6.666666666666667,0.5773502691896258,0.33333333333333304,dest_air_cargo_vaccine_storage_unit,7.0,0.0,0.0,False,True,False,False,False,False,True,1,-0.24823931499772361,False
batch013,2020-11-06 08:00:00,Delhi Airport,dest_air_cargo,vaccine_storage_unit,2,7,8,7.5,85.5,747,0,7,89,1,1.0,7.333333333333333,0.5773502691896258,0.666666666666667,dest_air_cargo_vaccine_storage_unit,7.0,1.0,1.0,False,True,False,False,False,False,True,1,-0.24820812616813953,False
batch013,2020-11-06 09:00:00,Delhi Airport,dest_air_cargo,vaccine_storage_unit,2,7,8,7.5,88.0,746,0,7,90,1,0.0,7.666666666666667,0.5773502691896258,0.33333333333333304,dest_air_cargo_vaccine_storage_unit,7.0,1.0,1.0,False,True,False,False,False,False,True,1,-0.2848143776583624,False
batch013,2020-11-06 10:00:00,Delhi Airport,dest_air_cargo,vaccine_storage_unit,2,6,6,6.0,87.5,745,0,7,91,0,-2.0,7.333333333333333,1.1547005383792515,-1.333333333333333,dest_air_cargo_vaccine_storage_unit,7.0,-1.0,1.0,False,True,False,False,False,False,True,1,-0.18111149509933167,False
batch013,2020-11-06 11:00:00,Delhi Airport,dest_air_cargo,vaccine_storage_unit,2,6,8,7.0,88.5,744,0,7,92,2,2.0,7.333333333333333,1.1547005383792515,0.666666666666667,dest_air_cargo_vaccine_storage_unit,7.0,1.0,1.0,False,True,False,False,False,False,True,1,-0.22708508158069074,False
batch013,2020-11-06 12:00:00,Delhi Airport,dest_air_cargo,vaccine_storage_unit,2,6,8,7.0,87.5,743,0,7,93,2,0.0,7.333333333333333,1.1547005383792515,0.666666666666667,dest_air_cargo_vaccine_storage_unit,7.0,1.0,1.0,False,True,False,False,False,False,True,1,-0.2491048394211567,False
batch013,2020-11-06 13:00:00,Delhi Airport,dest_air_cargo,vaccine_storage_unit,2,7,7,7.0,88.0,742,0,7,94,0,-1.0,7.666666666666667,0.5773502691896258,-0.666666666666667,dest_air_cargo_vaccine_storage_unit,7.0,0.0,0.0,False,True,False,False,False,False,True,1,-0.2288322686815098,False
batch013,2020-11-06 14:00:00,Delhi Airport,dest_air_cargo,vaccine_storage_unit,2,7,7,7.0,86.0,741,0,7,95,0,0.0,7.333333333333333,0.5773502691896258,-0.33333333333333304,dest_air_cargo_vaccine_storage_unit,7.0,0.0,0.0,False,True,False,False,False,False,True,1,-0.2202154235638608,False
batch013,2020-11-06 15:00:00,Delhi Airport,dest_air_cargo,vaccine_storage_unit,2,6,6,6.0,89.0,740,0,7,96,0,-1.0,6.666666666666667,0.5773502691896258,-0.666666666666667,dest_air_cargo_vaccine_storage_unit,7.0,-1.0,1.0,False,True,False,False,False,False,True,1,-0.19934299673459677,False
batch013,2020-11-06 16:00:00,Delhi Airport,dest_air_cargo,vaccine_storage_unit,2,8,8,8.0,88.5,739,0,7,97,0,2.0,7.0,1.0,1.0,dest_air_cargo_vaccine_storage_unit,7.0,1.0,1.0,False,True,False,False,False,False,True,1,-0.191457467720475,False
batch013,2020-11-06 17:00:00,Delhi Airport,dest_air_cargo,vaccine_storage_unit,2,7,8,7.5,88.0,738,0,7,98,1,0.0,7.333333333333333,1.1547005383792517,0.666666666666667,dest_air_cargo_vaccine_storage_unit,7.0,1.0,1.0,False,True,False,False,False,False,True,1,-0.26156190748850056,False
batch013,2020-11-06 18:00:00,Delhi Airport,dest_air_cargo,vaccine_storage_unit,2,6,7,6.5,85.5,737,0,7,99,1,-1.0,7.666666666666667,0.5773502691896258,-0.666666666666667,dest_air_cargo_vaccine_storage_unit,7.0,0.0,0.0,False,True,False,False,False,False,True,1,-0.2277926798499546,False
batch013,2020-11-06 19:00:00,Delhi Airport,dest_air_cargo,vaccine_storage_unit,2,7,8,7.5,85.5,736,0,7,100,1,1.0,7.666666666666667,0.5773502691896258,0.33333333333333304,dest_air_cargo_vaccine_storage_unit,7.0,1.0,1.0,False,True,False,False,False,False,True,1,-0.2521095966296616,False
batch013,2020-11-06 20:00:00,Delhi Airport,dest_air_cargo,vaccine_storage_unit,2,6,7,6.5,88.5,735,0,7,101,1,-1.0,7.333333333333333,0.5773502691896258,-0.33333333333333304,dest_air_cargo_vaccine_storage_unit,7.0,0.0,0.0,False,True,False,False,False,False,True,1,-0.273871688659337,False
batch013,2020-11-06 21:00:00,Delhi Airport,dest_air_cargo,vaccine_storage_unit,2,7,8,7.5,88.0,734,0,7,102,1,1.0,7.666666666666667,0.5773502691896258,0.33333333333333304,dest_air_cargo_vaccine_storage_unit,7.0,1.0,1.0,False,True,False,False,False,False,True,1,-0.278505979171884,False
batch013,2020-11-06 22:00:00,Delhi Airport,dest_air_cargo,vaccine_storage_unit,2,6,6,6.0,85.5,733,0,7,103,0,-2.0,7.0,1.0,-1.0,dest_air_cargo_vaccine_storage_unit,7.0,-1.0,1.0,False,True,False,False,False,False,True,1,-0.18043380938750275,False
batch013,2020-11-06 23:00:00,Delhi Airport,dest_air_cargo,vaccine_storage_unit,2,6,8,7.0,89.5,732,0,7,104,2,2.0,7.333333333333333,1.1547005383792517,0.666666666666667,dest_air_cargo_vaccine_storage_unit,7.0,1.0,1.0,False,True,False,False,False,False,True,1,-0.21190787524633092,False
batch013,2020-11-07 00:00:00,Delhi Airport,dest_air_cargo,vaccine_storage_unit,2,7,7,7.0,86.5,731,0,7,105,0,-1.0,7.0,1.0,0.0,dest_air_cargo_vaccine_storage_unit,7.0,0.0,0.0,False,True,False,False,False,False,True,1,-0.22003187049550837,False
batch013,2020-11-07 01:00:00,Delhi Airport,dest_air_cargo,vaccine_storage_unit,2,7,8,7.5,87.5,730,0,7,106,1,1.0,7.666666666666667,0.5773502691896258,0.33333333333333304,dest_air_cargo_vaccine_storage_unit,7.0,1.0,1.0,False,True,False,False,False,False,True,1,-0.2816354609716568,False
batch013,2020-11-07 02:00:00,Delhi Airport,dest_air_cargo,vaccine_storage_unit,2,8,8,8.0,87.0,729,0,7,107,0,0.0,7.666666666666667,0.5773502691896258,0.33333333333333304,dest_air_cargo_vaccine_storage_unit,7.0,1.0,1.0,False,True,False,False,False,False,True,1,-0.23054455367797877,False
batch013,2020-11-07 03:00:00,Delhi Airport,dest_air_cargo,vaccine_storage_unit,2,7,7,7.0,86.0,728,0,7,108,0,-1.0,7.666666666666667,0.5773502691896258,-0.666666666666667,dest_air_cargo_vaccine_storage_unit,7.0,0.0,0.0,False,True,False,False,False,False,True,1,-0.20774671683877677,False
batch013,2020-11-07 04:00:00,Delhi Airport,dest_air_cargo,vaccine_storage_unit,2,6,8,7.0,89.0,727,0,7,109,2,1.0,7.666666666666667,0.5773502691896258,0.33333333333333304,dest_air_cargo_vaccine_storage_unit,7.0,1.0,1.0,False,True,False,False,False,False,True,1,-0.2505367161276557,False
batch013,2020-11-07 05:00:00,Delhi Airport,dest_air_cargo,vaccine_storage_unit,2,6,7,6.5,86.5,726,0,7,110,1,-1.0,7.333333333333333,0.5773502691896258,-0.33333333333333304,dest_air_cargo_vaccine_storage_unit,7.0,0.0,0.0,False,True,False,False,False,False,True,1,-0.2635153062075311,False
batch013,2020-11-07 06:00:00,Delhi Airport,dest_air_cargo,vaccine_storage_unit,2,6,8,7.0,86.5,725,0,7,111,2,1.0,7.666666666666667,0.5773502691896258,0.33333333333333304,dest_air_cargo_vaccine_storage_unit,7.0,1.0,1.0,False,True,False,False,False,False,True,1,-0.24971941780959184,False
batch013,2020-11-07 07:00:00,Delhi Airport,dest_air_cargo,vaccine_storage_unit,2,6,7,6.5,89.5,724,0,7,112,1,-1.0,7.333333333333333,0.5773502691896258,-0.33333333333333304,dest_air_cargo_vaccine_storage_unit,7.0,0.0,0.0,False,True,False,False,False,False,True,1,-0.26197929682669585,False
batch013,2020-11-07 08:00:00,Delhi Airport,dest_air_cargo,vaccine_storage_unit,2,6,7,6.5,87.5,723,0,7,113,1,0.0,7.333333333333333,0.5773502691896258,-0.33333333333333304,dest_air_cargo_vaccine_storage_unit,7.0,0.0,0.0,False,True,False,False,False,False,True,1,-0.27906930328321855,False
batch013,2020-11-07 09:00:00,Delhi Airport,dest_air_cargo,vaccine_storage_unit,2,7,8,7.5,88.5,722,0,7,114,1,1.0,7.333333333333333,0.5773502691896258,0.666666666666667,dest_air_cargo_vaccine_storage_unit,7.0,1.0,1.0,False,True,False,False,False,False,True,1,-0.2738904887931387,False
batch014,2020-12-01 01:00:00,"Kalamazoo, Michigan",source_hub,ultra_low_temperature_freezer,1,-70,-70,-70.0,95.0,840,0,0,0,0,0.0,-70.0,0.0,0.0,source_hub_ultra_low_temperature_freezer,-69.0,-1.0,1.0,False,False,False,True,False,True,False,1,-0.3034958186116679,False
batch014,2020-12-01 02:00:00,"Kalamazoo, Michigan",source_hub,ultra_low_temperature_freezer,2,-71,-70,-70.5,95.0,840,0,0,0,1,0.0,-70.0,0.0,0.0,source_hub_ultra_low_temperature_freezer,-69.0,-1.0,1.0,False,False,False,True,False,True,False,1,-0.3094352017660051,False
batch014,2020-12-01 03:00:00,"Kalamazoo, Michigan",source_hub,ultra_low_temperature_freezer,2,-69,-69,-69.0,95.0,840,0,0,0,0,1.0,-69.66666666666667,0.5773502691896278,0.6666666666666714,source_hub_ultra_low_temperature_freezer,-69.0,0.0,0.0,False,False,False,True,False,True,False,1,-0.30777503122937655,False
batch014,2020-12-01 04:00:00,"Kalamazoo, Michigan",source_hub,ultra_low_temperature_freezer,2,-70,-69,-69.5,95.0,840,0,0,0,1,0.0,-69.33333333333333,0.5773502691896278,0.3333333333333286,source_hub_ultra_low_temperature_freezer,-69.0,0.0,0.0,False,False,False,True,False,True,False,1,-0.3491669960712361,False
batch014,2020-12-01 05:00:00,"Kalamazoo, Michigan",source_hub,ultra_low_temperature_freezer,2,-71,-71,-71.0,95.0,840,0,0,0,0,-2.0,-69.66666666666667,1.1547005383792495,-1.3333333333333286,source_hub_ultra_low_temperature_freezer,-69.0,-2.0,2.0,False,False,False,True,False,True,False,1,-0.25084047606746596,False
batch014,2020-12-01 06:00:00,"Kalamazoo, Michigan",source_hub,ultra_low_temperature_freezer,2,-71,-69,-70.0,95.0,840,0,0,0,2,2.0,-69.66666666666667,1.1547005383792495,0.6666666666666714,source_hub_ultra_low_temperature_freezer,-69.0,0.0,0.0,False,False,False,True,False,True,False,1,-0.3055378030308116,False
batch014,2020-12-01 07:00:00,"Kalamazoo, Michigan",source_hub,ultra_low_temperature_freezer,2,-71,-71,-71.0,95.0,840,0,0,0,0,-2.0,-70.33333333333333,1.1547005383792495,-0.6666666666666714,source_hub_ultra_low_temperature_freezer,-69.0,-2.0,2.0,False,False,False,True,False,True,False,1,-0.25391798392491927,False
batch014,2020-12-01 08:00:00,"Kalamazoo, Michigan",source_hub,ultra_low_temperature_freezer,2,-70,-70,-70.0,95.0,840,0,0,0,0,1.0,-70.0,0.9999999999999964,0.0,source_hub_ultra_low_temperature_freezer,-69.0,-1.0,1.0,False,False,False,True,False,True,False,1,-0.3096219286221211,False
batch014,2020-12-01 09:00:00,"Kalamazoo, Michigan",source_hub,ultra_low_temperature_freezer,2,-71,-70,-70.5,95.0,840,0,0,0,1,0.0,-70.33333333333333,0.5773502691896186,0.3333333333333286,source_hub_ultra_low_temperature_freezer,-69.0,-1.0,1.0,False,False,False,True,False,True,False,1,-0.3148895309501774,False
batch014,2020-12-01 10:00:00,"Kalamazoo, Michigan",source_hub,ultra_low_temperature_freezer,2,-70,-69,-69.5,95.0,840,0,0,0,1,1.0,-69.66666666666667,0.5773502691896278,0.6666666666666714,source_hub_ultra_low_temperature_freezer,-69.0,0.0,0.0,False,False,False,True,False,True,False,1,-0.3377481467080661,False
batch014,2020-12-01 11:00:00,"Shelbyville, Michigan",source_reefer_truck,ultra_low_temperature_freezer,2,-71,-69,-70.0,95.0,840,0,0,0,2,0.0,-69.33333333333333,0.5773502691896278,0.3333333333333286,source_reefer_truck_ultra_low_temperature_freezer,-69.0,0.0,0.0,False,False,False,False,True,True,False,1,-0.3377777300659409,False
batch014,2020-12-01 12:00:00,"Gerald R Ford International Airport, Michigan",source_air_cargo,ultra_low_temperature_freezer,2,-70,-69,-69.5,95.0,840,0,0,0,1,0.0,-69.0,0.0,0.0,source_air_cargo_ultra_low_temperature_freezer,-69.0,0.0,0.0,False,False,True,False,False,True,False,1,-0.33475665422096784,False
batch014,2020-12-01 13:00:00,"Gerald R Ford International Airport, Michigan",source_air_cargo,ultra_low_temperature_freezer,2,-71,-70,-70.5,95.0,840,0,0,0,1,-1.0,-69.33333333333333,0.5773502691896278,-0.6666666666666714,source_air_cargo_ultra_low_temperature_freezer,-69.0,-1.0,1.0,False,False,True,False,False,True,False,1,-0.32729167295734046,False
batch014,2020-12-01 14:00:00,"Gerald R Ford International Airport, Michigan",source_air_cargo,ultra_low_temperature_freezer,2,-71,-69,-70.0,95.0,840,0,0,0,2,1.0,-69.33333333333333,0.5773502691896278,0.3333333333333286,source_air_cargo_ultra_low_temperature_freezer,-69.0,0.0,0.0,False,False,True,False,False,True,False,1,-0.33732507397149486,False
batch014,2020-12-01 15:00:00,Not Available,air_transit,ultra_low_temperature_freezer,2,-70,-69,-69.5,95.0,840,0,0,0,1,0.0,-69.33333333333333,0.5773502691896278,0.3333333333333286,air_transit_ultra_low_temperature_freezer,-69.0,0.0,0.0,True,False,False,False,False,True,False,1,-0.3491669960712361,False
batch014,2020-12-01 16:00:00,Not Available,air_transit,ultra_low_temperature_freezer,2,-71,-70,-70.5,95.0,840,0,0,0,1,-1.0,-69.33333333333333,0.5773502691896278,-0.6666666666666714,air_transit_ultra_low_temperature_freezer,-69.0,-1.0,1.0,True,False,False,False,False,True,False,1,-0.32729167295734046,False
batch014,2020-12-01 17:00:00,Not Available,air_transit,ultra_low_temperature_freezer,2,-71,-70,-70.5,95.0,840,0,0,0,1,0.0,-69.66666666666667,0.5773502691896278,-0.3333333333333286,air_transit_ultra_low_temperature_freezer,-69.0,-1.0,1.0,True,False,False,False,False,True,False,1,-0.33525916918763676,False
batch014,2020-12-01 18:00:00,Not Available,air_transit,ultra_low_temperature_freezer,2,-71,-69,-70.0,95.0,840,0,0,0,2,1.0,-69.66666666666667,0.5773502691896278,0.6666666666666714,air_transit_ultra_low_temperature_freezer,-69.0,0.0,0.0,True,False,False,False,False,True,False,1,-0.32792824345500965,False
batch014,2020-12-01 19:00:00,Not Available,air_transit,ultra_low_temperature_freezer,2,-70,-70,-70.0,95.0,840,0,0,0,0,-1.0,-69.66666666666667,0.5773502691896278,-0.3333333333333286,air_transit_ultra_low_temperature_freezer,-69.0,-1.0,1.0,True,False,False,False,False,True,False,1,-0.3229838430845815,False
batch014,2020-12-01 20:00:00,Not Available,air_transit,ultra_low_temperature_freezer,2,-71,-69,-70.0,95.0,840,0,0,0,2,1.0,-69.33333333333333,0.5773502691896278,0.3333333333333286,air_transit_ultra_low_temperature_freezer,-69.0,0.0,0.0,True,False,False,False,False,True,False,1,-0.33732507397149486,False
batch014,2020-12-01 21:00:00,Not Available,air_transit,ultra_low_temperature_freezer,2,-71,-70,-70.5,95.0,840,0,0,0,1,-1.0,-69.66666666666667,0.5773502691896278,-0.3333333333333286,air_transit_ultra_low_temperature_freezer,-69.0,-1.0,1.0,True,False,False,False,False,True,False,1,-0.33196154391316973,False
batch014,2020-12-01 22:00:00,Not Available,air_transit,ultra_low_temperature_freezer,2,-71,-70,-70.5,95.0,840,0,0,0,1,0.0,-69.66666666666667,0.5773502691896278,-0.3333333333333286,air_transit_ultra_low_temperature_freezer,-69.0,-1.0,1.0,True,False,False,False,False,True,False,1,-0.33525916918763676,False
batch014,2020-12-01 23:00:00,Not Available,air_transit,ultra_low_temperature_freezer,2,-71,-69,-70.0,95.0,840,0,0,0,2,1.0,-69.66666666666667,0.5773502691896278,0.6666666666666714,air_transit_ultra_low_temperature_freezer,-69.0,0.0,0.0,True,False,False,False,False,True,False,1,-0.32792824345500965,False
batch014,2020-12-02 00:00:00,Not Available,air_transit,ultra_low_temperature_freezer,2,-69,-69,-69.0,95.0,840,0,0,0,0,0.0,-69.33333333333333,0.5773502691896278,0.3333333333333286,air_transit_ultra_low_temperature_freezer,-69.0,0.0,0.0,True,False,False,False,False,True,False,1,-0.3203255405191535,False
batch014,2020-12-02 01:00:00,Not Available,air_transit,ultra_low_temperature_freezer,2,-70,-70,-70.0,95.0,840,0,0,0,0,-1.0,-69.33333333333333,0.5773502691896278,-0.6666666666666714,air_transit_ultra_low_temperature_freezer,-69.0,-1.0,1.0,True,False,False,False,False,True,False,1,-0.3120144503403306,False
batch014,2020-12-02 02:00:00,Not Available,air_transit,ultra_low_temperature_freezer,2,-71,-70,-70.5,95.0,840,0,0,0,1,0.0,-69.66666666666667,0.5773502691896278,-0.3333333333333286,air_transit_ultra_low_temperature_freezer,-69.0,-1.0,1.0,True,False,False,False,False,True,False,1,-0.33525916918763676,False
batch014,2020-12-02 03:00:00,Not Available,air_transit,ultra_low_temperature_freezer,2,-70,-69,-69.5,95.0,840,0,0,0,1,1.0,-69.66666666666667,0.5773502691896278,0.6666666666666714,air_transit_ultra_low_temperature_freezer,-69.0,0.0,0.0,True,False,False,False,False,True,False,1,-0.3377481467080661,False
batch014,2020-12-02 04:00:00,Not Available,air_transit,ultra_low_temperature_freezer,2,-70,-70,-70.0,95.0,840,0,0,0,0,-1.0,-69.66666666666667,0.5773502691896278,-0.3333333333333286,air_transit_ultra_low_temperature_freezer,-69.0,-1.0,1.0,True,False,False,False,False,True,False,1,-0.3229838430845815,False
batch014,2020-12-02 05:00:00,Not Available,air_transit,ultra_low_temperature_freezer,2,-71,-70,-70.5,95.0,840,0,0,0,1,0.0,-69.66666666666667,0.5773502691896278,-0.3333333333333286,air_transit_ultra_low_temperature_freezer,-69.0,-1.0,1.0,True,False,False,False,False,True,False,1,-0.33525916918763676,False
batch014,2020-12-02 06:00:00,Not Available,air_transit,ultra_low_temperature_freezer,1,-71,-71,-71.0,95.0,840,0,0,0,0,-1.0,-70.33333333333333,0.5773502691896278,-0.6666666666666714,air_transit_ultra_low_temperature_freezer,-69.0,-2.0,2.0,True,False,False,False,False,True,False,1,-0.2648274617561135,False
batch014,2020-12-02 07:00:00,Not Available,air_transit,ultra_low_temperature_freezer,2,-71,-70,-70.5,95.0,840,0,0,0,1,1.0,-70.33333333333333,0.5773502691896278,0.3333333333333286,air_transit_ultra_low_temperature_freezer,-69.0,-1.0,1.0,True,False,False,False,False,True,False,1,-0.30784886111173815,False
batch014,2020-12-02 08:00:00,Delhi Airport,dest_air_cargo,ultra_low_temperature_freezer,2,-71,-69,-70.0,95.0,840,0,0,0,2,1.0,-70.0,1.0000000000000018,1.0,dest_air_cargo_ultra_low_temperature_freezer,-67.0,-2.0,2.0,False,True,False,False,False,True,False,1,-0.25966337336573847,False
batch014,2020-12-02 09:00:00,Delhi Airport,dest_air_cargo,ultra_low_temperature_freezer,2,-71,-70,-70.5,95.0,840,0,0,0,1,-1.0,-69.66666666666667,0.5773502691896278,-0.3333333333333286,dest_air_cargo_ultra_low_temperature_freezer,-67.0,-3.0,3.0,False,True,False,False,False,True,False,1,-0.2401154435585111,False
batch014,2020-12-02 10:00:00,Delhi Airport,dest_air_cargo,ultra_low_temperature_freezer,2,-70,-70,-70.0,95.0,840,0,0,0,0,0.0,-69.66666666666667,0.5773502691896278,-0.3333333333333286,dest_air_cargo_ultra_low_temperature_freezer,-67.0,-3.0,3.0,False,True,False,False,False,True,False,1,-0.232574736740845,False
batch014,2020-12-02 11:00:00,Delhi Airport,dest_air_cargo,ultra_low_temperature_freezer,2,-70,-69,-69.5,95.0,840,0,0,0,1,1.0,-69.66666666666667,0.5773502691896278,0.6666666666666714,dest_air_cargo_ultra_low_temperature_freezer,-67.0,-2.0,2.0,False,True,False,False,False,True,False,1,-0.2910872250245758,False
batch014,2020-12-02 12:00:00,Delhi Airport,dest_air_cargo,ultra_low_temperature_freezer,2,-71,-69,-70.0,95.0,840,0,0,0,2,0.0,-69.33333333333333,0.5773502691896278,0.3333333333333286,dest_air_cargo_ultra_low_temperature_freezer,-67.0,-2.0,2.0,False,True,False,False,False,True,False,1,-0.2811024223668746,False
batch014,2020-12-02 13:00:00,Delhi Airport,dest_air_cargo,ultra_low_temperature_freezer,2,-71,-70,-70.5,95.0,840,0,0,0,1,-1.0,-69.33333333333333,0.5773502691896278,-0.6666666666666714,dest_air_cargo_ultra_low_temperature_freezer,-67.0,-3.0,3.0,False,True,False,False,False,True,False,1,-0.2420590370039366,False
batch014,2020-12-02 14:00:00,Delhi Airport,dest_air_cargo,vaccine_storage_unit,2,-62,-61,-61.5,94.0,839,1,0,0,1,9.0,-66.66666666666667,4.93288286231625,5.666666666666671,dest_air_cargo_vaccine_storage_unit,7.0,-68.0,68.0,False,True,False,False,False,False,True,1,-0.01982462519744521,False
batch015,2021-03-01 01:00:00,"Kalamazoo, Michigan",source_hub,ultra_low_temperature_freezer,2,-71,-71,-71.0,95.0,840,0,0,0,0,0.0,-71.0,0.0,0.0,source_hub_ultra_low_temperature_freezer,-69.0,-2.0,2.0,False,False,False,True,False,True,False,1,-0.2108952170182064,False
batch015,2021-03-01 02:00:00,"Kalamazoo, Michigan",source_hub,ultra_low_temperature_freezer,2,-71,-70,-70.5,95.0,840,0,0,0,1,1.0,-70.5,0.7071067811865476,0.5,source_hub_ultra_low_temperature_freezer,-69.0,-1.0,1.0,False,False,False,True,False,True,False,1,-0.2935768110905122,False
batch015,2021-03-01 03:00:00,"Kalamazoo, Michigan",source_hub,ultra_low_temperature_freezer,2,-71,-69,-70.0,95.0,840,0,0,0,2,1.0,-70.0,1.0,1.0,source_hub_ultra_low_temperature_freezer,-69.0,0.0,0.0,False,False,False,True,False,True,False,1,-0.30099347556636524,False
batch015,2021-03-01 04:00:00,"Kalamazoo, Michigan",source_hub,ultra_low_temperature_freezer,2,-70,-69,-69.5,95.0,840,0,0,0,1,0.0,-69.33333333333333,0.5773502691896247,0.3333333333333286,source_hub_ultra_low_temperature_freezer,-69.0,0.0,0.0,False,False,False,True,False,True,False,1,-0.3491669960712361,False
batch015,2021-03-01 05:00:00,"Kalamazoo, Michigan",source_hub,ultra_low_temperature_freezer,2,-71,-70,-70.5,95.0,840,0,0,0,1,-1.0,-69.33333333333333,0.5773502691896278,-0.6666666666666714,source_hub_ultra_low_temperature_freezer,-69.0,-1.0,1.0,False,False,False,True,False,True,False,1,-0.32729167295734046,False
batch015,2021-03-01 06:00:00,"Kalamazoo, Michigan",source_hub,ultra_low_temperature_freezer,2,-70,-69,-69.5,95.0,840,0,0,0,1,1.0,-69.33333333333333,0.5773502691896278,0.3333333333333286,source_hub_ultra_low_temperature_freezer,-69.0,0.0,0.0,False,False,False,True,False,True,False,1,-0.3454540093428116,False
batch015,2021-03-01 07:00:00,"Kalamazoo, Michigan",source_hub,ultra_low_temperature_freezer,1,-71,-71,-71.0,95.0,840,0,0,0,0,-2.0,-70.0,1.0000000000000018,-1.0,source_hub_ultra_low_temperature_freezer,-69.0,-2.0,2.0,False,False,False,True,False,True,False,1,-0.26414626126403745,False
batch015,2021-03-01 08:00:00,"Kalamazoo, Michigan",source_hub,ultra_low_temperature_freezer,2,-70,-69,-69.5,95.0,840,0,0,0,1,2.0,-69.66666666666667,1.1547005383792541,0.6666666666666714,source_hub_ultra_low_temperature_freezer,-69.0,0.0,0.0,False,False,False,True,False,True,False,1,-0.3159314373617168,False
batch015,2021-03-01 09:00:00,"Kalamazoo, Michigan",source_hub,ultra_low_temperature_freezer,1,-69,-69,-69.0,95.0,840,0,0,0,0,0.0,-69.66666666666667,1.1547005383792541,0.6666666666666714,source_hub_ultra_low_temperature_freezer,-69.0,0.0,0.0,False,False,False,True,False,True,False,1,-0.30077352229774074,False
batch015,2021-03-01 10:00:00,"Kalamazoo, Michigan",source_hub,ultra_low_temperature_freezer,1,-69,-69,-69.0,95.0,840,0,0,0,0,0.0,-69.0,0.0,0.0,source_hub_ultra_low_temperature_freezer,-69.0,0.0,0.0,False,False,False,True,False,True,False,1,-0.3095030546648811,False
batch015,2021-03-01 11:00:00,"Shelbyville, Michigan",source_reefer_truck,ultra_low_temperature_freezer,2,-70,-70,-70.0,95.0,840,0,0,0,0,-1.0,-69.33333333333333,0.5773502691896278,-0.6666666666666714,source_reefer_truck_ultra_low_temperature_freezer,-69.0,-1.0,1.0,False,False,False,False,True,True,False,1,-0.3120144503403306,False
batch015,2021-03-01 12:00:00,"Gerald R Ford International Airport, Michigan",source_air_cargo,ultra_low_temperature_freezer,2,-71,-70,-70.5,95.0,840,0,0,0,1,0.0,-69.66666666666667,0.5773502691896278,-0.3333333333333286,source_air_cargo_ultra_low_temperature_freezer,-69.0,-1.0,1.0,False,False,True,False,False,True,False,1,-0.33525916918763676,False
batch015,2021-03-01 13:00:00,"Gerald R Ford International Airport, Michigan",source_air_cargo,ultra_low_temperature_freezer,2,-70,-69,-69.5,95.0,840,0,0,0,1,1.0,-69.66666666666667,0.5773502691896278,0.6666666666666714,source_air_cargo_ultra_low_temperature_freezer,-69.0,0.0,0.0,False,False,True,False,False,True,False,1,-0.3377481467080661,False
batch015,2021-03-01 14:00:00,"Gerald R Ford International Airport, Michigan",source_air_cargo,ultra_low_temperature_freezer,2,-71,-69,-70.0,95.0,840,0,0,0,2,0.0,-69.33333333333333,0.5773502691896278,0.3333333333333286,source_air_cargo_ultra_low_temperature_freezer,-69.0,0.0,0.0,False,False,True,False,False,True,False,1,-0.3377777300659409,False
batch015,2021-03-01 15:00:00,Not Available,air_transit,ultra_low_temperature_freezer,2,-71,-70,-70.5,95.0,840,0,0,0,1,-1.0,-69.33333333333333,0.5773502691896278,-0.6666666666666714,air_transit_ultra_low_temperature_freezer,-69.0,-1.0,1.0,True,False,False,False,False,True,False,1,-0.32729167295734046,False
batch015,2021-03-01 16:00:00,Not Available,air_transit,ultra_low_temperature_freezer,2,-71,-69,-70.0,95.0,840,0,0,0,2,1.0,-69.33333333333333,0.5773502691896278,0.3333333333333286,air_transit_ultra_low_temperature_freezer,-69.0,0.0,0.0,True,False,False,False,False,True,False,1,-0.33732507397149486,False
batch015,2021-03-01 17:00:00,Not Available,air_transit,ultra_low_temperature_freezer,2,-69,-69,-69.0,95.0,840,0,0,0,0,0.0,-69.33333333333333,0.5773502691896278,0.3333333333333286,air_transit_ultra_low_temperature_freezer,-69.0,0.0,0.0,True,False,False,False,False,True,False,1,-0.3203255405191535,False
batch015,2021-03-01 18:00:00,Not Available,air_transit,ultra_low_temperature_freezer,2,-69,-69,-69.0,95.0,840,0,0,0,0,0.0,-69.0,0.0,0.0,air_transit_ultra_low_temperature_freezer,-69.0,0.0,0.0,True,False,False,False,False,True,False,1,-0.3095030546648811,False
batch015,2021-03-01 19:00:00,Not Available,air_transit,ultra_low_temperature_freezer,2,-70,-69,-69.5,95.0,840,0,0,0,1,0.0,-69.0,0.0,0.0,air_transit_ultra_low_temperature_freezer,-69.0,0.0,0.0,True,False,False,False,False,True,False,1,-0.33475665422096784,False
batch015,2021-03-01 20:00:00,Not Available,air_transit,ultra_low_temperature_freezer,2,-71,-71,-71.0,95.0,840,0,0,0,0,-2.0,-69.66666666666667,1.1547005383792495,-1.3333333333333286,air_transit_ultra_low_temperature_freezer,-69.0,-2.0,2.0,True,False,False,False,False,True,False,1,-0.25084047606746596,False
batch015,2021-03-01 21:00:00,Not Available,air_transit,ultra_low_temperature_freezer,2,-71,-70,-70.5,95.0,840,0,0,0,1,1.0,-70.0,0.9999999999999964,0.0,air_transit_ultra_low_temperature_freezer,-69.0,-1.0,1.0,True,False,False,False,False,True,False,1,-0.31083262513079096,False
batch015,2021-03-01 22:00:00,Not Available,air_transit,ultra_low_temperature_freezer,2,-71,-69,-70.0,95.0,840,0,0,0,2,1.0,-70.0,0.9999999999999964,1.0,air_transit_ultra_low_temperature_freezer,-69.0,0.0,0.0,True,False,False,False,False,True,False,1,-0.30099347556636524,False
batch015,2021-03-01 23:00:00,Not Available,air_transit,ultra_low_temperature_freezer,2,-71,-70,-70.5,95.0,840,0,0,0,1,-1.0,-69.66666666666667,0.5773502691896186,-0.3333333333333286,air_transit_ultra_low_temperature_freezer,-69.0,-1.0,1.0,True,False,False,False,False,True,False,1,-0.33196154391316973,False
batch015,2021-03-02 00:00:00,Not Available,air_transit,ultra_low_temperature_freezer,2,-71,-69,-70.0,95.0,840,0,0,0,2,1.0,-69.33333333333333,0.5773502691896186,0.3333333333333286,air_transit_ultra_low_temperature_freezer,-69.0,0.0,0.0,True,False,False,False,False,True,False,1,-0.33732507397149486,False
batch015,2021-03-02 01:00:00,Not Available,air_transit,ultra_low_temperature_freezer,2,-71,-69,-70.0,95.0,840,0,0,0,2,0.0,-69.33333333333333,0.5773502691896186,0.3333333333333286,air_transit_ultra_low_temperature_freezer,-69.0,0.0,0.0,True,False,False,False,False,True,False,1,-0.3377777300659409,False
batch015,2021-03-02 02:00:00,Not Available,air_transit,ultra_low_temperature_freezer,2,-71,-69,-70.0,95.0,840,0,0,0,2,0.0,-69.0,0.0,0.0,air_transit_ultra_low_temperature_freezer,-69.0,0.0,0.0,True,False,False,False,False,True,False,1,-0.32347017658240806,False
batch015,2021-03-02 03:00:00,Not Available,air_transit,ultra_low_temperature_freezer,2,-71,-70,-70.5,95.0,840,0,0,0,1,-1.0,-69.33333333333333,0.5773502691896278,-0.6666666666666714,air_transit_ultra_low_temperature_freezer,-69.0,-1.0,1.0,True,False,False,False,False,True,False,1,-0.32729167295734046,False
batch015,2021-03-02 04:00:00,Not Available,air_transit,ultra_low_temperature_freezer,2,-71,-69,-70.0,95.0,840,0,0,0,2,1.0,-69.33333333333333,0.5773502691896278,0.3333333333333286,air_transit_ultra_low_temperature_freezer,-69.0,0.0,0.0,True,False,False,False,False,True,False,1,-0.33732507397149486,False
batch015,2021-03-02 05:00:00,Not Available,air_transit,ultra_low_temperature_freezer,2,-70,-70,-70.0,95.0,840,0,0,0,0,-1.0,-69.66666666666667,0.5773502691896278,-0.3333333333333286,air_transit_ultra_low_temperature_freezer,-69.0,-1.0,1.0,True,False,False,False,False,True,False,1,-0.3229838430845815,False
batch015,2021-03-02 06:00:00,Not Available,air_transit,ultra_low_temperature_freezer,2,-71,-70,-70.5,95.0,840,0,0,0,1,0.0,-69.66666666666667,0.5773502691896278,-0.3333333333333286,air_transit_ultra_low_temperature_freezer,-69.0,-1.0,1.0,True,False,False,False,False,True,False,1,-0.33525916918763676,False
batch015,2021-03-02 07:00:00,Not Available,air_transit,ultra_low_temperature_freezer,2,-71,-71,-71.0,95.0,840,0,0,0,0,-1.0,-70.33333333333333,0.5773502691896278,-0.6666666666666714,air_transit_ultra_low_temperature_freezer,-69.0,-2.0,2.0,True,False,False,False,False,True,False,1,-0.2648274617561135,False
batch015,2021-03-02 08:00:00,Not Available,air_transit,ultra_low_temperature_freezer,2,-71,-70,-70.5,95.0,840,0,0,0,1,1.0,-70.33333333333333,0.5773502691896278,0.3333333333333286,air_transit_ultra_low_temperature_freezer,-69.0,-1.0,1.0,True,False,False,False,False,True,False,1,-0.30784886111173815,False
batch015,2021-03-02 09:00:00,Not Available,air_transit,ultra_low_temperature_freezer,2,-71,-71,-71.0,95.0,840,0,0,0,0,-1.0,-70.66666666666667,0.5773502691896278,-0.3333333333333286,air_transit_ultra_low_temperature_freezer,-69.0,-2.0,2.0,True,False,False,False,False,True,False,1,-0.24949222300035423,False
batch015,2021-03-02 10:00:00,Not Available,air_transit,ultra_low_temperature_freezer,2,-69,-69,-69.0,95.0,840,0,0,0,0,2.0,-70.0,1.0000000000000018,1.0,air_transit_ultra_low_temperature_freezer,-69.0,0.0,0.0,True,False,False,False,False,True,False,1,-0.26814491666159873,False
batch015,2021-03-02 11:00:00,Not Available,air_transit,ultra_low_temperature_freezer,2,-69,-69,-69.0,95.0,840,0,0,0,0,0.0,-69.66666666666667,1.1547005383792541,0.6666666666666714,air_transit_ultra_low_temperature_freezer,-69.0,0.0,0.0,True,False,False,False,False,True,False,1,-0.30077352229774074,False
batch015,2021-03-02 12:00:00,Delhi Airport,dest_air_cargo,ultra_low_temperature_freezer,2,-70,-67,-68.5,95.0,840,0,0,0,3,2.0,-68.33333333333333,1.1547005383792495,1.3333333333333286,dest_air_cargo_ultra_low_temperature_freezer,-67.0,0.0,0.0,False,True,False,False,False,True,False,1,-0.22776560548940877,False
batch015,2021-03-02 13:00:00,Delhi Airport,dest_air_cargo,ultra_low_temperature_freezer,2,-69,-66,-67.5,95.0,840,0,0,0,3,1.0,-67.33333333333333,1.5275252316519428,1.3333333333333286,dest_air_cargo_ultra_low_temperature_freezer,-67.0,1.0,1.0,False,True,False,False,False,True,False,1,-0.2069625611447551,False
batch015,2021-03-02 14:00:00,Delhi Airport,dest_air_cargo,ultra_low_temperature_freezer,2,-68,-66,-67.0,95.0,840,0,0,0,2,0.0,-66.33333333333333,0.5773502691896093,0.3333333333333286,dest_air_cargo_ultra_low_temperature_freezer,-67.0,1.0,1.0,False,True,False,False,False,True,False,1,-0.23890405335421766,False
batch015,2021-03-02 15:00:00,Delhi Airport,dest_air_cargo,ultra_low_temperature_freezer,2,-66,-66,-66.0,95.0,840,0,0,0,0,0.0,-66.0,0.0,0.0,dest_air_cargo_ultra_low_temperature_freezer,-67.0,1.0,1.0,False,True,False,False,False,True,False,1,-0.1947685289321237,False
batch015,2021-03-02 16:00:00,Delhi Airport,dest_air_cargo,ultra_low_temperature_freezer,1,-67,-67,-67.0,95.0,840,0,0,0,0,-1.0,-66.33333333333333,0.5773502691896278,-0.6666666666666714,dest_air_cargo_ultra_low_temperature_freezer,-67.0,0.0,0.0,False,True,False,False,False,True,False,1,-0.2217585685081886,False
batch015,2021-03-02 17:00:00,Delhi Airport,dest_air_cargo,ultra_low_temperature_freezer,2,-69,-67,-68.0,95.0,840,0,0,0,2,0.0,-66.66666666666667,0.5773502691896278,-0.3333333333333286,dest_air_cargo_ultra_low_temperature_freezer,-67.0,0.0,0.0,False,True,False,False,False,True,False,1,-0.2699845653967393,False
batch015,2021-03-02 18:00:00,Delhi Airport,dest_air_cargo,vaccine_storage_unit,2,-65,-64,-64.5,94.0,839,1,0,0,1,3.0,-66.0,1.7320508075688772,2.0,dest_air_cargo_vaccine_storage_unit,7.0,-71.0,71.0,False,True,False,False,False,False,True,1,-0.037476285306832335,False
batch016,2021-02-01 01:00:00,"Kalamazoo, Michigan",source_hub,ultra_low_temperature_freezer,2,-71,-70,-70.5,95.0,840,0,0,0,1,0.0,-70.0,0.0,0.0,source_hub_ultra_low_temperature_freezer,-69.0,-1.0,1.0,False,False,False,True,False,True,False,1,-0.3094352017660051,False
batch016,2021-02-01 02:00:00,"Kalamazoo, Michigan",source_hub,ultra_low_temperature_freezer,2,-71,-70,-70.5,95.0,840,0,0,0,1,0.0,-70.0,0.0,0.0,source_hub_ultra_low_temperature_freezer,-69.0,-1.0,1.0,False,False,False,True,False,True,False,1,-0.3094352017660051,False
batch016,2021-02-01 03:00:00,"Kalamazoo, Michigan",source_hub,ultra_low_temperature_freezer,2,-71,-71,-71.0,95.0,840,0,0,0,0,-1.0,-70.33333333333333,0.5773502691896278,-0.6666666666666714,source_hub_ultra_low_temperature_freezer,-69.0,-2.0,2.0,False,False,False,True,False,True,False,1,-0.2648274617561135,False
batch016,2021-02-01 04:00:00,"Kalamazoo, Michigan",source_hub,ultra_low_temperature_freezer,2,-71,-70,-70.5,95.0,840,0,0,0,1,1.0,-70.33333333333333,0.5773502691896278,0.3333333333333286,source_hub_ultra_low_temperature_freezer,-69.0,-1.0,1.0,False,False,False,True,False,True,False,1,-0.30784886111173815,False
batch016,2021-02-01 05:00:00,"Kalamazoo, Michigan",source_hub,ultra_low_temperature_freezer,2,-71,-69,-70.0,95.0,840,0,0,0,2,1.0,-70.0,1.0000000000000018,1.0,source_hub_ultra_low_temperature_freezer,-69.0,0.0,0.0,False,False,False,True,False,True,False,1,-0.30099347556636524,False
batch016,2021-02-01 06:00:00,"Kalamazoo, Michigan",source_hub,ultra_low_temperature_freezer,2,-70,-69,-69.5,95.0,840,0,0,0,1,0.0,-69.33333333333333,0.5773502691896278,0.3333333333333286,source_hub_ultra_low_temperature_freezer,-69.0,0.0,0.0,False,False,False,True,False,True,False,1,-0.3491669960712361,False
batch016,2021-02-01 07:00:00,"Kalamazoo, Michigan",source_hub,ultra_low_temperature_freezer,2,-70,-69,-69.5,95.0,840,0,0,0,1,0.0,-69.0,0.0,0.0,source_hub_ultra_low_temperature_freezer,-69.0,0.0,0.0,False,False,False,True,False,True,False,1,-0.33475665422096784,False
batch016,2021-02-01 08:00:00,"Kalamazoo, Michigan",source_hub,ultra_low_temperature_freezer,1,-71,-71,-71.0,95.0,840,0,0,0,0,-2.0,-69.66666666666667,1.1547005383792495,-1.3333333333333286,source_hub_ultra_low_temperature_freezer,-69.0,-2.0,2.0,False,False,False,True,False,True,False,1,-0.25084047606746596,False
batch016,2021-02-01 09:00:00,"Kalamazoo, Michigan",source_hub,ultra_low_temperature_freezer,1,-71,-71,-71.0,95.0,840,0,0,0,0,0.0,-70.33333333333333,1.1547005383792495,-0.6666666666666714,source_hub_ultra_low_temperature_freezer,-69.0,-2.0,2.0,False,False,False,True,False,True,False,1,-0.26116812312331905,False
batch016,2021-02-01 10:00:00,"Kalamazoo, Michigan",source_hub,ultra_low_temperature_freezer,2,-71,-70,-70.5,95.0,840,0,0,0,1,1.0,-70.66666666666667,0.5773502691896278,0.6666666666666714,source_hub_ultra_low_temperature_freezer,-69.0,-1.0,1.0,False,False,False,True,False,True,False,1,-0.2872363467248306,False
batch016,2021-02-01 11:00:00,"Shelbyville, Michigan",source_reefer_truck,ultra_low_temperature_freezer,2,-71,-69,-70.0,95.0,840,0,0,0,2,1.0,-70.0,1.0000000000000018,1.0,source_reefer_truck_ultra_low_temperature_freezer,-69.0,0.0,0.0,False,False,False,False,True,True,False,1,-0.30099347556636524,False
batch016,2021-02-01 12:00:00,"Gerald R Ford International Airport, Michigan",source_air_cargo,ultra_low_temperature_freezer,2,-70,-69,-69.5,95.0,840,0,0,0,1,0.0,-69.33333333333333,0.5773502691896278,0.3333333333333286,source_air_cargo_ultra_low_temperature_freezer,-69.0,0.0,0.0,False,False,True,False,False,True,False,1,-0.3491669960712361,False
batch016,2021-02-01 13:00:00,"Gerald R Ford International Airport, Michigan",source_air_cargo,ultra_low_temperature_freezer,1,-70,-70,-70.0,95.0,840,0,0,0,0,-1.0,-69.33333333333333,0.5773502691896278,-0.6666666666666714,source_air_cargo_ultra_low_temperature_freezer,-69.0,-1.0,1.0,False,False,True,False,False,True,False,1,-0.3120144503403306,False
batch016,2021-02-01 14:00:00,"Gerald R Ford International Airport, Michigan",source_air_cargo,ultra_low_temperature_freezer,2,-71,-69,-70.0,95.0,840,0,0,0,2,1.0,-69.33333333333333,0.5773502691896278,0.3333333333333286,source_air_cargo_ultra_low_temperature_freezer,-69.0,0.0,0.0,False,False,True,False,False,True,False,1,-0.33732507397149486,False
batch016,2021-02-01 15:00:00,Not Available,air_transit,ultra_low_temperature_freezer,2,-70,-69,-69.5,95.0,840,0,0,0,1,0.0,-69.33333333333333,0.5773502691896278,0.3333333333333286,air_transit_ultra_low_temperature_freezer,-69.0,0.0,0.0,True,False,False,False,False,True,False,1,-0.3491669960712361,False
batch016,2021-02-01 16:00:00,Not Available,air_transit,ultra_low_temperature_freezer,1,-71,-71,-71.0,95.0,840,0,0,0,0,-2.0,-69.66666666666667,1.1547005383792495,-1.3333333333333286,air_transit_ultra_low_temperature_freezer,-69.0,-2.0,2.0,True,False,False,False,False,True,False,1,-0.25084047606746596,False
batch016,2021-02-01 17:00:00,Not Available,air_transit,ultra_low_temperature_freezer,2,-71,-70,-70.5,95.0,840,0,0,0,1,1.0,-70.0,0.9999999999999964,0.0,air_transit_ultra_low_temperature_freezer,-69.0,-1.0,1.0,True,False,False,False,False,True,False,1,-0.31083262513079096,False
batch016,2021-02-01 18:00:00,Not Available,air_transit,ultra_low_temperature_freezer,2,-70,-70,-70.0,95.0,840,0,0,0,0,0.0,-70.33333333333333,0.5773502691896186,0.3333333333333286,air_transit_ultra_low_temperature_freezer,-69.0,-1.0,1.0,True,False,False,False,False,True,False,1,-0.30969794928674554,False
batch016,2021-02-01 19:00:00,Not Available,air_transit,ultra_low_temperature_freezer,2,-71,-69,-70.0,95.0,840,0,0,0,2,1.0,-69.66666666666667,0.5773502691896278,0.6666666666666714,air_transit_ultra_low_temperature_freezer,-69.0,0.0,0.0,True,False,False,False,False,True,False,1,-0.32792824345500965,False
batch016,2021-02-01 20:00:00,Not Available,air_transit,ultra_low_temperature_freezer,2,-70,-69,-69.5,95.0,840,0,0,0,1,0.0,-69.33333333333333,0.5773502691896278,0.3333333333333286,air_transit_ultra_low_temperature_freezer,-69.0,0.0,0.0,True,False,False,False,False,True,False,1,-0.3491669960712361,False
batch016,2021-02-01 21:00:00,Not Available,air_transit,ultra_low_temperature_freezer,2,-70,-69,-69.5,95.0,840,0,0,0,1,0.0,-69.0,0.0,0.0,air_transit_ultra_low_temperature_freezer,-69.0,0.0,0.0,True,False,False,False,False,True,False,1,-0.33475665422096784,False
batch016,2021-02-01 22:00:00,Not Available,air_transit,ultra_low_temperature_freezer,2,-71,-71,-71.0,95.0,840,0,0,0,0,-2.0,-69.66666666666667,1.1547005383792495,-1.3333333333333286,air_transit_ultra_low_temperature_freezer,-69.0,-2.0,2.0,True,False,False,False,False,True,False,1,-0.25084047606746596,False
batch016,2021-02-01 23:00:00,Not Available,air_transit,ultra_low_temperature_freezer,2,-70,-69,-69.5,95.0,840,0,0,0,1,2.0,-69.66666666666667,1.1547005383792495,0.6666666666666714,air_transit_ultra_low_temperature_freezer,-69.0,0.0,0.0,True,False,False,False,False,True,False,1,-0.3159314373617168,False
batch016,2021-02-02 00:00:00,Not Available,air_transit,ultra_low_temperature_freezer,2,-70,-69,-69.5,95.0,840,0,0,0,1,0.0,-69.66666666666667,1.1547005383792495,0.6666666666666714,air_transit_ultra_low_temperature_freezer,-69.0,0.0,0.0,True,False,False,False,False,True,False,1,-0.33243127773137215,False
batch016,2021-02-02 01:00:00,Not Available,air_transit,ultra_low_temperature_freezer,1,-71,-71,-71.0,95.0,840,0,0,0,0,-2.0,-69.66666666666667,1.1547005383792495,-1.3333333333333286,air_transit_ultra_low_temperature_freezer,-69.0,-2.0,2.0,True,False,False,False,False,True,False,1,-0.25084047606746596,False
batch016,2021-02-02 02:00:00,Not Available,air_transit,ultra_low_temperature_freezer,2,-70,-70,-70.0,95.0,840,0,0,0,0,1.0,-70.0,0.9999999999999964,0.0,air_transit_ultra_low_temperature_freezer,-69.0,-1.0,1.0,True,False,False,False,False,True,False,1,-0.3096219286221211,False
batch016,2021-02-02 03:00:00,Not Available,air_transit,ultra_low_temperature_freezer,1,-70,-70,-70.0,95.0,840,0,0,0,0,0.0,-70.33333333333333,0.5773502691896186,0.3333333333333286,air_transit_ultra_low_temperature_freezer,-69.0,-1.0,1.0,True,False,False,False,False,True,False,1,-0.30969794928674554,False
batch016,2021-02-02 04:00:00,Not Available,air_transit,ultra_low_temperature_freezer,1,-70,-70,-70.0,95.0,840,0,0,0,0,0.0,-70.0,0.0,0.0,air_transit_ultra_low_temperature_freezer,-69.0,-1.0,1.0,True,False,False,False,False,True,False,1,-0.3034958186116679,False
batch016,2021-02-02 05:00:00,Not Available,air_transit,ultra_low_temperature_freezer,1,-70,-70,-70.0,95.0,840,0,0,0,0,0.0,-70.0,0.0,0.0,air_transit_ultra_low_temperature_freezer,-69.0,-1.0,1.0,True,False,False,False,False,True,False,1,-0.3034958186116679,False
batch016,2021-02-02 06:00:00,Not Available,air_transit,ultra_low_temperature_freezer,2,-69,-69,-69.0,95.0,840,0,0,0,0,1.0,-69.66666666666667,0.5773502691896278,0.6666666666666714,air_transit_ultra_low_temperature_freezer,-69.0,0.0,0.0,True,False,False,False,False,True,False,1,-0.30777503122937655,False
batch016,2021-02-02 07:00:00,Not Available,air_transit,ultra_low_temperature_freezer,2,-71,-71,-71.0,95.0,840,0,0,0,0,-2.0,-70.0,1.0000000000000018,-1.0,air_transit_ultra_low_temperature_freezer,-69.0,-2.0,2.0,True,False,False,False,False,True,False,1,-0.26414626126403745,False
batch016,2021-02-02 08:00:00,Not Available,air_transit,ultra_low_temperature_freezer,1,-69,-69,-69.0,95.0,840,0,0,0,0,2.0,-69.66666666666667,1.1547005383792541,0.6666666666666714,air_transit_ultra_low_temperature_freezer,-69.0,0.0,0.0,True,False,False,False,False,True,False,1,-0.2833759563273076,False
batch016,2021-02-02 09:00:00,Not Available,air_transit,ultra_low_temperature_freezer,2,-70,-69,-69.5,95.0,840,0,0,0,1,0.0,-69.66666666666667,1.1547005383792541,0.6666666666666714,air_transit_ultra_low_temperature_freezer,-69.0,0.0,0.0,True,False,False,False,False,True,False,1,-0.33243127773137215,False
batch016,2021-02-02 10:00:00,Not Available,air_transit,ultra_low_temperature_freezer,2,-70,-69,-69.5,95.0,840,0,0,0,1,0.0,-69.0,0.0,0.0,air_transit_ultra_low_temperature_freezer,-69.0,0.0,0.0,True,False,False,False,False,True,False,1,-0.33475665422096784,False
batch016,2021-02-02 11:00:00,Not Available,air_transit,ultra_low_temperature_freezer,2,-71,-69,-70.0,95.0,840,0,0,0,2,0.0,-69.0,0.0,0.0,air_transit_ultra_low_temperature_freezer,-69.0,0.0,0.0,True,False,False,False,False,True,False,1,-0.32347017658240806,False
batch016,2021-02-02 12:00:00,Delhi Airport,dest_air_cargo,ultra_low_temperature_freezer,2,-70,-65,-67.5,95.0,840,0,0,0,5,4.0,-67.66666666666667,2.309401076758505,2.6666666666666714,dest_air_cargo_ultra_low_temperature_freezer,-67.0,2.0,2.0,False,True,False,False,False,True,False,1,-0.09201000016784333,False
batch016,2021-02-02 13:00:00,Delhi Airport,dest_air_cargo,ultra_low_temperature_freezer,1,-68,-68,-68.0,95.0,840,0,0,0,0,-3.0,-67.33333333333333,2.0816659994661366,-0.6666666666666714,dest_air_cargo_ultra_low_temperature_freezer,-67.0,-1.0,1.0,False,True,False,False,False,True,False,1,-0.20232899249966252,False
batch016,2021-02-02 14:00:00,Delhi Airport,dest_air_cargo,vaccine_storage_unit,2,-60,-52,-56.0,92.5,839,1,1,0,8,16.0,-61.666666666666664,8.504900548115382,9.666666666666664,dest_air_cargo_vaccine_storage_unit,7.0,-59.0,59.0,False,True,False,False,False,False,True,-1,0.039775136555539214,True
batch016,2021-02-02 15:00:00,Delhi Airport,dest_air_cargo,vaccine_storage_unit,2,-47,-41,-44.0,93.5,838,1,2,0,6,11.0,-53.666666666666664,13.576941236277532,12.666666666666664,dest_air_cargo_vaccine_storage_unit,7.0,-48.0,48.0,False,True,False,False,False,False,True,-1,0.037747852363537726,True
batch016,2021-02-02 16:00:00,Delhi Airport,dest_air_cargo,vaccine_storage_unit,2,-39,-36,-37.5,92.0,837,1,3,0,3,5.0,-43.0,8.185352771872445,7.0,dest_air_cargo_vaccine_storage_unit,7.0,-43.0,43.0,False,True,False,False,False,False,True,-1,0.0007063181336350866,True
batch016,2021-02-02 17:00:00,Delhi Airport,dest_air_cargo,vaccine_storage_unit,2,-35,-26,-30.5,92.5,836,1,4,0,9,10.0,-34.333333333333336,7.63762615825973,8.333333333333336,dest_air_cargo_vaccine_storage_unit,7.0,-33.0,33.0,False,True,False,False,False,False,True,-1,0.027090678136464708,True
batch016,2021-02-02 18:00:00,Delhi Airport,dest_air_cargo,vaccine_storage_unit,2,-24,-22,-23.0,93.0,835,1,5,0,2,4.0,-28.0,7.211102550927978,6.0,dest_air_cargo_vaccine_storage_unit,7.0,-29.0,29.0,False,True,False,False,False,False,True,-1,0.005561966740938784,True
batch016,2021-02-02 19:00:00,Delhi Airport,dest_air_cargo,vaccine_storage_unit,2,-11,-5,-8.0,92.5,834,1,6,0,6,17.0,-17.666666666666668,11.150485789118493,12.666666666666668,dest_air_cargo_vaccine_storage_unit,7.0,-12.0,12.0,False,True,False,False,False,False,True,-1,0.04374038478178088,True
batch016,2021-02-02 20:00:00,Delhi Airport,dest_air_cargo,vaccine_storage_unit,2,3,3,3.0,92.5,833,1,6,1,0,8.0,-8.0,12.767145334803715,11.0,dest_air_cargo_vaccine_storage_unit,7.0,-4.0,4.0,False,True,False,False,False,False,True,-1,0.024777175446428545,True
batch016,2021-02-02 21:00:00,Delhi Airport,dest_air_cargo,vaccine_storage_unit,2,2,3,2.5,93.0,832,1,6,2,1,0.0,0.3333333333333333,4.618802153517045,2.6666666666666665,dest_air_cargo_vaccine_storage_unit,7.0,-4.0,4.0,False,True,False,False,False,False,True,1,-0.03262574857646461,False
batch016,2021-02-02 22:00:00,Delhi Airport,dest_air_cargo,vaccine_storage_unit,2,7,8,7.5,85.0,831,1,6,3,1,5.0,4.666666666666667,2.8867513459481287,3.333333333333333,dest_air_cargo_vaccine_storage_unit,7.0,1.0,1.0,False,True,False,False,False,False,True,1,-0.07817677661269018,False
batch016,2021-02-02 23:00:00,Delhi Airport,dest_air_cargo,vaccine_storage_unit,2,8,8,8.0,87.0,830,1,6,4,0,0.0,6.333333333333333,2.8867513459481287,1.666666666666667,dest_air_cargo_vaccine_storage_unit,7.0,1.0,1.0,False,True,False,False,False,False,True,1,-0.1430804112772318,False
batch016,2021-02-03 00:00:00,Delhi Airport,dest_air_cargo,vaccine_storage_unit,2,8,8,8.0,88.0,829,1,6,5,0,0.0,8.0,0.0,0.0,dest_air_cargo_vaccine_storage_unit,7.0,1.0,1.0,False,True,False,False,False,False,True,1,-0.21071235884672623,False
batch016,2021-02-03 01:00:00,Delhi Airport,dest_air_cargo,vaccine_storage_unit,2,7,7,7.0,88.5,828,1,6,6,0,-1.0,7.666666666666667,0.5773502691896258,-0.666666666666667,dest_air_cargo_vaccine_storage_unit,7.0,0.0,0.0,False,True,False,False,False,False,True,1,-0.22848771218554736,False
batch016,2021-02-03 02:00:00,Delhi Airport,dest_air_cargo,vaccine_storage_unit,2,6,7,6.5,89.0,827,1,6,7,1,0.0,7.333333333333333,0.5773502691896258,-0.33333333333333304,dest_air_cargo_vaccine_storage_unit,7.0,0.0,0.0,False,True,False,False,False,False,True,1,-0.2722659027689548,False
batch016,2021-02-03 03:00:00,Delhi Airport,dest_air_cargo,vaccine_storage_unit,2,6,7,6.5,89.0,826,1,6,8,1,0.0,7.0,0.0,0.0,dest_air_cargo_vaccine_storage_unit,7.0,0.0,0.0,False,True,False,False,False,False,True,1,-0.23767531490769161,False
batch016,2021-02-03 04:00:00,Delhi Airport,dest_air_cargo,vaccine_storage_unit,2,6,7,6.5,87.5,825,1,6,9,1,0.0,7.0,0.0,0.0,dest_air_cargo_vaccine_storage_unit,7.0,0.0,0.0,False,True,False,False,False,False,True,1,-0.242523499371413,False
batch016,2021-02-03 05:00:00,Delhi Airport,dest_air_cargo,vaccine_storage_unit,2,7,8,7.5,86.5,824,1,6,10,1,1.0,7.333333333333333,0.5773502691896258,0.666666666666667,dest_air_cargo_vaccine_storage_unit,7.0,1.0,1.0,False,True,False,False,False,False,True,1,-0.27020610545543805,False
batch016,2021-02-03 06:00:00,Delhi Airport,dest_air_cargo,vaccine_storage_unit,2,6,6,6.0,88.5,823,1,6,11,0,-2.0,7.0,1.0,-1.0,dest_air_cargo_vaccine_storage_unit,7.0,-1.0,1.0,False,True,False,False,False,False,True,1,-0.20319054333655107,False
batch016,2021-02-03 07:00:00,Delhi Airport,dest_air_cargo,vaccine_storage_unit,2,7,8,7.5,87.0,822,1,6,12,1,2.0,7.333333333333333,1.1547005383792517,0.666666666666667,dest_air_cargo_vaccine_storage_unit,7.0,1.0,1.0,False,True,False,False,False,False,True,1,-0.2415229840964822,False
batch016,2021-02-03 08:00:00,Delhi Airport,dest_air_cargo,vaccine_storage_unit,2,6,8,7.0,88.5,821,1,6,13,2,0.0,7.333333333333333,1.1547005383792517,0.666666666666667,dest_air_cargo_vaccine_storage_unit,7.0,1.0,1.0,False,True,False,False,False,False,True,1,-0.24727539693598172,False
batch016,2021-02-03 09:00:00,Delhi Airport,dest_air_cargo,vaccine_storage_unit,2,6,8,7.0,86.5,820,1,6,14,2,0.0,8.0,0.0,0.0,dest_air_cargo_vaccine_storage_unit,7.0,1.0,1.0,False,True,False,False,False,False,True,1,-0.24266456585191898,False
batch016,2021-02-03 10:00:00,Delhi Airport,dest_air_cargo,vaccine_storage_unit,2,7,8,7.5,87.5,819,1,6,15,1,0.0,8.0,0.0,0.0,dest_air_cargo_vaccine_storage_unit,7.0,1.0,1.0,False,True,False,False,False,False,True,1,-0.2631398927669523,False
batch016,2021-02-03 11:00:00,Delhi Airport,dest_air_cargo,vaccine_storage_unit,2,7,8,7.5,87.5,818,1,6,16,1,0.0,8.0,0.0,0.0,dest_air_cargo_vaccine_storage_unit,7.0,1.0,1.0,False,True,False,False,False,False,True,1,-0.2631398927669523,False
batch016,2021-02-03 12:00:00,Delhi Airport,dest_air_cargo,vaccine_storage_unit,2,7,7,7.0,90.0,817,1,6,17,0,-1.0,7.666666666666667,0.5773502691896258,-0.666666666666667,dest_air_cargo_vaccine_storage_unit,7.0,0.0,0.0,False,True,False,False,False,False,True,1,-0.2164850724201099,False
batch016,2021-02-03 13:00:00,Delhi Airport,dest_air_cargo,vaccine_storage_unit,2,6,6,6.0,88.0,816,1,6,18,0,-1.0,7.0,1.0,-1.0,dest_air_cargo_vaccine_storage_unit,7.0,-1.0,1.0,False,True,False,False,False,False,True,1,-0.21088396139991294,False
batch016,2021-02-03 14:00:00,Delhi Airport,dest_air_cargo,vaccine_storage_unit,2,8,8,8.0,86.5,815,1,6,19,0,2.0,7.0,1.0,1.0,dest_air_cargo_vaccine_storage_unit,7.0,1.0,1.0,False,True,False,False,False,False,True,1,-0.18755213215057176,False
batch016,2021-02-03 15:00:00,Delhi Airport,dest_air_cargo,vaccine_storage_unit,2,7,8,7.5,87.5,814,1,6,20,1,0.0,7.333333333333333,1.1547005383792517,0.666666666666667,dest_air_cargo_vaccine_storage_unit,7.0,1.0,1.0,False,True,False,False,False,False,True,1,-0.2641367512096151,False
batch016,2021-02-03 16:00:00,Delhi Airport,dest_air_cargo,vaccine_storage_unit,2,7,7,7.0,86.0,813,1,6,21,0,-1.0,7.666666666666667,0.5773502691896258,-0.666666666666667,dest_air_cargo_vaccine_storage_unit,7.0,0.0,0.0,False,True,False,False,False,False,True,1,-0.20774671683877677,False
batch016,2021-02-03 17:00:00,Delhi Airport,dest_air_cargo,vaccine_storage_unit,2,7,7,7.0,90.0,812,1,6,22,0,0.0,7.333333333333333,0.5773502691896258,-0.33333333333333304,dest_air_cargo_vaccine_storage_unit,7.0,0.0,0.0,False,True,False,False,False,False,True,1,-0.22709789987190349,False
batch016,2021-02-03 18:00:00,Delhi Airport,dest_air_cargo,vaccine_storage_unit,2,6,7,6.5,87.5,811,1,6,23,1,0.0,7.0,0.0,0.0,dest_air_cargo_vaccine_storage_unit,7.0,0.0,0.0,False,True,False,False,False,False,True,1,-0.242523499371413,False
batch016,2021-02-03 19:00:00,Delhi Airport,dest_air_cargo,vaccine_storage_unit,2,6,7,6.5,87.0,810,1,6,24,1,0.0,7.0,0.0,0.0,dest_air_cargo_vaccine_storage_unit,7.0,0.0,0.0,False,True,False,False,False,False,True,1,-0.24003519259563805,False
batch016,2021-02-03 20:00:00,Delhi Airport,dest_air_cargo,vaccine_storage_unit,2,7,8,7.5,86.0,809,1,6,25,1,1.0,7.333333333333333,0.5773502691896258,0.666666666666667,dest_air_cargo_vaccine_storage_unit,7.0,1.0,1.0,False,True,False,False,False,False,True,1,-0.2597637530256853,False
batch016,2021-02-03 21:00:00,Delhi Airport,dest_air_cargo,vaccine_storage_unit,2,6,7,6.5,87.5,808,1,6,26,1,-1.0,7.333333333333333,0.5773502691896258,-0.33333333333333304,dest_air_cargo_vaccine_storage_unit,7.0,0.0,0.0,False,True,False,False,False,False,True,1,-0.276903213591272,False
batch016,2021-02-03 22:00:00,Delhi Airport,dest_air_cargo,vaccine_storage_unit,2,7,8,7.5,87.5,807,1,6,27,1,1.0,7.666666666666667,0.5773502691896258,0.33333333333333304,dest_air_cargo_vaccine_storage_unit,7.0,1.0,1.0,False,True,False,False,False,False,True,1,-0.2816354609716568,False
batch016,2021-02-03 23:00:00,Delhi Airport,dest_air_cargo,vaccine_storage_unit,2,7,8,7.5,88.0,806,1,6,28,1,0.0,7.666666666666667,0.5773502691896258,0.33333333333333304,dest_air_cargo_vaccine_storage_unit,7.0,1.0,1.0,False,True,False,False,False,False,True,1,-0.2848143776583624,False
batch016,2021-02-04 00:00:00,Delhi Airport,dest_air_cargo,vaccine_storage_unit,2,6,8,7.0,87.5,805,1,6,29,2,0.0,8.0,0.0,0.0,dest_air_cargo_vaccine_storage_unit,7.0,1.0,1.0,False,True,False,False,False,False,True,1,-0.25084593023862484,False
batch016,2021-02-04 01:00:00,Delhi Airport,dest_air_cargo,vaccine_storage_unit,2,6,8,7.0,88.5,804,1,6,30,2,0.0,8.0,0.0,0.0,dest_air_cargo_vaccine_storage_unit,7.0,1.0,1.0,False,True,False,False,False,False,True,1,-0.24561216144354664,False
batch016,2021-02-04 02:00:00,Delhi Airport,dest_air_cargo,vaccine_storage_unit,2,7,8,7.5,86.0,803,1,6,31,1,0.0,8.0,0.0,0.0,dest_air_cargo_vaccine_storage_unit,7.0,1.0,1.0,False,True,False,False,False,False,True,1,-0.24005499407753106,False
batch016,2021-02-04 03:00:00,Delhi Airport,dest_air_cargo,vaccine_storage_unit,2,6,7,6.5,87.0,802,1,6,32,1,-1.0,7.666666666666667,0.5773502691896258,-0.666666666666667,dest_air_cargo_vaccine_storage_unit,7.0,0.0,0.0,False,True,False,False,False,False,True,1,-0.26148213655026864,False
batch016,2021-02-04 04:00:00,Delhi Airport,dest_air_cargo,vaccine_storage_unit,2,7,7,7.0,88.0,801,1,6,33,0,0.0,7.333333333333333,0.5773502691896258,-0.33333333333333304,dest_air_cargo_vaccine_storage_unit,7.0,0.0,0.0,False,True,False,False,False,False,True,1,-0.2380282244657131,False
batch016,2021-02-04 05:00:00,Delhi Airport,dest_air_cargo,vaccine_storage_unit,2,8,8,8.0,88.0,800,1,6,34,0,1.0,7.333333333333333,0.5773502691896258,0.666666666666667,dest_air_cargo_vaccine_storage_unit,7.0,1.0,1.0,False,True,False,False,False,False,True,1,-0.2219942220047812,False
batch016,2021-02-04 06:00:00,Delhi Airport,dest_air_cargo,vaccine_storage_unit,2,7,7,7.0,88.5,799,1,6,35,0,-1.0,7.333333333333333,0.5773502691896258,-0.33333333333333304,dest_air_cargo_vaccine_storage_unit,7.0,0.0,0.0,False,True,False,False,False,False,True,1,-0.2423031750625585,False
batch016,2021-02-04 07:00:00,Delhi Airport,dest_air_cargo,vaccine_storage_unit,2,6,7,6.5,87.5,798,1,6,36,1,0.0,7.333333333333333,0.5773502691896258,-0.33333333333333304,dest_air_cargo_vaccine_storage_unit,7.0,0.0,0.0,False,True,False,False,False,False,True,1,-0.27906930328321855,False
batch016,2021-02-04 08:00:00,Delhi Airport,dest_air_cargo,vaccine_storage_unit,2,6,6,6.0,87.5,797,1,6,37,0,-1.0,6.666666666666667,0.5773502691896258,-0.666666666666667,dest_air_cargo_vaccine_storage_unit,7.0,-1.0,1.0,False,True,False,False,False,False,True,1,-0.2016463574642262,False
batch016,2021-02-04 09:00:00,Delhi Airport,dest_air_cargo,vaccine_storage_unit,2,6,8,7.0,87.5,796,1,6,38,2,2.0,7.0,1.0,1.0,dest_air_cargo_vaccine_storage_unit,7.0,1.0,1.0,False,True,False,False,False,False,True,1,-0.22067607218775093,False
batch016,2021-02-04 10:00:00,Delhi Airport,dest_air_cargo,vaccine_storage_unit,2,8,8,8.0,89.0,795,1,6,39,0,0.0,7.333333333333333,1.1547005383792517,0.666666666666667,dest_air_cargo_vaccine_storage_unit,7.0,1.0,1.0,False,True,False,False,False,False,True,1,-0.20233658404095867,False
batch016,2021-02-04 11:00:00,Delhi Airport,dest_air_cargo,vaccine_storage_unit,2,7,8,7.5,85.0,794,1,6,40,1,0.0,8.0,0.0,0.0,dest_air_cargo_vaccine_storage_unit,7.0,1.0,1.0,False,True,False,False,False,False,True,1,-0.21563497333698828,False
batch016,2021-02-04 12:00:00,Delhi Airport,dest_air_cargo,vaccine_storage_unit,2,6,8,7.0,87.5,793,1,6,41,2,0.0,8.0,0.0,0.0,dest_air_cargo_vaccine_storage_unit,7.0,1.0,1.0,False,True,False,False,False,False,True,1,-0.25084593023862484,False
batch016,2021-02-04 13:00:00,Delhi Airport,dest_air_cargo,vaccine_storage_unit,2,6,8,7.0,89.0,792,1,6,42,2,0.0,8.0,0.0,0.0,dest_air_cargo_vaccine_storage_unit,7.0,1.0,1.0,False,True,False,False,False,False,True,1,-0.23761288714612555,False
batch016,2021-02-04 14:00:00,Delhi Airport,dest_air_cargo,vaccine_storage_unit,2,7,8,7.5,87.0,791,1,6,43,1,0.0,8.0,0.0,0.0,dest_air_cargo_vaccine_storage_unit,7.0,1.0,1.0,False,True,False,False,False,False,True,1,-0.2571205961844035,False
batch016,2021-02-04 15:00:00,Delhi Airport,dest_air_cargo,vaccine_storage_unit,2,6,8,7.0,87.0,790,1,6,44,2,0.0,8.0,0.0,0.0,dest_air_cargo_vaccine_storage_unit,7.0,1.0,1.0,False,True,False,False,False,False,True,1,-0.2500300584075196,False
batch016,2021-02-04 16:00:00,Delhi Airport,dest_air_cargo,vaccine_storage_unit,2,8,8,8.0,88.5,789,1,6,45,0,0.0,8.0,0.0,0.0,dest_air_cargo_vaccine_storage_unit,7.0,1.0,1.0,False,True,False,False,False,False,True,1,-0.20703715699872915,False
batch016,2021-02-04 17:00:00,Delhi Airport,dest_air_cargo,vaccine_storage_unit,2,7,8,7.5,86.5,788,1,6,46,1,0.0,8.0,0.0,0.0,dest_air_cargo_vaccine_storage_unit,7.0,1.0,1.0,False,True,False,False,False,False,True,1,-0.2518265756800203,False
batch016,2021-02-04 18:00:00,Delhi Airport,dest_air_cargo,vaccine_storage_unit,2,6,6,6.0,86.0,787,1,6,47,0,-2.0,7.333333333333333,1.1547005383792515,-1.333333333333333,dest_air_cargo_vaccine_storage_unit,7.0,-1.0,1.0,False,True,False,False,False,False,True,1,-0.1649462951836056,False
batch016,2021-02-04 19:00:00,Delhi Airport,dest_air_cargo,vaccine_storage_unit,2,6,7,6.5,87.0,786,1,6,48,1,1.0,7.0,0.9999999999999998,0.0,dest_air_cargo_vaccine_storage_unit,7.0,0.0,0.0,False,True,False,False,False,False,True,1,-0.24288979072252231,False
batch016,2021-02-04 20:00:00,Delhi Airport,dest_air_cargo,vaccine_storage_unit,2,6,7,6.5,89.5,785,1,6,49,1,0.0,6.666666666666667,0.5773502691896253,0.33333333333333304,dest_air_cargo_vaccine_storage_unit,7.0,0.0,0.0,False,True,False,False,False,False,True,1,-0.24189466748299304,False
batch016,2021-02-04 21:00:00,Delhi Airport,dest_air_cargo,vaccine_storage_unit,2,6,8,7.0,88.5,784,1,6,50,2,1.0,7.333333333333333,0.5773502691896258,0.666666666666667,dest_air_cargo_vaccine_storage_unit,7.0,1.0,1.0,False,True,False,False,False,False,True,1,-0.2553178835883491,False
batch016,2021-02-04 22:00:00,Delhi Airport,dest_air_cargo,vaccine_storage_unit,2,8,8,8.0,87.5,783,1,6,51,0,0.0,7.666666666666667,0.5773502691896258,0.33333333333333304,dest_air_cargo_vaccine_storage_unit,7.0,1.0,1.0,False,True,False,False,False,False,True,1,-0.23445226840755684,False
batch016,2021-02-04 23:00:00,Delhi Airport,dest_air_cargo,vaccine_storage_unit,2,7,8,7.5,87.5,782,1,6,52,1,0.0,8.0,0.0,0.0,dest_air_cargo_vaccine_storage_unit,7.0,1.0,1.0,False,True,False,False,False,False,True,1,-0.2631398927669523,False
batch016,2021-02-05 00:00:00,Delhi Airport,dest_air_cargo,vaccine_storage_unit,2,6,7,6.5,86.5,781,1,6,53,1,-1.0,7.666666666666667,0.5773502691896258,-0.666666666666667,dest_air_cargo_vaccine_storage_unit,7.0,0.0,0.0,False,True,False,False,False,False,True,1,-0.25110697447094216,False
batch016,2021-02-05 01:00:00,Delhi Airport,dest_air_cargo,vaccine_storage_unit,2,6,7,6.5,88.0,780,1,6,54,1,0.0,7.333333333333333,0.5773502691896258,-0.33333333333333304,dest_air_cargo_vaccine_storage_unit,7.0,0.0,0.0,False,True,False,False,False,False,True,1,-0.2763781278934109,False
batch016,2021-02-05 02:00:00,Delhi Airport,dest_air_cargo,vaccine_storage_unit,2,7,8,7.5,86.0,779,1,6,55,1,1.0,7.333333333333333,0.5773502691896258,0.666666666666667,dest_air_cargo_vaccine_storage_unit,7.0,1.0,1.0,False,True,False,False,False,False,True,1,-0.2597637530256853,False
batch016,2021-02-05 03:00:00,Delhi Airport,dest_air_cargo,vaccine_storage_unit,2,6,7,6.5,87.0,778,1,6,56,1,-1.0,7.333333333333333,0.5773502691896258,-0.33333333333333304,dest_air_cargo_vaccine_storage_unit,7.0,0.0,0.0,False,True,False,False,False,False,True,1,-0.27128449091880064,False
batch016,2021-02-05 04:00:00,Delhi Airport,dest_air_cargo,vaccine_storage_unit,2,6,8,7.0,88.0,777,1,6,57,2,1.0,7.666666666666667,0.5773502691896258,0.33333333333333304,dest_air_cargo_vaccine_storage_unit,7.0,1.0,1.0,False,True,False,False,False,False,True,1,-0.2623957268952627,False
batch016,2021-02-05 05:00:00,Delhi Airport,dest_air_cargo,vaccine_storage_unit,2,6,7,6.5,87.5,776,1,6,58,1,-1.0,7.333333333333333,0.5773502691896258,-0.33333333333333304,dest_air_cargo_vaccine_storage_unit,7.0,0.0,0.0,False,True,False,False,False,False,True,1,-0.276903213591272,False
batch016,2021-02-05 06:00:00,Delhi Airport,dest_air_cargo,vaccine_storage_unit,2,7,7,7.0,88.5,775,1,6,59,0,0.0,7.333333333333333,0.5773502691896258,-0.33333333333333304,dest_air_cargo_vaccine_storage_unit,7.0,0.0,0.0,False,True,False,False,False,False,True,1,-0.23951264801254818,False
batch016,2021-02-05 07:00:00,Delhi Airport,dest_air_cargo,vaccine_storage_unit,2,7,8,7.5,86.0,774,1,6,60,1,1.0,7.333333333333333,0.5773502691896258,0.666666666666667,dest_air_cargo_vaccine_storage_unit,7.0,1.0,1.0,False,True,False,False,False,False,True,1,-0.2597637530256853,False
batch016,2021-02-05 08:00:00,Delhi Airport,dest_air_cargo,vaccine_storage_unit,2,6,7,6.5,88.0,773,1,6,61,1,-1.0,7.333333333333333,0.5773502691896258,-0.33333333333333304,dest_air_cargo_vaccine_storage_unit,7.0,0.0,0.0,False,True,False,False,False,False,True,1,-0.2750734009220898,False
batch016,2021-02-05 09:00:00,Delhi Airport,dest_air_cargo,vaccine_storage_unit,2,6,8,7.0,87.5,772,1,6,62,2,1.0,7.666666666666667,0.5773502691896258,0.33333333333333304,dest_air_cargo_vaccine_storage_unit,7.0,1.0,1.0,False,True,False,False,False,False,True,1,-0.26262865805643854,False
batch016,2021-02-05 10:00:00,Delhi Airport,dest_air_cargo,vaccine_storage_unit,2,6,6,6.0,87.5,771,1,6,63,0,-2.0,7.0,1.0,-1.0,dest_air_cargo_vaccine_storage_unit,7.0,-1.0,1.0,False,True,False,False,False,False,True,1,-0.20939968441932133,False
batch016,2021-02-05 11:00:00,Delhi Airport,dest_air_cargo,vaccine_storage_unit,2,8,8,8.0,89.0,770,1,6,64,0,2.0,7.333333333333333,1.1547005383792517,0.666666666666667,dest_air_cargo_vaccine_storage_unit,7.0,1.0,1.0,False,True,False,False,False,False,True,1,-0.19122106434502006,False
batch016,2021-02-05 12:00:00,Delhi Airport,dest_air_cargo,vaccine_storage_unit,2,7,7,7.0,88.0,769,1,6,65,0,-1.0,7.0,1.0,0.0,dest_air_cargo_vaccine_storage_unit,7.0,0.0,0.0,False,True,False,False,False,False,True,1,-0.2284305458762108,False
batch016,2021-02-05 13:00:00,Delhi Airport,dest_air_cargo,vaccine_storage_unit,2,7,8,7.5,89.0,768,1,6,66,1,1.0,7.666666666666667,0.5773502691896258,0.33333333333333304,dest_air_cargo_vaccine_storage_unit,7.0,1.0,1.0,False,True,False,False,False,False,True,1,-0.27018208005113414,False
batch016,2021-02-05 14:00:00,Delhi Airport,dest_air_cargo,vaccine_storage_unit,2,6,8,7.0,87.0,767,1,6,67,2,0.0,7.666666666666667,0.5773502691896258,0.33333333333333304,dest_air_cargo_vaccine_storage_unit,7.0,1.0,1.0,False,True,False,False,False,False,True,1,-0.262143039807196,False
batch016,2021-02-05 15:00:00,Delhi Airport,dest_air_cargo,vaccine_storage_unit,2,6,7,6.5,88.5,766,1,6,68,1,-1.0,7.666666666666667,0.5773502691896258,-0.666666666666667,dest_air_cargo_vaccine_storage_unit,7.0,0.0,0.0,False,True,False,False,False,False,True,1,-0.2606884080685811,False
batch016,2021-02-05 16:00:00,Delhi Airport,dest_air_cargo,vaccine_storage_unit,2,7,8,7.5,87.5,765,1,6,69,1,1.0,7.666666666666667,0.5773502691896258,0.33333333333333304,dest_air_cargo_vaccine_storage_unit,7.0,1.0,1.0,False,True,False,False,False,False,True,1,-0.2816354609716568,False
batch016,2021-02-05 17:00:00,Delhi Airport,dest_air_cargo,vaccine_storage_unit,2,6,8,7.0,87.5,764,1,6,70,2,0.0,7.666666666666667,0.5773502691896258,0.33333333333333304,dest_air_cargo_vaccine_storage_unit,7.0,1.0,1.0,False,True,False,False,False,False,True,1,-0.26677331933897436,False
batch016,2021-02-05 18:00:00,Delhi Airport,dest_air_cargo,vaccine_storage_unit,2,7,8,7.5,86.5,763,1,6,71,1,0.0,8.0,0.0,0.0,dest_air_cargo_vaccine_storage_unit,7.0,1.0,1.0,False,True,False,False,False,False,True,1,-0.2518265756800203,False
batch016,2021-02-05 19:00:00,Delhi Airport,dest_air_cargo,vaccine_storage_unit,2,8,8,8.0,88.0,762,1,6,72,0,0.0,8.0,0.0,0.0,dest_air_cargo_vaccine_storage_unit,7.0,1.0,1.0,False,True,False,False,False,False,True,1,-0.21071235884672623,False
batch016,2021-02-05 20:00:00,Delhi Airport,dest_air_cargo,vaccine_storage_unit,2,8,8,8.0,87.5,761,1,6,73,0,0.0,8.0,0.0,0.0,dest_air_cargo_vaccine_storage_unit,7.0,1.0,1.0,False,True,False,False,False,False,True,1,-0.21424833722650966,False
batch016,2021-02-05 21:00:00,Delhi Airport,dest_air_cargo,vaccine_storage_unit,2,7,8,7.5,88.0,760,1,6,74,1,0.0,8.0,0.0,0.0,dest_air_cargo_vaccine_storage_unit,7.0,1.0,1.0,False,True,False,False,False,False,True,1,-0.2615214022169379,False
batch016,2021-02-05 22:00:00,Delhi Airport,dest_air_cargo,vaccine_storage_unit,2,6,8,7.0,86.5,759,1,6,75,2,0.0,8.0,0.0,0.0,dest_air_cargo_vaccine_storage_unit,7.0,1.0,1.0,False,True,False,False,False,False,True,1,-0.24266456585191898,False
batch016,2021-02-05 23:00:00,Delhi Airport,dest_air_cargo,vaccine_storage_unit,2,6,7,6.5,86.0,758,1,6,76,1,-1.0,7.666666666666667,0.5773502691896258,-0.666666666666667,dest_air_cargo_vaccine_storage_unit,7.0,0.0,0.0,False,True,False,False,False,False,True,1,-0.23734668060339553,False
batch016,2021-02-06 00:00:00,Delhi Airport,dest_air_cargo,vaccine_storage_unit,2,6,6,6.0,87.0,757,1,6,77,0,-1.0,7.0,1.0,-1.0,dest_air_cargo_vaccine_storage_unit,7.0,-1.0,1.0,False,True,False,False,False,False,True,1,-0.2161351221605713,False
batch016,2021-02-06 01:00:00,Delhi Airport,dest_air_cargo,vaccine_storage_unit,2,8,8,8.0,88.5,756,1,6,78,0,2.0,7.0,1.0,1.0,dest_air_cargo_vaccine_storage_unit,7.0,1.0,1.0,False,True,False,False,False,False,True,1,-0.191457467720475,False
batch016,2021-02-06 02:00:00,Delhi Airport,dest_air_cargo,vaccine_storage_unit,2,6,7,6.5,87.5,755,1,6,79,1,-1.0,7.0,1.0,0.0,dest_air_cargo_vaccine_storage_unit,7.0,0.0,0.0,False,True,False,False,False,False,True,1,-0.253726698789029,False
batch016,2021-02-06 03:00:00,Delhi Airport,dest_air_cargo,vaccine_storage_unit,2,7,8,7.5,88.0,754,1,6,80,1,1.0,7.666666666666667,0.5773502691896258,0.33333333333333304,dest_air_cargo_vaccine_storage_unit,7.0,1.0,1.0,False,True,False,False,False,False,True,1,-0.278505979171884,False
batch016,2021-02-06 04:00:00,Delhi Airport,dest_air_cargo,vaccine_storage_unit,2,6,6,6.0,87.0,753,1,6,81,0,-2.0,7.0,1.0,-1.0,dest_air_cargo_vaccine_storage_unit,7.0,-1.0,1.0,False,True,False,False,False,False,True,1,-0.20926814359987944,False
batch016,2021-02-06 05:00:00,Delhi Airport,dest_air_cargo,vaccine_storage_unit,2,6,8,7.0,88.0,752,1,6,82,2,2.0,7.333333333333333,1.1547005383792517,0.666666666666667,dest_air_cargo_vaccine_storage_unit,7.0,1.0,1.0,False,True,False,False,False,False,True,1,-0.2312193312614062,False
batch016,2021-02-06 06:00:00,Delhi Airport,dest_air_cargo,vaccine_storage_unit,2,6,8,7.0,87.5,751,1,6,83,2,0.0,7.333333333333333,1.1547005383792517,0.666666666666667,dest_air_cargo_vaccine_storage_unit,7.0,1.0,1.0,False,True,False,False,False,False,True,1,-0.2491048394211567,False
batch016,2021-02-06 07:00:00,Delhi Airport,dest_air_cargo,vaccine_storage_unit,2,6,7,6.5,89.5,750,1,6,84,1,-1.0,7.666666666666667,0.5773502691896258,-0.666666666666667,dest_air_cargo_vaccine_storage_unit,7.0,0.0,0.0,False,True,False,False,False,False,True,1,-0.24908085809459907,False
batch016,2021-02-06 08:00:00,Delhi Airport,dest_air_cargo,vaccine_storage_unit,2,7,8,7.5,86.5,749,1,6,85,1,1.0,7.666666666666667,0.5773502691896258,0.33333333333333304,dest_air_cargo_vaccine_storage_unit,7.0,1.0,1.0,False,True,False,False,False,False,True,1,-0.2709999905312177,False
batch016,2021-02-06 09:00:00,Delhi Airport,dest_air_cargo,vaccine_storage_unit,2,7,8,7.5,86.0,748,1,6,86,1,0.0,7.666666666666667,0.5773502691896258,0.33333333333333304,dest_air_cargo_vaccine_storage_unit,7.0,1.0,1.0,False,True,False,False,False,False,True,1,-0.26689038190428577,False
batch016,2021-02-06 10:00:00,Delhi Airport,dest_air_cargo,vaccine_storage_unit,2,6,7,6.5,89.5,747,1,6,87,1,-1.0,7.666666666666667,0.5773502691896258,-0.666666666666667,dest_air_cargo_vaccine_storage_unit,7.0,0.0,0.0,False,True,False,False,False,False,True,1,-0.24908085809459907,False
batch016,2021-02-06 11:00:00,Delhi Airport,dest_air_cargo,vaccine_storage_unit,2,7,7,7.0,90.0,746,1,6,88,0,0.0,7.333333333333333,0.5773502691896258,-0.33333333333333304,dest_air_cargo_vaccine_storage_unit,7.0,0.0,0.0,False,True,False,False,False,False,True,1,-0.22709789987190349,False
batch016,2021-02-06 12:00:00,Delhi Airport,dest_air_cargo,vaccine_storage_unit,2,6,8,7.0,87.0,745,1,6,89,2,1.0,7.333333333333333,0.5773502691896258,0.666666666666667,dest_air_cargo_vaccine_storage_unit,7.0,1.0,1.0,False,True,False,False,False,False,True,1,-0.24921243649560093,False
batch016,2021-02-06 13:00:00,Delhi Airport,dest_air_cargo,vaccine_storage_unit,2,7,8,7.5,88.5,744,1,6,90,1,0.0,7.666666666666667,0.5773502691896258,0.33333333333333304,dest_air_cargo_vaccine_storage_unit,7.0,1.0,1.0,False,True,False,False,False,False,True,1,-0.28133719904761595,False
batch016,2021-02-06 14:00:00,Delhi Airport,dest_air_cargo,vaccine_storage_unit,2,8,8,8.0,89.0,743,1,6,91,0,0.0,8.0,0.0,0.0,dest_air_cargo_vaccine_storage_unit,7.0,1.0,1.0,False,True,False,False,False,False,True,1,-0.20550408820538324,False
batch016,2021-02-06 15:00:00,Delhi Airport,dest_air_cargo,vaccine_storage_unit,2,6,8,7.0,89.5,742,1,6,92,2,0.0,8.0,0.0,0.0,dest_air_cargo_vaccine_storage_unit,7.0,1.0,1.0,False,True,False,False,False,False,True,1,-0.223903553736709,False
batch016,2021-02-06 16:00:00,Delhi Airport,dest_air_cargo,vaccine_storage_unit,2,8,8,8.0,88.5,741,1,6,93,0,0.0,8.0,0.0,0.0,dest_air_cargo_vaccine_storage_unit,7.0,1.0,1.0,False,True,False,False,False,False,True,1,-0.20703715699872915,False
batch016,2021-02-06 17:00:00,Delhi Airport,dest_air_cargo,vaccine_storage_unit,2,8,8,8.0,85.0,740,1,6,94,0,0.0,8.0,0.0,0.0,dest_air_cargo_vaccine_storage_unit,7.0,1.0,1.0,False,True,False,False,False,False,True,1,-0.17168959576677156,False
batch016,2021-02-06 18:00:00,Delhi Airport,dest_air_cargo,vaccine_storage_unit,2,6,7,6.5,88.0,739,1,6,95,1,-1.0,7.666666666666667,0.5773502691896258,-0.666666666666667,dest_air_cargo_vaccine_storage_unit,7.0,0.0,0.0,False,True,False,False,False,False,True,1,-0.2642424993548593,False
batch016,2021-02-06 19:00:00,Delhi Airport,dest_air_cargo,vaccine_storage_unit,2,7,7,7.0,89.5,738,1,6,96,0,0.0,7.333333333333333,0.5773502691896258,-0.33333333333333304,dest_air_cargo_vaccine_storage_unit,7.0,0.0,0.0,False,True,False,False,False,False,True,1,-0.23111691498283488,False
batch016,2021-02-06 20:00:00,Delhi Airport,dest_air_cargo,vaccine_storage_unit,2,7,7,7.0,89.0,737,1,6,97,0,0.0,7.0,0.0,0.0,dest_air_cargo_vaccine_storage_unit,7.0,0.0,0.0,False,True,False,False,False,False,True,1,-0.2163816694488691,False
batch016,2021-02-06 21:00:00,Delhi Airport,dest_air_cargo,vaccine_storage_unit,2,6,8,7.0,88.5,736,1,6,98,2,1.0,7.333333333333333,0.5773502691896258,0.666666666666667,dest_air_cargo_vaccine_storage_unit,7.0,1.0,1.0,False,True,False,False,False,False,True,1,-0.2553178835883491,False
batch016,2021-02-06 22:00:00,Delhi Airport,dest_air_cargo,vaccine_storage_unit,2,8,8,8.0,87.0,735,1,6,99,0,0.0,7.666666666666667,0.5773502691896258,0.33333333333333304,dest_air_cargo_vaccine_storage_unit,7.0,1.0,1.0,False,True,False,False,False,False,True,1,-0.23054455367797877,False
batch016,2021-02-06 23:00:00,Delhi Airport,dest_air_cargo,vaccine_storage_unit,2,7,8,7.5,87.5,734,1,6,100,1,0.0,8.0,0.0,0.0,dest_air_cargo_vaccine_storage_unit,7.0,1.0,1.0,False,True,False,False,False,False,True,1,-0.2631398927669523,False
batch016,2021-02-07 00:00:00,Delhi Airport,dest_air_cargo,vaccine_storage_unit,2,7,7,7.0,89.5,733,1,6,101,0,-1.0,7.666666666666667,0.5773502691896258,-0.666666666666667,dest_air_cargo_vaccine_storage_unit,7.0,0.0,0.0,False,True,False,False,False,False,True,1,-0.2217372825397072,False
batch016,2021-02-07 01:00:00,Delhi Airport,dest_air_cargo,vaccine_storage_unit,2,7,8,7.5,86.5,732,1,6,102,1,1.0,7.666666666666667,0.5773502691896258,0.33333333333333304,dest_air_cargo_vaccine_storage_unit,7.0,1.0,1.0,False,True,False,False,False,False,True,1,-0.2709999905312177,False
batch016,2021-02-07 02:00:00,Delhi Airport,dest_air_cargo,vaccine_storage_unit,2,6,6,6.0,85.5,731,1,6,103,0,-2.0,7.0,1.0,-1.0,dest_air_cargo_vaccine_storage_unit,7.0,-1.0,1.0,False,True,False,False,False,False,True,1,-0.18043380938750275,False
batch016,2021-02-07 03:00:00,Delhi Airport,dest_air_cargo,vaccine_storage_unit,2,8,8,8.0,85.0,730,1,6,104,0,2.0,7.333333333333333,1.1547005383792517,0.666666666666667,dest_air_cargo_vaccine_storage_unit,7.0,1.0,1.0,False,True,False,False,False,False,True,1,-0.1670593835147075,False
batch016,2021-02-07 04:00:00,Delhi Airport,dest_air_cargo,vaccine_storage_unit,2,7,8,7.5,88.5,729,1,6,105,1,0.0,7.333333333333333,1.1547005383792517,0.666666666666667,dest_air_cargo_vaccine_storage_unit,7.0,1.0,1.0,False,True,False,False,False,False,True,1,-0.2598585749241016,False
batch016,2021-02-07 05:00:00,Delhi Airport,dest_air_cargo,vaccine_storage_unit,2,6,8,7.0,87.0,728,1,6,106,2,0.0,8.0,0.0,0.0,dest_air_cargo_vaccine_storage_unit,7.0,1.0,1.0,False,True,False,False,False,False,True,1,-0.2500300584075196,False
batch016,2021-02-07 06:00:00,Delhi Airport,dest_air_cargo,vaccine_storage_unit,2,6,8,7.0,88.0,727,1,6,107,2,0.0,8.0,0.0,0.0,dest_air_cargo_vaccine_storage_unit,7.0,1.0,1.0,False,True,False,False,False,False,True,1,-0.248074722589537,False
batch016,2021-02-07 07:00:00,Delhi Airport,dest_air_cargo,vaccine_storage_unit,2,7,8,7.5,88.5,726,1,6,108,1,0.0,8.0,0.0,0.0,dest_air_cargo_vaccine_storage_unit,7.0,1.0,1.0,False,True,False,False,False,False,True,1,-0.25847485931780556,False
batch016,2021-02-07 08:00:00,Delhi Airport,dest_air_cargo,vaccine_storage_unit,2,6,7,6.5,88.5,725,1,6,109,1,-1.0,7.666666666666667,0.5773502691896258,-0.666666666666667,dest_air_cargo_vaccine_storage_unit,7.0,0.0,0.0,False,True,False,False,False,False,True,1,-0.2606884080685811,False
batch016,2021-02-07 09:00:00,Delhi Airport,dest_air_cargo,vaccine_storage_unit,2,6,8,7.0,86.5,724,1,6,110,2,1.0,7.666666666666667,0.5773502691896258,0.33333333333333304,dest_air_cargo_vaccine_storage_unit,7.0,1.0,1.0,False,True,False,False,False,False,True,1,-0.24971941780959184,False
batch016,2021-02-07 10:00:00,Delhi Airport,dest_air_cargo,vaccine_storage_unit,2,7,8,7.5,89.0,723,1,6,111,1,0.0,7.666666666666667,0.5773502691896258,0.33333333333333304,dest_air_cargo_vaccine_storage_unit,7.0,1.0,1.0,False,True,False,False,False,False,True,1,-0.27443166406904734,False
batch016,2021-02-07 11:00:00,Delhi Airport,dest_air_cargo,vaccine_storage_unit,2,6,8,7.0,88.5,722,1,6,112,2,0.0,8.0,0.0,0.0,dest_air_cargo_vaccine_storage_unit,7.0,1.0,1.0,False,True,False,False,False,False,True,1,-0.24561216144354664,False
batch016,2021-02-07 12:00:00,Delhi Airport,dest_air_cargo,vaccine_storage_unit,2,7,7,7.0,88.5,721,1,6,113,0,-1.0,7.666666666666667,0.5773502691896258,-0.666666666666667,dest_air_cargo_vaccine_storage_unit,7.0,0.0,0.0,False,True,False,False,False,False,True,1,-0.22848771218554736,False
batch016,2021-02-07 13:00:00,Delhi Airport,dest_air_cargo,vaccine_storage_unit,2,8,8,8.0,86.0,720,1,6,114,0,1.0,7.666666666666667,0.5773502691896258,0.33333333333333304,dest_air_cargo_vaccine_storage_unit,7.0,1.0,1.0,False,True,False,False,False,False,True,1,-0.216053619219583,False
batch017,2021-03-01 01:00:00,"Kalamazoo, Michigan",source_hub,ultra_low_temperature_freezer,2,-71,-70,-70.5,95.0,840,0,0,0,1,0.0,-70.0,0.0,0.0,source_hub_ultra_low_temperature_freezer,-69.0,-1.0,1.0,False,False,False,True,False,True,False,1,-0.3094352017660051,False
batch017,2021-03-01 02:00:00,"Kalamazoo, Michigan",source_hub,ultra_low_temperature_freezer,2,-71,-70,-70.5,95.0,840,0,0,0,1,0.0,-70.0,0.0,0.0,source_hub_ultra_low_temperature_freezer,-69.0,-1.0,1.0,False,False,False,True,False,True,False,1,-0.3094352017660051,False
batch017,2021-03-01 03:00:00,"Kalamazoo, Michigan",source_hub,ultra_low_temperature_freezer,1,-71,-71,-71.0,95.0,840,0,0,0,0,-1.0,-70.33333333333333,0.5773502691896278,-0.6666666666666714,source_hub_ultra_low_temperature_freezer,-69.0,-2.0,2.0,False,False,False,True,False,True,False,1,-0.2648274617561135,False
batch017,2021-03-01 04:00:00,"Kalamazoo, Michigan",source_hub,ultra_low_temperature_freezer,2,-71,-71,-71.0,95.0,840,0,0,0,0,0.0,-70.66666666666667,0.5773502691896278,-0.3333333333333286,source_hub_ultra_low_temperature_freezer,-69.0,-2.0,2.0,False,False,False,True,False,True,False,1,-0.24728692691101356,False
batch017,2021-03-01 05:00:00,"Kalamazoo, Michigan",source_hub,ultra_low_temperature_freezer,1,-71,-71,-71.0,95.0,840,0,0,0,0,0.0,-71.0,0.0,0.0,source_hub_ultra_low_temperature_freezer,-69.0,-2.0,2.0,False,False,False,True,False,True,False,1,-0.2108952170182064,False
batch017,2021-03-01 06:00:00,"Kalamazoo, Michigan",source_hub,ultra_low_temperature_freezer,2,-70,-69,-69.5,95.0,840,0,0,0,1,2.0,-70.33333333333333,1.1547005383792495,1.3333333333333286,source_hub_ultra_low_temperature_freezer,-69.0,0.0,0.0,False,False,False,True,False,True,False,1,-0.27604580170096343,False
batch017,2021-03-01 07:00:00,"Kalamazoo, Michigan",source_hub,ultra_low_temperature_freezer,1,-70,-70,-70.0,95.0,840,0,0,0,0,-1.0,-70.0,0.9999999999999964,0.0,source_hub_ultra_low_temperature_freezer,-69.0,-1.0,1.0,False,False,False,True,False,True,False,1,-0.3082804721418137,False
batch017,2021-03-01 08:00:00,"Kalamazoo, Michigan",source_hub,ultra_low_temperature_freezer,2,-70,-69,-69.5,95.0,840,0,0,0,1,1.0,-69.33333333333333,0.5773502691896186,0.3333333333333286,source_hub_ultra_low_temperature_freezer,-69.0,0.0,0.0,False,False,False,True,False,True,False,1,-0.3454540093428116,False
batch017,2021-03-01 09:00:00,"Kalamazoo, Michigan",source_hub,ultra_low_temperature_freezer,2,-71,-70,-70.5,95.0,840,0,0,0,1,-1.0,-69.66666666666667,0.5773502691896186,-0.3333333333333286,source_hub_ultra_low_temperature_freezer,-69.0,-1.0,1.0,False,False,False,True,False,True,False,1,-0.33196154391316973,False
batch017,2021-03-01 10:00:00,"Kalamazoo, Michigan",source_hub,ultra_low_temperature_freezer,2,-71,-70,-70.5,95.0,840,0,0,0,1,0.0,-69.66666666666667,0.5773502691896186,-0.3333333333333286,source_hub_ultra_low_temperature_freezer,-69.0,-1.0,1.0,False,False,False,True,False,True,False,1,-0.33525916918763676,False
batch017,2021-03-01 11:00:00,"Shelbyville, Michigan",source_reefer_truck,ultra_low_temperature_freezer,2,-71,-70,-70.5,95.0,840,0,0,0,1,0.0,-70.0,0.0,0.0,source_reefer_truck_ultra_low_temperature_freezer,-69.0,-1.0,1.0,False,False,False,False,True,True,False,1,-0.3094352017660051,False
batch017,2021-03-01 12:00:00,"Gerald R Ford International Airport, Michigan",source_air_cargo,ultra_low_temperature_freezer,2,-70,-69,-69.5,95.0,840,0,0,0,1,1.0,-69.66666666666667,0.5773502691896278,0.6666666666666714,source_air_cargo_ultra_low_temperature_freezer,-69.0,0.0,0.0,False,False,True,False,False,True,False,1,-0.3377481467080661,False
batch017,2021-03-01 13:00:00,"Gerald R Ford International Airport, Michigan",source_air_cargo,ultra_low_temperature_freezer,2,-70,-70,-70.0,95.0,840,0,0,0,0,-1.0,-69.66666666666667,0.5773502691896278,-0.3333333333333286,source_air_cargo_ultra_low_temperature_freezer,-69.0,-1.0,1.0,False,False,True,False,False,True,False,1,-0.3229838430845815,False
batch017,2021-03-01 14:00:00,"Gerald R Ford International Airport, Michigan",source_air_cargo,ultra_low_temperature_freezer,2,-71,-70,-70.5,95.0,840,0,0,0,1,0.0,-69.66666666666667,0.5773502691896278,-0.3333333333333286,source_air_cargo_ultra_low_temperature_freezer,-69.0,-1.0,1.0,False,False,True,False,False,True,False,1,-0.33525916918763676,False
batch017,2021-03-01 15:00:00,Not Available,air_transit,ultra_low_temperature_freezer,2,-70,-69,-69.5,95.0,840,0,0,0,1,1.0,-69.66666666666667,0.5773502691896278,0.6666666666666714,air_transit_ultra_low_temperature_freezer,-69.0,0.0,0.0,True,False,False,False,False,True,False,1,-0.3377481467080661,False
batch017,2021-03-01 16:00:00,Not Available,air_transit,ultra_low_temperature_freezer,2,-71,-71,-71.0,95.0,840,0,0,0,0,-2.0,-70.0,1.0000000000000018,-1.0,air_transit_ultra_low_temperature_freezer,-69.0,-2.0,2.0,True,False,False,False,False,True,False,1,-0.26414626126403745,False
batch017,2021-03-01 17:00:00,Not Available,air_transit,ultra_low_temperature_freezer,2,-71,-69,-70.0,95.0,840,0,0,0,2,2.0,-69.66666666666667,1.1547005383792541,0.6666666666666714,air_transit_ultra_low_temperature_freezer,-69.0,0.0,0.0,True,False,False,False,False,True,False,1,-0.3055378030308116,False
batch017,2021-03-01 18:00:00,Not Available,air_transit,ultra_low_temperature_freezer,2,-71,-69,-70.0,95.0,840,0,0,0,2,0.0,-69.66666666666667,1.1547005383792541,0.6666666666666714,air_transit_ultra_low_temperature_freezer,-69.0,0.0,0.0,True,False,False,False,False,True,False,1,-0.3188164613276948,False
batch017,2021-03-01 19:00:00,Not Available,air_transit,ultra_low_temperature_freezer,1,-71,-71,-71.0,95.0,840,0,0,0,0,-2.0,-69.66666666666667,1.1547005383792495,-1.3333333333333286,air_transit_ultra_low_temperature_freezer,-69.0,-2.0,2.0,True,False,False,False,False,True,False,1,-0.25084047606746596,False
batch017,2021-03-01 20:00:00,Not Available,air_transit,ultra_low_temperature_freezer,2,-70,-69,-69.5,95.0,840,0,0,0,1,2.0,-69.66666666666667,1.1547005383792495,0.6666666666666714,air_transit_ultra_low_temperature_freezer,-69.0,0.0,0.0,True,False,False,False,False,True,False,1,-0.3159314373617168,False
batch017,2021-03-01 21:00:00,Not Available,air_transit,ultra_low_temperature_freezer,2,-70,-69,-69.5,95.0,840,0,0,0,1,0.0,-69.66666666666667,1.1547005383792495,0.6666666666666714,air_transit_ultra_low_temperature_freezer,-69.0,0.0,0.0,True,False,False,False,False,True,False,1,-0.33243127773137215,False
batch017,2021-03-01 22:00:00,Not Available,air_transit,ultra_low_temperature_freezer,2,-70,-69,-69.5,95.0,840,0,0,0,1,0.0,-69.0,0.0,0.0,air_transit_ultra_low_temperature_freezer,-69.0,0.0,0.0,True,False,False,False,False,True,False,1,-0.33475665422096784,False
batch017,2021-03-01 23:00:00,Not Available,air_transit,ultra_low_temperature_freezer,2,-71,-69,-70.0,95.0,840,0,0,0,2,0.0,-69.0,0.0,0.0,air_transit_ultra_low_temperature_freezer,-69.0,0.0,0.0,True,False,False,False,False,True,False,1,-0.32347017658240806,False
batch017,2021-03-02 00:00:00,Not Available,air_transit,ultra_low_temperature_freezer,2,-70,-70,-70.0,95.0,840,0,0,0,0,-1.0,-69.33333333333333,0.5773502691896278,-0.6666666666666714,air_transit_ultra_low_temperature_freezer,-69.0,-1.0,1.0,True,False,False,False,False,True,False,1,-0.3120144503403306,False
batch017,2021-03-02 01:00:00,Not Available,air_transit,ultra_low_temperature_freezer,2,-71,-69,-70.0,95.0,840,0,0,0,2,1.0,-69.33333333333333,0.5773502691896278,0.3333333333333286,air_transit_ultra_low_temperature_freezer,-69.0,0.0,0.0,True,False,False,False,False,True,False,1,-0.33732507397149486,False
batch017,2021-03-02 02:00:00,Not Available,air_transit,ultra_low_temperature_freezer,2,-71,-70,-70.5,95.0,840,0,0,0,1,-1.0,-69.66666666666667,0.5773502691896278,-0.3333333333333286,air_transit_ultra_low_temperature_freezer,-69.0,-1.0,1.0,True,False,False,False,False,True,False,1,-0.33196154391316973,False
batch017,2021-03-02 03:00:00,Not Available,air_transit,ultra_low_temperature_freezer,2,-70,-69,-69.5,95.0,840,0,0,0,1,1.0,-69.33333333333333,0.5773502691896278,0.3333333333333286,air_transit_ultra_low_temperature_freezer,-69.0,0.0,0.0,True,False,False,False,False,True,False,1,-0.3454540093428116,False
batch017,2021-03-02 04:00:00,Not Available,air_transit,ultra_low_temperature_freezer,2,-71,-69,-70.0,95.0,840,0,0,0,2,0.0,-69.33333333333333,0.5773502691896278,0.3333333333333286,air_transit_ultra_low_temperature_freezer,-69.0,0.0,0.0,True,False,False,False,False,True,False,1,-0.3377777300659409,False
batch017,2021-03-02 05:00:00,Not Available,air_transit,ultra_low_temperature_freezer,2,-71,-69,-70.0,95.0,840,0,0,0,2,0.0,-69.0,0.0,0.0,air_transit_ultra_low_temperature_freezer,-69.0,0.0,0.0,True,False,False,False,False,True,False,1,-0.32347017658240806,False
batch017,2021-03-02 06:00:00,Not Available,air_transit,ultra_low_temperature_freezer,2,-70,-70,-70.0,95.0,840,0,0,0,0,-1.0,-69.33333333333333,0.5773502691896278,-0.6666666666666714,air_transit_ultra_low_temperature_freezer,-69.0,-1.0,1.0,True,False,False,False,False,True,False,1,-0.3120144503403306,False
batch017,2021-03-02 07:00:00,Not Available,air_transit,ultra_low_temperature_freezer,2,-71,-69,-70.0,95.0,840,0,0,0,2,1.0,-69.33333333333333,0.5773502691896278,0.3333333333333286,air_transit_ultra_low_temperature_freezer,-69.0,0.0,0.0,True,False,False,False,False,True,False,1,-0.33732507397149486,False
batch017,2021-03-02 08:00:00,Not Available,air_transit,ultra_low_temperature_freezer,2,-69,-69,-69.0,95.0,840,0,0,0,0,0.0,-69.33333333333333,0.5773502691896278,0.3333333333333286,air_transit_ultra_low_temperature_freezer,-69.0,0.0,0.0,True,False,False,False,False,True,False,1,-0.3203255405191535,False
batch017,2021-03-02 09:00:00,Not Available,air_transit,ultra_low_temperature_freezer,2,-70,-69,-69.5,95.0,840,0,0,0,1,0.0,-69.0,0.0,0.0,air_transit_ultra_low_temperature_freezer,-69.0,0.0,0.0,True,False,False,False,False,True,False,1,-0.33475665422096784,False
batch017,2021-03-02 10:00:00,Not Available,air_transit,ultra_low_temperature_freezer,2,-71,-69,-70.0,95.0,840,0,0,0,2,0.0,-69.0,0.0,0.0,air_transit_ultra_low_temperature_freezer,-69.0,0.0,0.0,True,False,False,False,False,True,False,1,-0.32347017658240806,False
batch017,2021-03-02 11:00:00,Not Available,air_transit,ultra_low_temperature_freezer,2,-70,-69,-69.5,95.0,840,0,0,0,1,0.0,-69.0,0.0,0.0,air_transit_ultra_low_temperature_freezer,-69.0,0.0,0.0,True,False,False,False,False,True,False,1,-0.33475665422096784,False
batch017,2021-03-02 12:00:00,Delhi Airport,dest_air_cargo,ultra_low_temperature_freezer,2,-69,-68,-68.5,95.0,840,0,0,0,1,1.0,-68.66666666666667,0.5773502691896278,0.6666666666666714,dest_air_cargo_ultra_low_temperature_freezer,-67.0,-1.0,1.0,False,True,False,False,False,True,False,1,-0.2895877735049495,False
batch017,2021-03-02 13:00:00,Delhi Airport,dest_air_cargo,ultra_low_temperature_freezer,2,-70,-69,-69.5,95.0,840,0,0,0,1,-1.0,-68.66666666666667,0.5773502691896278,-0.3333333333333286,dest_air_cargo_ultra_low_temperature_freezer,-67.0,-2.0,2.0,False,True,False,False,False,True,False,1,-0.28258428875404096,False
batch017,2021-03-02 14:00:00,Delhi Airport,dest_air_cargo,ultra_low_temperature_freezer,2,-70,-67,-68.5,95.0,840,0,0,0,3,2.0,-68.0,1.0000000000000018,1.0,dest_air_cargo_ultra_low_temperature_freezer,-67.0,0.0,0.0,False,True,False,False,False,True,False,1,-0.23507015405773002,False
batch017,2021-03-02 15:00:00,Delhi Airport,dest_air_cargo,ultra_low_temperature_freezer,2,-68,-67,-67.5,95.0,840,0,0,0,1,0.0,-67.66666666666667,1.1547005383792541,0.6666666666666714,dest_air_cargo_ultra_low_temperature_freezer,-67.0,0.0,0.0,False,True,False,False,False,True,False,1,-0.2628751448344274,False
batch017,2021-03-02 16:00:00,Delhi Airport,dest_air_cargo,ultra_low_temperature_freezer,2,-66,-66,-66.0,95.0,840,0,0,0,0,1.0,-66.66666666666667,0.5773502691896278,0.6666666666666714,dest_air_cargo_ultra_low_temperature_freezer,-67.0,1.0,1.0,False,True,False,False,False,True,False,1,-0.19969023699132227,False
batch017,2021-03-02 17:00:00,Delhi Airport,dest_air_cargo,ultra_low_temperature_freezer,2,-67,-66,-66.5,95.0,840,0,0,0,1,0.0,-66.33333333333333,0.5773502691896278,0.3333333333333286,dest_air_cargo_ultra_low_temperature_freezer,-67.0,1.0,1.0,False,True,False,False,False,True,False,1,-0.2348857039874459,False
batch017,2021-03-02 18:00:00,Delhi Airport,dest_air_cargo,vaccine_storage_unit,2,-62,-61,-61.5,92.5,839,1,0,0,1,5.0,-64.33333333333333,2.886751345948127,3.3333333333333286,dest_air_cargo_vaccine_storage_unit,7.0,-68.0,68.0,False,True,False,False,False,False,True,1,-0.025322765943868286,False
batch018,2021-05-01 01:00:00,"Kalamazoo, Michigan",source_hub,ultra_low_temperature_freezer,2,-71,-70,-70.5,95.0,840,0,0,0,1,0.0,-70.0,0.0,0.0,source_hub_ultra_low_temperature_freezer,-69.0,-1.0,1.0,False,False,False,True,False,True,False,1,-0.3094352017660051,False
batch018,2021-05-01 02:00:00,"Kalamazoo, Michigan",source_hub,ultra_low_temperature_freezer,2,-70,-69,-69.5,95.0,840,0,0,0,1,1.0,-69.5,0.7071067811865476,0.5,source_hub_ultra_low_temperature_freezer,-69.0,0.0,0.0,False,False,False,True,False,True,False,1,-0.33595398198225884,False
batch018,2021-05-01 03:00:00,"Kalamazoo, Michigan",source_hub,ultra_low_temperature_freezer,1,-69,-69,-69.0,95.0,840,0,0,0,0,0.0,-69.33333333333333,0.5773502691896247,0.3333333333333286,source_hub_ultra_low_temperature_freezer,-69.0,0.0,0.0,False,False,False,True,False,True,False,1,-0.3203255405191535,False
batch018,2021-05-01 04:00:00,"Kalamazoo, Michigan",source_hub,ultra_low_temperature_freezer,2,-71,-70,-70.5,95.0,840,0,0,0,1,-1.0,-69.33333333333333,0.5773502691896278,-0.6666666666666714,source_hub_ultra_low_temperature_freezer,-69.0,-1.0,1.0,False,False,False,True,False,True,False,1,-0.32729167295734046,False
batch018,2021-05-01 05:00:00,"Kalamazoo, Michigan",source_hub,ultra_low_temperature_freezer,1,-71,-71,-71.0,95.0,840,0,0,0,0,-1.0,-70.0,1.0000000000000018,-1.0,source_hub_ultra_low_temperature_freezer,-69.0,-2.0,2.0,False,False,False,True,False,True,False,1,-0.2729805616741406,False
batch018,2021-05-01 06:00:00,"Kalamazoo, Michigan",source_hub,ultra_low_temperature_freezer,2,-71,-69,-70.0,95.0,840,0,0,0,2,2.0,-70.0,1.0000000000000018,1.0,source_hub_ultra_low_temperature_freezer,-69.0,0.0,0.0,False,False,False,True,False,True,False,1,-0.28622951597203966,False
batch018,2021-05-01 07:00:00,"Kalamazoo, Michigan",source_hub,ultra_low_temperature_freezer,2,-71,-69,-70.0,95.0,840,0,0,0,2,0.0,-69.66666666666667,1.1547005383792541,0.6666666666666714,source_hub_ultra_low_temperature_freezer,-69.0,0.0,0.0,False,False,False,True,False,True,False,1,-0.3188164613276948,False
batch018,2021-05-01 08:00:00,"Kalamazoo, Michigan",source_hub,ultra_low_temperature_freezer,2,-70,-70,-70.0,95.0,840,0,0,0,0,-1.0,-69.33333333333333,0.5773502691896278,-0.6666666666666714,source_hub_ultra_low_temperature_freezer,-69.0,-1.0,1.0,False,False,False,True,False,True,False,1,-0.3120144503403306,False
batch018,2021-05-01 09:00:00,"Kalamazoo, Michigan",source_hub,ultra_low_temperature_freezer,2,-71,-70,-70.5,95.0,840,0,0,0,1,0.0,-69.66666666666667,0.5773502691896278,-0.3333333333333286,source_hub_ultra_low_temperature_freezer,-69.0,-1.0,1.0,False,False,False,True,False,True,False,1,-0.33525916918763676,False
batch018,2021-05-01 10:00:00,"Kalamazoo, Michigan",source_hub,ultra_low_temperature_freezer,1,-70,-70,-70.0,95.0,840,0,0,0,0,0.0,-70.0,0.0,0.0,source_hub_ultra_low_temperature_freezer,-69.0,-1.0,1.0,False,False,False,True,False,True,False,1,-0.3034958186116679,False
batch018,2021-05-01 11:00:00,"Shelbyville, Michigan",source_reefer_truck,ultra_low_temperature_freezer,2,-71,-71,-71.0,95.0,840,0,0,0,0,-1.0,-70.33333333333333,0.5773502691896278,-0.6666666666666714,source_reefer_truck_ultra_low_temperature_freezer,-69.0,-2.0,2.0,False,False,False,False,True,True,False,1,-0.2648274617561135,False
batch018,2021-05-01 12:00:00,"Gerald R Ford International Airport, Michigan",source_air_cargo,ultra_low_temperature_freezer,2,-71,-69,-70.0,95.0,840,0,0,0,2,2.0,-70.0,1.0000000000000018,1.0,source_air_cargo_ultra_low_temperature_freezer,-69.0,0.0,0.0,False,False,True,False,False,True,False,1,-0.28622951597203966,False
batch018,2021-05-01 13:00:00,"Gerald R Ford International Airport, Michigan",source_air_cargo,ultra_low_temperature_freezer,2,-71,-69,-70.0,95.0,840,0,0,0,2,0.0,-69.66666666666667,1.1547005383792541,0.6666666666666714,source_air_cargo_ultra_low_temperature_freezer,-69.0,0.0,0.0,False,False,True,False,False,True,False,1,-0.3188164613276948,False
batch018,2021-05-01 14:00:00,"Gerald R Ford International Airport, Michigan",source_air_cargo,ultra_low_temperature_freezer,2,-71,-69,-70.0,95.0,840,0,0,0,2,0.0,-69.0,0.0,0.0,source_air_cargo_ultra_low_temperature_freezer,-69.0,0.0,0.0,False,False,True,False,False,True,False,1,-0.32347017658240806,False
batch018,2021-05-01 15:00:00,Not Available,air_transit,ultra_low_temperature_freezer,2,-71,-70,-70.5,95.0,840,0,0,0,1,-1.0,-69.33333333333333,0.5773502691896278,-0.6666666666666714,air_transit_ultra_low_temperature_freezer,-69.0,-1.0,1.0,True,False,False,False,False,True,False,1,-0.32729167295734046,False
batch018,2021-05-01 16:00:00,Not Available,air_transit,ultra_low_temperature_freezer,2,-71,-69,-70.0,95.0,840,0,0,0,2,1.0,-69.33333333333333,0.5773502691896278,0.3333333333333286,air_transit_ultra_low_temperature_freezer,-69.0,0.0,0.0,True,False,False,False,False,True,False,1,-0.33732507397149486,False
batch018,2021-05-01 17:00:00,Not Available,air_transit,ultra_low_temperature_freezer,2,-71,-69,-70.0,95.0,840,0,0,0,2,0.0,-69.33333333333333,0.5773502691896278,0.3333333333333286,air_transit_ultra_low_temperature_freezer,-69.0,0.0,0.0,True,False,False,False,False,True,False,1,-0.3377777300659409,False
batch018,2021-05-01 18:00:00,Not Available,air_transit,ultra_low_temperature_freezer,1,-69,-69,-69.0,95.0,840,0,0,0,0,0.0,-69.0,0.0,0.0,air_transit_ultra_low_temperature_freezer,-69.0,0.0,0.0,True,False,False,False,False,True,False,1,-0.3095030546648811,False
batch018,2021-05-01 19:00:00,Not Available,air_transit,ultra_low_temperature_freezer,1,-70,-70,-70.0,95.0,840,0,0,0,0,-1.0,-69.33333333333333,0.5773502691896278,-0.6666666666666714,air_transit_ultra_low_temperature_freezer,-69.0,-1.0,1.0,True,False,False,False,False,True,False,1,-0.3120144503403306,False
batch018,2021-05-01 20:00:00,Not Available,air_transit,ultra_low_temperature_freezer,2,-70,-70,-70.0,95.0,840,0,0,0,0,0.0,-69.66666666666667,0.5773502691896278,-0.3333333333333286,air_transit_ultra_low_temperature_freezer,-69.0,-1.0,1.0,True,False,False,False,False,True,False,1,-0.3252878340073377,False
batch018,2021-05-01 21:00:00,Not Available,air_transit,ultra_low_temperature_freezer,2,-70,-69,-69.5,95.0,840,0,0,0,1,1.0,-69.66666666666667,0.5773502691896278,0.6666666666666714,air_transit_ultra_low_temperature_freezer,-69.0,0.0,0.0,True,False,False,False,False,True,False,1,-0.3377481467080661,False
batch018,2021-05-01 22:00:00,Not Available,air_transit,ultra_low_temperature_freezer,2,-71,-71,-71.0,95.0,840,0,0,0,0,-2.0,-70.0,1.0000000000000018,-1.0,air_transit_ultra_low_temperature_freezer,-69.0,-2.0,2.0,True,False,False,False,False,True,False,1,-0.26414626126403745,False
batch018,2021-05-01 23:00:00,Not Available,air_transit,ultra_low_temperature_freezer,2,-71,-69,-70.0,95.0,840,0,0,0,2,2.0,-69.66666666666667,1.1547005383792541,0.6666666666666714,air_transit_ultra_low_temperature_freezer,-69.0,0.0,0.0,True,False,False,False,False,True,False,1,-0.3055378030308116,False
batch018,2021-05-02 00:00:00,Not Available,air_transit,ultra_low_temperature_freezer,2,-71,-70,-70.5,95.0,840,0,0,0,1,-1.0,-70.0,1.0000000000000018,0.0,air_transit_ultra_low_temperature_freezer,-69.0,-1.0,1.0,True,False,False,False,False,True,False,1,-0.311232224187819,False
batch018,2021-05-02 01:00:00,Not Available,air_transit,ultra_low_temperature_freezer,2,-71,-69,-70.0,95.0,840,0,0,0,2,1.0,-69.33333333333333,0.5773502691896278,0.3333333333333286,air_transit_ultra_low_temperature_freezer,-69.0,0.0,0.0,True,False,False,False,False,True,False,1,-0.33732507397149486,False
batch018,2021-05-02 02:00:00,Not Available,air_transit,ultra_low_temperature_freezer,1,-69,-69,-69.0,95.0,840,0,0,0,0,0.0,-69.33333333333333,0.5773502691896278,0.3333333333333286,air_transit_ultra_low_temperature_freezer,-69.0,0.0,0.0,True,False,False,False,False,True,False,1,-0.3203255405191535,False
batch018,2021-05-02 03:00:00,Not Available,air_transit,ultra_low_temperature_freezer,2,-71,-70,-70.5,95.0,840,0,0,0,1,-1.0,-69.33333333333333,0.5773502691896278,-0.6666666666666714,air_transit_ultra_low_temperature_freezer,-69.0,-1.0,1.0,True,False,False,False,False,True,False,1,-0.32729167295734046,False
batch018,2021-05-02 04:00:00,Not Available,air_transit,ultra_low_temperature_freezer,2,-71,-69,-70.0,95.0,840,0,0,0,2,1.0,-69.33333333333333,0.5773502691896278,0.3333333333333286,air_transit_ultra_low_temperature_freezer,-69.0,0.0,0.0,True,False,False,False,False,True,False,1,-0.33732507397149486,False
batch018,2021-05-02 05:00:00,Not Available,air_transit,ultra_low_temperature_freezer,1,-71,-71,-71.0,95.0,840,0,0,0,0,-2.0,-70.0,1.0000000000000018,-1.0,air_transit_ultra_low_temperature_freezer,-69.0,-2.0,2.0,True,False,False,False,False,True,False,1,-0.26414626126403745,False
batch018,2021-05-02 06:00:00,Not Available,air_transit,ultra_low_temperature_freezer,2,-71,-71,-71.0,95.0,840,0,0,0,0,0.0,-70.33333333333333,1.1547005383792541,-0.6666666666666714,air_transit_ultra_low_temperature_freezer,-69.0,-2.0,2.0,True,False,False,False,False,True,False,1,-0.26116812312331905,False
batch018,2021-05-02 07:00:00,Not Available,air_transit,ultra_low_temperature_freezer,2,-71,-71,-71.0,95.0,840,0,0,0,0,0.0,-71.0,0.0,0.0,air_transit_ultra_low_temperature_freezer,-69.0,-2.0,2.0,True,False,False,False,False,True,False,1,-0.2108952170182064,False
batch018,2021-05-02 08:00:00,Not Available,air_transit,ultra_low_temperature_freezer,2,-71,-70,-70.5,95.0,840,0,0,0,1,1.0,-70.66666666666667,0.5773502691896278,0.6666666666666714,air_transit_ultra_low_temperature_freezer,-69.0,-1.0,1.0,True,False,False,False,False,True,False,1,-0.2872363467248306,False
batch018,2021-05-02 09:00:00,Not Available,air_transit,ultra_low_temperature_freezer,2,-70,-69,-69.5,95.0,840,0,0,0,1,1.0,-70.0,1.0000000000000018,1.0,air_transit_ultra_low_temperature_freezer,-69.0,0.0,0.0,True,False,False,False,False,True,False,1,-0.31410759089393764,False
batch018,2021-05-02 10:00:00,Not Available,air_transit,ultra_low_temperature_freezer,2,-70,-70,-70.0,95.0,840,0,0,0,0,-1.0,-69.66666666666667,0.5773502691896278,-0.3333333333333286,air_transit_ultra_low_temperature_freezer,-69.0,-1.0,1.0,True,False,False,False,False,True,False,1,-0.3229838430845815,False
batch018,2021-05-02 11:00:00,Not Available,air_transit,ultra_low_temperature_freezer,2,-71,-71,-71.0,95.0,840,0,0,0,0,-1.0,-70.0,1.0000000000000018,-1.0,air_transit_ultra_low_temperature_freezer,-69.0,-2.0,2.0,True,False,False,False,False,True,False,1,-0.2729805616741406,False
batch018,2021-05-02 12:00:00,Mumbai Airport,dest_air_cargo,ultra_low_temperature_freezer,2,-70,-66,-68.0,95.0,840,0,0,0,4,5.0,-69.0,2.645751311064591,3.0,dest_air_cargo_ultra_low_temperature_freezer,-67.0,1.0,1.0,False,True,False,False,False,True,False,1,-0.11147800104869499,False
batch018,2021-05-02 13:00:00,Mumbai Airport,dest_air_cargo,ultra_low_temperature_freezer,1,-65,-65,-65.0,95.0,840,0,0,0,0,1.0,-67.33333333333333,3.2145502536643176,2.3333333333333286,dest_air_cargo_ultra_low_temperature_freezer,-67.0,2.0,2.0,False,True,False,False,False,True,False,1,-0.13223735001549275,False
batch018,2021-05-02 14:00:00,Mumbai Airport,dest_air_cargo,ultra_low_temperature_freezer,2,-69,-67,-68.0,95.0,840,0,0,0,2,-2.0,-66.0,0.9999999999999911,-1.0,dest_air_cargo_ultra_low_temperature_freezer,-67.0,0.0,0.0,False,True,False,False,False,True,False,1,-0.2186678038983642,False
batch018,2021-05-02 15:00:00,Mumbai Airport,dest_air_cargo,ultra_low_temperature_freezer,2,-70,-67,-68.5,95.0,840,0,0,0,3,0.0,-66.33333333333333,1.1547005383792448,-0.6666666666666714,dest_air_cargo_ultra_low_temperature_freezer,-67.0,0.0,0.0,False,True,False,False,False,True,False,1,-0.22676536593193308,False
batch018,2021-05-02 16:00:00,Mumbai Airport,dest_air_cargo,ultra_low_temperature_freezer,2,-67,-66,-66.5,95.0,840,0,0,0,1,1.0,-66.66666666666667,0.5773502691896278,0.6666666666666714,dest_air_cargo_ultra_low_temperature_freezer,-67.0,1.0,1.0,False,True,False,False,False,True,False,1,-0.23345758939715094,False
batch018,2021-05-02 17:00:00,Mumbai Airport,dest_air_cargo,ultra_low_temperature_freezer,2,-66,-65,-65.5,95.0,840,0,0,0,1,1.0,-66.0,1.0000000000000018,1.0,dest_air_cargo_ultra_low_temperature_freezer,-67.0,2.0,2.0,False,True,False,False,False,True,False,1,-0.17227940499508965,False
batch018,2021-05-02 18:00:00,Mumbai Airport,dest_air_cargo,vaccine_storage_unit,2,-65,-61,-63.0,92.0,839,1,0,0,4,4.0,-64.0,2.645751311064591,3.0,dest_air_cargo_vaccine_storage_unit,7.0,-68.0,68.0,False,True,False,False,False,False,True,1,-0.016929429506764904,False
batch019,2020-12-01 01:00:00,"Kalamazoo, Michigan",source_hub,ultra_low_temperature_freezer,2,-71,-69,-70.0,95.0,840,0,0,0,2,0.0,-69.0,0.0,0.0,source_hub_ultra_low_temperature_freezer,-69.0,0.0,0.0,False,False,False,True,False,True,False,1,-0.32347017658240806,False
batch019,2020-12-01 02:00:00,"Kalamazoo, Michigan",source_hub,ultra_low_temperature_freezer,2,-70,-69,-69.5,95.0,840,0,0,0,1,0.0,-69.0,0.0,0.0,source_hub_ultra_low_temperature_freezer,-69.0,0.0,0.0,False,False,False,True,False,True,False,1,-0.33475665422096784,False
batch019,2020-12-01 03:00:00,"Kalamazoo, Michigan",source_hub,ultra_low_temperature_freezer,2,-71,-70,-70.5,95.0,840,0,0,0,1,-1.0,-69.33333333333333,0.5773502691896278,-0.6666666666666714,source_hub_ultra_low_temperature_freezer,-69.0,-1.0,1.0,False,False,False,True,False,True,False,1,-0.32729167295734046,False
batch019,2020-12-01 04:00:00,"Kalamazoo, Michigan",source_hub,ultra_low_temperature_freezer,2,-70,-69,-69.5,95.0,840,0,0,0,1,1.0,-69.33333333333333,0.5773502691896278,0.3333333333333286,source_hub_ultra_low_temperature_freezer,-69.0,0.0,0.0,False,False,False,True,False,True,False,1,-0.3454540093428116,False
batch019,2020-12-01 05:00:00,"Kalamazoo, Michigan",source_hub,ultra_low_temperature_freezer,2,-71,-69,-70.0,95.0,840,0,0,0,2,0.0,-69.33333333333333,0.5773502691896278,0.3333333333333286,source_hub_ultra_low_temperature_freezer,-69.0,0.0,0.0,False,False,False,True,False,True,False,1,-0.3377777300659409,False
batch019,2020-12-01 06:00:00,"Kalamazoo, Michigan",source_hub,ultra_low_temperature_freezer,2,-70,-69,-69.5,95.0,840,0,0,0,1,0.0,-69.0,0.0,0.0,source_hub_ultra_low_temperature_freezer,-69.0,0.0,0.0,False,False,False,True,False,True,False,1,-0.33475665422096784,False
batch019,2020-12-01 07:00:00,"Kalamazoo, Michigan",source_hub,ultra_low_temperature_freezer,2,-71,-69,-70.0,95.0,840,0,0,0,2,0.0,-69.0,0.0,0.0,source_hub_ultra_low_temperature_freezer,-69.0,0.0,0.0,False,False,False,True,False,True,False,1,-0.32347017658240806,False
batch019,2020-12-01 08:00:00,"Kalamazoo, Michigan",source_hub,ultra_low_temperature_freezer,2,-71,-70,-70.5,95.0,840,0,0,0,1,-1.0,-69.33333333333333,0.5773502691896278,-0.6666666666666714,source_hub_ultra_low_temperature_freezer,-69.0,-1.0,1.0,False,False,False,True,False,True,False,1,-0.32729167295734046,False
batch019,2020-12-01 09:00:00,"Kalamazoo, Michigan",source_hub,ultra_low_temperature_freezer,2,-71,-70,-70.5,95.0,840,0,0,0,1,0.0,-69.66666666666667,0.5773502691896278,-0.3333333333333286,source_hub_ultra_low_temperature_freezer,-69.0,-1.0,1.0,False,False,False,True,False,True,False,1,-0.33525916918763676,False
batch019,2020-12-01 10:00:00,"Kalamazoo, Michigan",source_hub,ultra_low_temperature_freezer,1,-70,-70,-70.0,95.0,840,0,0,0,0,0.0,-70.0,0.0,0.0,source_hub_ultra_low_temperature_freezer,-69.0,-1.0,1.0,False,False,False,True,False,True,False,1,-0.3034958186116679,False
batch019,2020-12-01 11:00:00,"Shelbyville, Michigan",source_reefer_truck,ultra_low_temperature_freezer,2,-70,-69,-69.5,95.0,840,0,0,0,1,1.0,-69.66666666666667,0.5773502691896278,0.6666666666666714,source_reefer_truck_ultra_low_temperature_freezer,-69.0,0.0,0.0,False,False,False,False,True,True,False,1,-0.3377481467080661,False
batch019,2020-12-01 12:00:00,"Gerald R Ford International Airport, Michigan",source_air_cargo,ultra_low_temperature_freezer,2,-70,-69,-69.5,95.0,840,0,0,0,1,0.0,-69.33333333333333,0.5773502691896278,0.3333333333333286,source_air_cargo_ultra_low_temperature_freezer,-69.0,0.0,0.0,False,False,True,False,False,True,False,1,-0.3491669960712361,False
batch019,2020-12-01 13:00:00,"Gerald R Ford International Airport, Michigan",source_air_cargo,ultra_low_temperature_freezer,2,-70,-69,-69.5,95.0,840,0,0,0,1,0.0,-69.0,0.0,0.0,source_air_cargo_ultra_low_temperature_freezer,-69.0,0.0,0.0,False,False,True,False,False,True,False,1,-0.33475665422096784,False
batch019,2020-12-01 14:00:00,"Gerald R Ford International Airport, Michigan",source_air_cargo,ultra_low_temperature_freezer,2,-70,-69,-69.5,95.0,840,0,0,0,1,0.0,-69.0,0.0,0.0,source_air_cargo_ultra_low_temperature_freezer,-69.0,0.0,0.0,False,False,True,False,False,True,False,1,-0.33475665422096784,False
batch019,2020-12-01 15:00:00,Not Available,air_transit,ultra_low_temperature_freezer,2,-71,-69,-70.0,95.0,840,0,0,0,2,0.0,-69.0,0.0,0.0,air_transit_ultra_low_temperature_freezer,-69.0,0.0,0.0,True,False,False,False,False,True,False,1,-0.32347017658240806,False
batch019,2020-12-01 16:00:00,Not Available,air_transit,ultra_low_temperature_freezer,2,-70,-69,-69.5,95.0,840,0,0,0,1,0.0,-69.0,0.0,0.0,air_transit_ultra_low_temperature_freezer,-69.0,0.0,0.0,True,False,False,False,False,True,False,1,-0.33475665422096784,False
batch019,2020-12-01 17:00:00,Not Available,air_transit,ultra_low_temperature_freezer,2,-71,-69,-70.0,95.0,840,0,0,0,2,0.0,-69.0,0.0,0.0,air_transit_ultra_low_temperature_freezer,-69.0,0.0,0.0,True,False,False,False,False,True,False,1,-0.32347017658240806,False
batch019,2020-12-01 18:00:00,Not Available,air_transit,ultra_low_temperature_freezer,2,-70,-69,-69.5,95.0,840,0,0,0,1,0.0,-69.0,0.0,0.0,air_transit_ultra_low_temperature_freezer,-69.0,0.0,0.0,True,False,False,False,False,True,False,1,-0.33475665422096784,False
batch019,2020-12-01 19:00:00,Not Available,air_transit,ultra_low_temperature_freezer,2,-70,-69,-69.5,95.0,840,0,0,0,1,0.0,-69.0,0.0,0.0,air_transit_ultra_low_temperature_freezer,-69.0,0.0,0.0,True,False,False,False,False,True,False,1,-0.33475665422096784,False
batch019,2020-12-01 20:00:00,Not Available,air_transit,ultra_low_temperature_freezer,2,-71,-70,-70.5,95.0,840,0,0,0,1,-1.0,-69.33333333333333,0.5773502691896278,-0.6666666666666714,air_transit_ultra_low_temperature_freezer,-69.0,-1.0,1.0,True,False,False,False,False,True,False,1,-0.32729167295734046,False
batch019,2020-12-01 21:00:00,Not Available,air_transit,ultra_low_temperature_freezer,2,-70,-69,-69.5,95.0,840,0,0,0,1,1.0,-69.33333333333333,0.5773502691896278,0.3333333333333286,air_transit_ultra_low_temperature_freezer,-69.0,0.0,0.0,True,False,False,False,False,True,False,1,-0.3454540093428116,False
batch019,2020-12-01 22:00:00,Not Available,air_transit,ultra_low_temperature_freezer,2,-71,-70,-70.5,95.0,840,0,0,0,1,-1.0,-69.66666666666667,0.5773502691896278,-0.3333333333333286,air_transit_ultra_low_temperature_freezer,-69.0,-1.0,1.0,True,False,False,False,False,True,False,1,-0.33196154391316973,False
batch019,2020-12-01 23:00:00,Not Available,air_transit,ultra_low_temperature_freezer,2,-70,-69,-69.5,95.0,840,0,0,0,1,1.0,-69.33333333333333,0.5773502691896278,0.3333333333333286,air_transit_ultra_low_temperature_freezer,-69.0,0.0,0.0,True,False,False,False,False,True,False,1,-0.3454540093428116,False
batch019,2020-12-02 00:00:00,Not Available,air_transit,ultra_low_temperature_freezer,2,-71,-70,-70.5,95.0,840,0,0,0,1,-1.0,-69.66666666666667,0.5773502691896278,-0.3333333333333286,air_transit_ultra_low_temperature_freezer,-69.0,-1.0,1.0,True,False,False,False,False,True,False,1,-0.33196154391316973,False
batch019,2020-12-02 01:00:00,Not Available,air_transit,ultra_low_temperature_freezer,1,-69,-69,-69.0,95.0,840,0,0,0,0,1.0,-69.33333333333333,0.5773502691896278,0.3333333333333286,air_transit_ultra_low_temperature_freezer,-69.0,0.0,0.0,True,False,False,False,False,True,False,1,-0.31771943875511394,False
batch019,2020-12-02 02:00:00,Not Available,air_transit,ultra_low_temperature_freezer,2,-71,-69,-70.0,95.0,840,0,0,0,2,0.0,-69.33333333333333,0.5773502691896278,0.3333333333333286,air_transit_ultra_low_temperature_freezer,-69.0,0.0,0.0,True,False,False,False,False,True,False,1,-0.3377777300659409,False
batch019,2020-12-02 03:00:00,Not Available,air_transit,ultra_low_temperature_freezer,2,-71,-71,-71.0,95.0,840,0,0,0,0,-2.0,-69.66666666666667,1.1547005383792495,-1.3333333333333286,air_transit_ultra_low_temperature_freezer,-69.0,-2.0,2.0,True,False,False,False,False,True,False,1,-0.25084047606746596,False
batch019,2020-12-02 04:00:00,Not Available,air_transit,ultra_low_temperature_freezer,2,-71,-70,-70.5,95.0,840,0,0,0,1,1.0,-70.0,0.9999999999999964,0.0,air_transit_ultra_low_temperature_freezer,-69.0,-1.0,1.0,True,False,False,False,False,True,False,1,-0.31083262513079096,False
batch019,2020-12-02 05:00:00,Not Available,air_transit,ultra_low_temperature_freezer,1,-70,-70,-70.0,95.0,840,0,0,0,0,0.0,-70.33333333333333,0.5773502691896186,0.3333333333333286,air_transit_ultra_low_temperature_freezer,-69.0,-1.0,1.0,True,False,False,False,False,True,False,1,-0.30969794928674554,False
batch019,2020-12-02 06:00:00,Not Available,air_transit,ultra_low_temperature_freezer,2,-70,-70,-70.0,95.0,840,0,0,0,0,0.0,-70.0,0.0,0.0,air_transit_ultra_low_temperature_freezer,-69.0,-1.0,1.0,True,False,False,False,False,True,False,1,-0.3034958186116679,False
batch019,2020-12-02 07:00:00,Not Available,air_transit,ultra_low_temperature_freezer,2,-71,-69,-70.0,95.0,840,0,0,0,2,1.0,-69.66666666666667,0.5773502691896278,0.6666666666666714,air_transit_ultra_low_temperature_freezer,-69.0,0.0,0.0,True,False,False,False,False,True,False,1,-0.32792824345500965,False
batch019,2020-12-02 08:00:00,Delhi Airport,dest_air_cargo,ultra_low_temperature_freezer,2,-71,-69,-70.0,95.0,840,0,0,0,2,0.0,-69.33333333333333,0.5773502691896278,0.3333333333333286,dest_air_cargo_ultra_low_temperature_freezer,-67.0,-2.0,2.0,False,True,False,False,False,True,False,1,-0.2811024223668746,False
batch019,2020-12-02 09:00:00,Delhi Airport,dest_air_cargo,ultra_low_temperature_freezer,2,-71,-71,-71.0,95.0,840,0,0,0,0,-2.0,-69.66666666666667,1.1547005383792495,-1.3333333333333286,dest_air_cargo_ultra_low_temperature_freezer,-67.0,-4.0,4.0,False,True,False,False,False,True,False,1,-0.1747489106787421,False
batch019,2020-12-02 10:00:00,Delhi Airport,dest_air_cargo,ultra_low_temperature_freezer,2,-71,-69,-70.0,95.0,840,0,0,0,2,2.0,-69.66666666666667,1.1547005383792495,0.6666666666666714,dest_air_cargo_ultra_low_temperature_freezer,-67.0,-2.0,2.0,False,True,False,False,False,True,False,1,-0.25945078646692665,False
batch019,2020-12-02 11:00:00,Delhi Airport,dest_air_cargo,ultra_low_temperature_freezer,2,-71,-69,-70.0,95.0,840,0,0,0,2,0.0,-69.66666666666667,1.1547005383792495,0.6666666666666714,dest_air_cargo_ultra_low_temperature_freezer,-67.0,-2.0,2.0,False,True,False,False,False,True,False,1,-0.2746970684270101,False
batch019,2020-12-02 12:00:00,Delhi Airport,dest_air_cargo,ultra_low_temperature_freezer,2,-70,-69,-69.5,95.0,840,0,0,0,1,0.0,-69.0,0.0,0.0,dest_air_cargo_ultra_low_temperature_freezer,-67.0,-2.0,2.0,False,True,False,False,False,True,False,1,-0.28170795946700944,False
batch019,2020-12-02 13:00:00,Delhi Airport,dest_air_cargo,ultra_low_temperature_freezer,2,-70,-70,-70.0,95.0,840,0,0,0,0,-1.0,-69.33333333333333,0.5773502691896278,-0.6666666666666714,dest_air_cargo_ultra_low_temperature_freezer,-67.0,-3.0,3.0,False,True,False,False,False,True,False,1,-0.22584413841198686,False
batch019,2020-12-02 14:00:00,Delhi Airport,dest_air_cargo,vaccine_storage_unit,2,-65,-63,-64.0,92.5,839,1,0,0,2,7.0,-67.33333333333333,3.785938897200181,4.333333333333329,dest_air_cargo_vaccine_storage_unit,7.0,-70.0,70.0,False,True,False,False,False,False,True,1,-0.02653953732160752,False
batch020,2020-11-01 01:00:00,"Kalamazoo, Michigan",source_hub,ultra_low_temperature_freezer,1,-71,-71,-71.0,95.0,840,0,0,0,0,0.0,-71.0,0.0,0.0,source_hub_ultra_low_temperature_freezer,-69.0,-2.0,2.0,False,False,False,True,False,True,False,1,-0.2108952170182064,False
batch020,2020-11-01 02:00:00,"Kalamazoo, Michigan",source_hub,ultra_low_temperature_freezer,2,-70,-70,-70.0,95.0,840,0,0,0,0,1.0,-70.5,0.7071067811865476,0.5,source_hub_ultra_low_temperature_freezer,-69.0,-1.0,1.0,False,False,False,True,False,True,False,1,-0.29341428019900556,False
batch020,2020-11-01 03:00:00,"Kalamazoo, Michigan",source_hub,ultra_low_temperature_freezer,2,-69,-69,-69.0,95.0,840,0,0,0,0,1.0,-70.0,1.0,1.0,source_hub_ultra_low_temperature_freezer,-69.0,0.0,0.0,False,False,False,True,False,True,False,1,-0.28432191032709697,False
batch020,2020-11-01 04:00:00,"Kalamazoo, Michigan",source_hub,ultra_low_temperature_freezer,2,-71,-69,-70.0,95.0,840,0,0,0,2,0.0,-69.33333333333333,0.5773502691896247,0.3333333333333286,source_hub_ultra_low_temperature_freezer,-69.0,0.0,0.0,False,False,False,True,False,True,False,1,-0.3377777300659409,False
batch020,2020-11-01 05:00:00,"Kalamazoo, Michigan",source_hub,ultra_low_temperature_freezer,1,-69,-69,-69.0,95.0,840,0,0,0,0,0.0,-69.0,0.0,0.0,source_hub_ultra_low_temperature_freezer,-69.0,0.0,0.0,False,False,False,True,False,True,False,1,-0.3095030546648811,False
batch020,2020-11-01 06:00:00,"Kalamazoo, Michigan",source_hub,ultra_low_temperature_freezer,2,-71,-70,-70.5,95.0,840,0,0,0,1,-1.0,-69.33333333333333,0.5773502691896278,-0.6666666666666714,source_hub_ultra_low_temperature_freezer,-69.0,-1.0,1.0,False,False,False,True,False,True,False,1,-0.32729167295734046,False
batch020,2020-11-01 07:00:00,"Kalamazoo, Michigan",source_hub,ultra_low_temperature_freezer,2,-71,-70,-70.5,95.0,840,0,0,0,1,0.0,-69.66666666666667,0.5773502691896278,-0.3333333333333286,source_hub_ultra_low_temperature_freezer,-69.0,-1.0,1.0,False,False,False,True,False,True,False,1,-0.33525916918763676,False
batch020,2020-11-01 08:00:00,"Kalamazoo, Michigan",source_hub,ultra_low_temperature_freezer,2,-71,-69,-70.0,95.0,840,0,0,0,2,1.0,-69.66666666666667,0.5773502691896278,0.6666666666666714,source_hub_ultra_low_temperature_freezer,-69.0,0.0,0.0,False,False,False,True,False,True,False,1,-0.32792824345500965,False
batch020,2020-11-01 09:00:00,"Kalamazoo, Michigan",source_hub,ultra_low_temperature_freezer,2,-71,-70,-70.5,95.0,840,0,0,0,1,-1.0,-69.66666666666667,0.5773502691896278,-0.3333333333333286,source_hub_ultra_low_temperature_freezer,-69.0,-1.0,1.0,False,False,False,True,False,True,False,1,-0.33196154391316973,False
batch020,2020-11-01 10:00:00,"Kalamazoo, Michigan",source_hub,ultra_low_temperature_freezer,2,-71,-70,-70.5,95.0,840,0,0,0,1,0.0,-69.66666666666667,0.5773502691896278,-0.3333333333333286,source_hub_ultra_low_temperature_freezer,-69.0,-1.0,1.0,False,False,False,True,False,True,False,1,-0.33525916918763676,False
batch020,2020-11-01 11:00:00,"Shelbyville, Michigan",source_reefer_truck,ultra_low_temperature_freezer,2,-70,-69,-69.5,95.0,840,0,0,0,1,1.0,-69.66666666666667,0.5773502691896278,0.6666666666666714,source_reefer_truck_ultra_low_temperature_freezer,-69.0,0.0,0.0,False,False,False,False,True,True,False,1,-0.3377481467080661,False
batch020,2020-11-01 12:00:00,"Gerald R Ford International Airport, Michigan",source_air_cargo,ultra_low_temperature_freezer,2,-71,-69,-70.0,95.0,840,0,0,0,2,0.0,-69.33333333333333,0.5773502691896278,0.3333333333333286,source_air_cargo_ultra_low_temperature_freezer,-69.0,0.0,0.0,False,False,True,False,False,True,False,1,-0.3377777300659409,False
batch020,2020-11-01 13:00:00,"Gerald R Ford International Airport, Michigan",source_air_cargo,ultra_low_temperature_freezer,2,-70,-70,-70.0,95.0,840,0,0,0,0,-1.0,-69.33333333333333,0.5773502691896278,-0.6666666666666714,source_air_cargo_ultra_low_temperature_freezer,-69.0,-1.0,1.0,False,False,True,False,False,True,False,1,-0.3120144503403306,False
batch020,2020-11-01 14:00:00,"Gerald R Ford International Airport, Michigan",source_air_cargo,ultra_low_temperature_freezer,2,-70,-69,-69.5,95.0,840,0,0,0,1,1.0,-69.33333333333333,0.5773502691896278,0.3333333333333286,source_air_cargo_ultra_low_temperature_freezer,-69.0,0.0,0.0,False,False,True,False,False,True,False,1,-0.3454540093428116,False
batch020,2020-11-01 15:00:00,Not Available,air_transit,ultra_low_temperature_freezer,2,-71,-69,-70.0,95.0,840,0,0,0,2,0.0,-69.33333333333333,0.5773502691896278,0.3333333333333286,air_transit_ultra_low_temperature_freezer,-69.0,0.0,0.0,True,False,False,False,False,True,False,1,-0.3377777300659409,False
batch020,2020-11-01 16:00:00,Not Available,air_transit,ultra_low_temperature_freezer,2,-69,-69,-69.0,95.0,840,0,0,0,0,0.0,-69.0,0.0,0.0,air_transit_ultra_low_temperature_freezer,-69.0,0.0,0.0,True,False,False,False,False,True,False,1,-0.3095030546648811,False
batch020,2020-11-01 17:00:00,Not Available,air_transit,ultra_low_temperature_freezer,2,-71,-70,-70.5,95.0,840,0,0,0,1,-1.0,-69.33333333333333,0.5773502691896278,-0.6666666666666714,air_transit_ultra_low_temperature_freezer,-69.0,-1.0,1.0,True,False,False,False,False,True,False,1,-0.32729167295734046,False
batch020,2020-11-01 18:00:00,Not Available,air_transit,ultra_low_temperature_freezer,2,-70,-70,-70.0,95.0,840,0,0,0,0,0.0,-69.66666666666667,0.5773502691896278,-0.3333333333333286,air_transit_ultra_low_temperature_freezer,-69.0,-1.0,1.0,True,False,False,False,False,True,False,1,-0.3252878340073377,False
batch020,2020-11-01 19:00:00,Not Available,air_transit,ultra_low_temperature_freezer,2,-71,-71,-71.0,95.0,840,0,0,0,0,-1.0,-70.33333333333333,0.5773502691896278,-0.6666666666666714,air_transit_ultra_low_temperature_freezer,-69.0,-2.0,2.0,True,False,False,False,False,True,False,1,-0.2648274617561135,False
batch020,2020-11-01 20:00:00,Not Available,air_transit,ultra_low_temperature_freezer,2,-70,-69,-69.5,95.0,840,0,0,0,1,2.0,-70.0,1.0000000000000018,1.0,air_transit_ultra_low_temperature_freezer,-69.0,0.0,0.0,True,False,False,False,False,True,False,1,-0.29710981485308285,False
batch020,2020-11-01 21:00:00,Not Available,air_transit,ultra_low_temperature_freezer,2,-70,-69,-69.5,95.0,840,0,0,0,1,0.0,-69.66666666666667,1.1547005383792541,0.6666666666666714,air_transit_ultra_low_temperature_freezer,-69.0,0.0,0.0,True,False,False,False,False,True,False,1,-0.33243127773137215,False
batch020,2020-11-01 22:00:00,Not Available,air_transit,ultra_low_temperature_freezer,2,-70,-69,-69.5,95.0,840,0,0,0,1,0.0,-69.0,0.0,0.0,air_transit_ultra_low_temperature_freezer,-69.0,0.0,0.0,True,False,False,False,False,True,False,1,-0.33475665422096784,False
batch020,2020-11-01 23:00:00,Not Available,air_transit,ultra_low_temperature_freezer,2,-70,-69,-69.5,95.0,840,0,0,0,1,0.0,-69.0,0.0,0.0,air_transit_ultra_low_temperature_freezer,-69.0,0.0,0.0,True,False,False,False,False,True,False,1,-0.33475665422096784,False
batch020,2020-11-02 00:00:00,Not Available,air_transit,ultra_low_temperature_freezer,2,-70,-69,-69.5,95.0,840,0,0,0,1,0.0,-69.0,0.0,0.0,air_transit_ultra_low_temperature_freezer,-69.0,0.0,0.0,True,False,False,False,False,True,False,1,-0.33475665422096784,False
batch020,2020-11-02 01:00:00,Not Available,air_transit,ultra_low_temperature_freezer,2,-70,-70,-70.0,95.0,840,0,0,0,0,-1.0,-69.33333333333333,0.5773502691896278,-0.6666666666666714,air_transit_ultra_low_temperature_freezer,-69.0,-1.0,1.0,True,False,False,False,False,True,False,1,-0.3120144503403306,False
batch020,2020-11-02 02:00:00,Not Available,air_transit,ultra_low_temperature_freezer,2,-71,-70,-70.5,95.0,840,0,0,0,1,0.0,-69.66666666666667,0.5773502691896278,-0.3333333333333286,air_transit_ultra_low_temperature_freezer,-69.0,-1.0,1.0,True,False,False,False,False,True,False,1,-0.33525916918763676,False
batch020,2020-11-02 03:00:00,Not Available,air_transit,ultra_low_temperature_freezer,2,-71,-70,-70.5,95.0,840,0,0,0,1,0.0,-70.0,0.0,0.0,air_transit_ultra_low_temperature_freezer,-69.0,-1.0,1.0,True,False,False,False,False,True,False,1,-0.3094352017660051,False
batch020,2020-11-02 04:00:00,Not Available,air_transit,ultra_low_temperature_freezer,1,-70,-70,-70.0,95.0,840,0,0,0,0,0.0,-70.0,0.0,0.0,air_transit_ultra_low_temperature_freezer,-69.0,-1.0,1.0,True,False,False,False,False,True,False,1,-0.3034958186116679,False
batch020,2020-11-02 05:00:00,Not Available,air_transit,ultra_low_temperature_freezer,2,-70,-70,-70.0,95.0,840,0,0,0,0,0.0,-70.0,0.0,0.0,air_transit_ultra_low_temperature_freezer,-69.0,-1.0,1.0,True,False,False,False,False,True,False,1,-0.3034958186116679,False
batch020,2020-11-02 06:00:00,Not Available,air_transit,ultra_low_temperature_freezer,2,-70,-70,-70.0,95.0,840,0,0,0,0,0.0,-70.0,0.0,0.0,air_transit_ultra_low_temperature_freezer,-69.0,-1.0,1.0,True,False,False,False,False,True,False,1,-0.3034958186116679,False
batch020,2020-11-02 07:00:00,Not Available,air_transit,ultra_low_temperature_freezer,2,-71,-69,-70.0,95.0,840,0,0,0,2,1.0,-69.66666666666667,0.5773502691896278,0.6666666666666714,air_transit_ultra_low_temperature_freezer,-69.0,0.0,0.0,True,False,False,False,False,True,False,1,-0.32792824345500965,False
batch020,2020-11-02 08:00:00,Not Available,air_transit,ultra_low_temperature_freezer,1,-71,-71,-71.0,95.0,840,0,0,0,0,-2.0,-70.0,1.0000000000000018,-1.0,air_transit_ultra_low_temperature_freezer,-69.0,-2.0,2.0,True,False,False,False,False,True,False,1,-0.26414626126403745,False
batch020,2020-11-02 09:00:00,Not Available,air_transit,ultra_low_temperature_freezer,2,-71,-70,-70.5,95.0,840,0,0,0,1,1.0,-70.0,1.0000000000000018,0.0,air_transit_ultra_low_temperature_freezer,-69.0,-1.0,1.0,True,False,False,False,False,True,False,1,-0.31083262513079096,False
batch020,2020-11-02 10:00:00,Not Available,air_transit,ultra_low_temperature_freezer,1,-69,-69,-69.0,95.0,840,0,0,0,0,1.0,-70.0,1.0000000000000018,1.0,air_transit_ultra_low_temperature_freezer,-69.0,0.0,0.0,True,False,False,False,False,True,False,1,-0.28432191032709697,False
batch020,2020-11-02 11:00:00,Not Available,air_transit,ultra_low_temperature_freezer,2,-71,-69,-70.0,95.0,840,0,0,0,2,0.0,-69.33333333333333,0.5773502691896278,0.3333333333333286,air_transit_ultra_low_temperature_freezer,-69.0,0.0,0.0,True,False,False,False,False,True,False,1,-0.3377777300659409,False
batch020,2020-11-02 12:00:00,Mumbai Airport,dest_air_cargo,ultra_low_temperature_freezer,2,-69,-65,-67.0,95.0,840,0,0,0,4,4.0,-67.66666666666667,2.309401076758505,2.6666666666666714,dest_air_cargo_ultra_low_temperature_freezer,-67.0,2.0,2.0,False,True,False,False,False,True,False,1,-0.09915497867772438,False
batch020,2020-11-02 13:00:00,Mumbai Airport,dest_air_cargo,ultra_low_temperature_freezer,2,-69,-66,-67.5,95.0,840,0,0,0,3,-1.0,-66.66666666666667,2.0816659994661366,0.6666666666666714,dest_air_cargo_ultra_low_temperature_freezer,-67.0,1.0,1.0,False,True,False,False,False,True,False,1,-0.18833025256069025,False
batch020,2020-11-02 14:00:00,Mumbai Airport,dest_air_cargo,ultra_low_temperature_freezer,2,-68,-65,-66.5,95.0,840,0,0,0,3,1.0,-65.33333333333333,0.5773502691896463,0.3333333333333286,dest_air_cargo_ultra_low_temperature_freezer,-67.0,2.0,2.0,False,True,False,False,False,True,False,1,-0.17810004572229188,False
batch020,2020-11-02 15:00:00,Mumbai Airport,dest_air_cargo,ultra_low_temperature_freezer,1,-70,-70,-70.0,95.0,840,0,0,0,0,-5.0,-67.0,2.645751311064595,-3.0,dest_air_cargo_ultra_low_temperature_freezer,-67.0,-3.0,3.0,False,True,False,False,False,True,False,1,-0.1503110454274733,False
batch020,2020-11-02 16:00:00,Mumbai Airport,dest_air_cargo,ultra_low_temperature_freezer,2,-68,-67,-67.5,95.0,840,0,0,0,1,3.0,-67.33333333333333,2.516611478423588,0.3333333333333286,dest_air_cargo_ultra_low_temperature_freezer,-67.0,0.0,0.0,False,True,False,False,False,True,False,1,-0.20142776156952724,False
batch020,2020-11-02 17:00:00,Mumbai Airport,dest_air_cargo,ultra_low_temperature_freezer,2,-70,-69,-69.5,95.0,840,0,0,0,1,-2.0,-68.66666666666667,1.5275252316519567,-0.3333333333333286,dest_air_cargo_ultra_low_temperature_freezer,-67.0,-2.0,2.0,False,True,False,False,False,True,False,1,-0.2524774886037626,False
batch020,2020-11-02 18:00:00,Mumbai Airport,dest_air_cargo,vaccine_storage_unit,2,-63,-63,-63.0,92.0,839,1,0,0,0,6.0,-66.33333333333333,3.055050463303897,3.3333333333333286,dest_air_cargo_vaccine_storage_unit,7.0,-70.0,70.0,False,True,False,False,False,False,True,1,-0.01060734837598687,False
batch021,2021-01-01 01:00:00,"Kalamazoo, Michigan",source_hub,ultra_low_temperature_freezer,2,-71,-70,-70.5,95.0,840,0,0,0,1,0.0,-70.0,0.0,0.0,source_hub_ultra_low_temperature_freezer,-69.0,-1.0,1.0,False,False,False,True,False,True,False,1,-0.3094352017660051,False
batch021,2021-01-01 02:00:00,"Kalamazoo, Michigan",source_hub,ultra_low_temperature_freezer,2,-70,-70,-70.0,95.0,840,0,0,0,0,0.0,-70.0,0.0,0.0,source_hub_ultra_low_temperature_freezer,-69.0,-1.0,1.0,False,False,False,True,False,True,False,1,-0.3034958186116679,False
batch021,2021-01-01 03:00:00,"Kalamazoo, Michigan",source_hub,ultra_low_temperature_freezer,2,-71,-69,-70.0,95.0,840,0,0,0,2,1.0,-69.66666666666667,0.5773502691896278,0.6666666666666714,source_hub_ultra_low_temperature_freezer,-69.0,0.0,0.0,False,False,False,True,False,True,False,1,-0.32792824345500965,False
batch021,2021-01-01 04:00:00,"Kalamazoo, Michigan",source_hub,ultra_low_temperature_freezer,2,-69,-69,-69.0,95.0,840,0,0,0,0,0.0,-69.33333333333333,0.5773502691896278,0.3333333333333286,source_hub_ultra_low_temperature_freezer,-69.0,0.0,0.0,False,False,False,True,False,True,False,1,-0.3203255405191535,False
batch021,2021-01-01 05:00:00,"Kalamazoo, Michigan",source_hub,ultra_low_temperature_freezer,2,-71,-69,-70.0,95.0,840,0,0,0,2,0.0,-69.0,0.0,0.0,source_hub_ultra_low_temperature_freezer,-69.0,0.0,0.0,False,False,False,True,False,True,False,1,-0.32347017658240806,False
batch021,2021-01-01 06:00:00,"Kalamazoo, Michigan",source_hub,ultra_low_temperature_freezer,2,-71,-71,-71.0,95.0,840,0,0,0,0,-2.0,-69.66666666666667,1.1547005383792495,-1.3333333333333286,source_hub_ultra_low_temperature_freezer,-69.0,-2.0,2.0,False,False,False,True,False,True,False,1,-0.25084047606746596,False
batch021,2021-01-01 07:00:00,"Kalamazoo, Michigan",source_hub,ultra_low_temperature_freezer,2,-71,-70,-70.5,95.0,840,0,0,0,1,1.0,-70.0,0.9999999999999964,0.0,source_hub_ultra_low_temperature_freezer,-69.0,-1.0,1.0,False,False,False,True,False,True,False,1,-0.31083262513079096,False
batch021,2021-01-01 08:00:00,"Kalamazoo, Michigan",source_hub,ultra_low_temperature_freezer,2,-69,-69,-69.0,95.0,840,0,0,0,0,1.0,-70.0,0.9999999999999964,1.0,source_hub_ultra_low_temperature_freezer,-69.0,0.0,0.0,False,False,False,True,False,True,False,1,-0.28432191032709697,False
batch021,2021-01-01 09:00:00,"Kalamazoo, Michigan",source_hub,ultra_low_temperature_freezer,2,-71,-70,-70.5,95.0,840,0,0,0,1,-1.0,-69.66666666666667,0.5773502691896186,-0.3333333333333286,source_hub_ultra_low_temperature_freezer,-69.0,-1.0,1.0,False,False,False,True,False,True,False,1,-0.33196154391316973,False
batch021,2021-01-01 10:00:00,"Kalamazoo, Michigan",source_hub,ultra_low_temperature_freezer,2,-70,-69,-69.5,95.0,840,0,0,0,1,1.0,-69.33333333333333,0.5773502691896186,0.3333333333333286,source_hub_ultra_low_temperature_freezer,-69.0,0.0,0.0,False,False,False,True,False,True,False,1,-0.3454540093428116,False
batch021,2021-01-01 11:00:00,"Shelbyville, Michigan",source_reefer_truck,ultra_low_temperature_freezer,2,-71,-70,-70.5,95.0,840,0,0,0,1,-1.0,-69.66666666666667,0.5773502691896186,-0.3333333333333286,source_reefer_truck_ultra_low_temperature_freezer,-69.0,-1.0,1.0,False,False,False,False,True,True,False,1,-0.33196154391316973,False
batch021,2021-01-01 12:00:00,"Gerald R Ford International Airport, Michigan",source_air_cargo,ultra_low_temperature_freezer,2,-71,-71,-71.0,95.0,840,0,0,0,0,-1.0,-70.0,0.9999999999999964,-1.0,source_air_cargo_ultra_low_temperature_freezer,-69.0,-2.0,2.0,False,False,True,False,False,True,False,1,-0.2729805616741406,False
batch021,2021-01-01 13:00:00,"Gerald R Ford International Airport, Michigan",source_air_cargo,ultra_low_temperature_freezer,2,-71,-71,-71.0,95.0,840,0,0,0,0,0.0,-70.66666666666667,0.5773502691896186,-0.3333333333333286,source_air_cargo_ultra_low_temperature_freezer,-69.0,-2.0,2.0,False,False,True,False,False,True,False,1,-0.24728692691101356,False
batch021,2021-01-01 14:00:00,"Gerald R Ford International Airport, Michigan",source_air_cargo,ultra_low_temperature_freezer,2,-70,-69,-69.5,95.0,840,0,0,0,1,2.0,-70.33333333333333,1.1547005383792495,1.3333333333333286,source_air_cargo_ultra_low_temperature_freezer,-69.0,0.0,0.0,False,False,True,False,False,True,False,1,-0.27604580170096343,False
batch021,2021-01-01 15:00:00,Not Available,air_transit,ultra_low_temperature_freezer,2,-70,-69,-69.5,95.0,840,0,0,0,1,0.0,-69.66666666666667,1.1547005383792495,0.6666666666666714,air_transit_ultra_low_temperature_freezer,-69.0,0.0,0.0,True,False,False,False,False,True,False,1,-0.33243127773137215,False
batch021,2021-01-01 16:00:00,Not Available,air_transit,ultra_low_temperature_freezer,2,-69,-69,-69.0,95.0,840,0,0,0,0,0.0,-69.0,0.0,0.0,air_transit_ultra_low_temperature_freezer,-69.0,0.0,0.0,True,False,False,False,False,True,False,1,-0.3095030546648811,False
batch021,2021-01-01 17:00:00,Not Available,air_transit,ultra_low_temperature_freezer,2,-71,-70,-70.5,95.0,840,0,0,0,1,-1.0,-69.33333333333333,0.5773502691896278,-0.6666666666666714,air_transit_ultra_low_temperature_freezer,-69.0,-1.0,1.0,True,False,False,False,False,True,False,1,-0.32729167295734046,False
batch021,2021-01-01 18:00:00,Not Available,air_transit,ultra_low_temperature_freezer,2,-70,-69,-69.5,95.0,840,0,0,0,1,1.0,-69.33333333333333,0.5773502691896278,0.3333333333333286,air_transit_ultra_low_temperature_freezer,-69.0,0.0,0.0,True,False,False,False,False,True,False,1,-0.3454540093428116,False
batch021,2021-01-01 19:00:00,Not Available,air_transit,ultra_low_temperature_freezer,2,-71,-69,-70.0,95.0,840,0,0,0,2,0.0,-69.33333333333333,0.5773502691896278,0.3333333333333286,air_transit_ultra_low_temperature_freezer,-69.0,0.0,0.0,True,False,False,False,False,True,False,1,-0.3377777300659409,False
batch021,2021-01-01 20:00:00,Not Available,air_transit,ultra_low_temperature_freezer,2,-69,-69,-69.0,95.0,840,0,0,0,0,0.0,-69.0,0.0,0.0,air_transit_ultra_low_temperature_freezer,-69.0,0.0,0.0,True,False,False,False,False,True,False,1,-0.3095030546648811,False
batch021,2021-01-01 21:00:00,Not Available,air_transit,ultra_low_temperature_freezer,2,-70,-69,-69.5,95.0,840,0,0,0,1,0.0,-69.0,0.0,0.0,air_transit_ultra_low_temperature_freezer,-69.0,0.0,0.0,True,False,False,False,False,True,False,1,-0.33475665422096784,False
batch021,2021-01-01 22:00:00,Not Available,air_transit,ultra_low_temperature_freezer,2,-69,-69,-69.0,95.0,840,0,0,0,0,0.0,-69.0,0.0,0.0,air_transit_ultra_low_temperature_freezer,-69.0,0.0,0.0,True,False,False,False,False,True,False,1,-0.3095030546648811,False
batch021,2021-01-01 23:00:00,Not Available,air_transit,ultra_low_temperature_freezer,2,-71,-69,-70.0,95.0,840,0,0,0,2,0.0,-69.0,0.0,0.0,air_transit_ultra_low_temperature_freezer,-69.0,0.0,0.0,True,False,False,False,False,True,False,1,-0.32347017658240806,False
batch021,2021-01-02 00:00:00,Not Available,air_transit,ultra_low_temperature_freezer,2,-71,-70,-70.5,95.0,840,0,0,0,1,-1.0,-69.33333333333333,0.5773502691896278,-0.6666666666666714,air_transit_ultra_low_temperature_freezer,-69.0,-1.0,1.0,True,False,False,False,False,True,False,1,-0.32729167295734046,False
batch021,2021-01-02 01:00:00,Not Available,air_transit,ultra_low_temperature_freezer,2,-71,-69,-70.0,95.0,840,0,0,0,2,1.0,-69.33333333333333,0.5773502691896278,0.3333333333333286,air_transit_ultra_low_temperature_freezer,-69.0,0.0,0.0,True,False,False,False,False,True,False,1,-0.33732507397149486,False
batch021,2021-01-02 02:00:00,Not Available,air_transit,ultra_low_temperature_freezer,1,-71,-71,-71.0,95.0,840,0,0,0,0,-2.0,-70.0,1.0000000000000018,-1.0,air_transit_ultra_low_temperature_freezer,-69.0,-2.0,2.0,True,False,False,False,False,True,False,1,-0.26414626126403745,False
batch021,2021-01-02 03:00:00,Not Available,air_transit,ultra_low_temperature_freezer,1,-71,-71,-71.0,95.0,840,0,0,0,0,0.0,-70.33333333333333,1.1547005383792541,-0.6666666666666714,air_transit_ultra_low_temperature_freezer,-69.0,-2.0,2.0,True,False,False,False,False,True,False,1,-0.26116812312331905,False
batch021,2021-01-02 04:00:00,Not Available,air_transit,ultra_low_temperature_freezer,1,-71,-71,-71.0,95.0,840,0,0,0,0,0.0,-71.0,0.0,0.0,air_transit_ultra_low_temperature_freezer,-69.0,-2.0,2.0,True,False,False,False,False,True,False,1,-0.2108952170182064,False
batch021,2021-01-02 05:00:00,Not Available,air_transit,ultra_low_temperature_freezer,2,-71,-70,-70.5,95.0,840,0,0,0,1,1.0,-70.66666666666667,0.5773502691896278,0.6666666666666714,air_transit_ultra_low_temperature_freezer,-69.0,-1.0,1.0,True,False,False,False,False,True,False,1,-0.2872363467248306,False
batch021,2021-01-02 06:00:00,Not Available,air_transit,ultra_low_temperature_freezer,2,-70,-69,-69.5,95.0,840,0,0,0,1,1.0,-70.0,1.0000000000000018,1.0,air_transit_ultra_low_temperature_freezer,-69.0,0.0,0.0,True,False,False,False,False,True,False,1,-0.31410759089393764,False
batch021,2021-01-02 07:00:00,Not Available,air_transit,ultra_low_temperature_freezer,2,-71,-69,-70.0,95.0,840,0,0,0,2,0.0,-69.33333333333333,0.5773502691896278,0.3333333333333286,air_transit_ultra_low_temperature_freezer,-69.0,0.0,0.0,True,False,False,False,False,True,False,1,-0.3377777300659409,False
batch021,2021-01-02 08:00:00,Not Available,air_transit,ultra_low_temperature_freezer,2,-70,-69,-69.5,95.0,840,0,0,0,1,0.0,-69.0,0.0,0.0,air_transit_ultra_low_temperature_freezer,-69.0,0.0,0.0,True,False,False,False,False,True,False,1,-0.33475665422096784,False
batch021,2021-01-02 09:00:00,Not Available,air_transit,ultra_low_temperature_freezer,1,-71,-71,-71.0,95.0,840,0,0,0,0,-2.0,-69.66666666666667,1.1547005383792495,-1.3333333333333286,air_transit_ultra_low_temperature_freezer,-69.0,-2.0,2.0,True,False,False,False,False,True,False,1,-0.25084047606746596,False
batch021,2021-01-02 10:00:00,Not Available,air_transit,ultra_low_temperature_freezer,2,-70,-69,-69.5,95.0,840,0,0,0,1,2.0,-69.66666666666667,1.1547005383792495,0.6666666666666714,air_transit_ultra_low_temperature_freezer,-69.0,0.0,0.0,True,False,False,False,False,True,False,1,-0.3159314373617168,False
batch021,2021-01-02 11:00:00,Not Available,air_transit,ultra_low_temperature_freezer,2,-71,-69,-70.0,95.0,840,0,0,0,2,0.0,-69.66666666666667,1.1547005383792495,0.6666666666666714,air_transit_ultra_low_temperature_freezer,-69.0,0.0,0.0,True,False,False,False,False,True,False,1,-0.3188164613276948,False
batch021,2021-01-02 12:00:00,Mumbai Airport,dest_air_cargo,ultra_low_temperature_freezer,2,-67,-65,-66.0,95.0,840,0,0,0,2,4.0,-67.66666666666667,2.309401076758505,2.6666666666666714,dest_air_cargo_ultra_low_temperature_freezer,-67.0,2.0,2.0,False,True,False,False,False,True,False,1,-0.1331037215609755,False
batch021,2021-01-02 13:00:00,Mumbai Airport,dest_air_cargo,ultra_low_temperature_freezer,2,-67,-66,-66.5,95.0,840,0,0,0,1,-1.0,-66.66666666666667,2.0816659994661366,0.6666666666666714,dest_air_cargo_ultra_low_temperature_freezer,-67.0,1.0,1.0,False,True,False,False,False,True,False,1,-0.19717552377088587,False
batch021,2021-01-02 14:00:00,Mumbai Airport,dest_air_cargo,ultra_low_temperature_freezer,2,-70,-65,-67.5,95.0,840,0,0,0,5,1.0,-65.33333333333333,0.5773502691896463,0.3333333333333286,dest_air_cargo_ultra_low_temperature_freezer,-67.0,2.0,2.0,False,True,False,False,False,True,False,1,-0.14223632499421357,False
batch021,2021-01-02 15:00:00,Mumbai Airport,dest_air_cargo,ultra_low_temperature_freezer,2,-70,-67,-68.5,95.0,840,0,0,0,3,-2.0,-66.0,1.0000000000000124,-1.0,dest_air_cargo_ultra_low_temperature_freezer,-67.0,0.0,0.0,False,True,False,False,False,True,False,1,-0.192240269361576,False
batch021,2021-01-02 16:00:00,Mumbai Airport,dest_air_cargo,ultra_low_temperature_freezer,2,-69,-66,-67.5,95.0,840,0,0,0,3,1.0,-66.0,1.0000000000000124,0.0,dest_air_cargo_ultra_low_temperature_freezer,-67.0,1.0,1.0,False,True,False,False,False,True,False,1,-0.2262006529270325,False
batch021,2021-01-02 17:00:00,Mumbai Airport,dest_air_cargo,ultra_low_temperature_freezer,2,-70,-66,-68.0,95.0,840,0,0,0,4,0.0,-66.33333333333333,0.5773502691896463,0.3333333333333286,dest_air_cargo_ultra_low_temperature_freezer,-67.0,1.0,1.0,False,True,False,False,False,True,False,1,-0.19844514542391678,False
batch021,2021-01-02 18:00:00,Mumbai Airport,dest_air_cargo,vaccine_storage_unit,2,-62,-62,-62.0,93.0,839,1,0,0,0,4.0,-64.66666666666667,2.309401076758505,2.6666666666666714,dest_air_cargo_vaccine_storage_unit,7.0,-69.0,69.0,False,True,False,False,False,False,True,1,-0.02045649264780025,False
batch022,2020-12-01 01:00:00,"Kalamazoo, Michigan",source_hub,ultra_low_temperature_freezer,2,-70,-69,-69.5,95.0,840,0,0,0,1,0.0,-69.0,0.0,0.0,source_hub_ultra_low_temperature_freezer,-69.0,0.0,0.0,False,False,False,True,False,True,False,1,-0.33475665422096784,False
batch022,2020-12-01 02:00:00,"Kalamazoo, Michigan",source_hub,ultra_low_temperature_freezer,2,-71,-69,-70.0,95.0,840,0,0,0,2,0.0,-69.0,0.0,0.0,source_hub_ultra_low_temperature_freezer,-69.0,0.0,0.0,False,False,False,True,False,True,False,1,-0.32347017658240806,False
batch022,2020-12-01 03:00:00,"Kalamazoo, Michigan",source_hub,ultra_low_temperature_freezer,2,-71,-69,-70.0,95.0,840,0,0,0,2,0.0,-69.0,0.0,0.0,source_hub_ultra_low_temperature_freezer,-69.0,0.0,0.0,False,False,False,True,False,True,False,1,-0.32347017658240806,False
batch022,2020-12-01 04:00:00,"Kalamazoo, Michigan",source_hub,ultra_low_temperature_freezer,2,-71,-71,-71.0,95.0,840,0,0,0,0,-2.0,-69.66666666666667,1.1547005383792495,-1.3333333333333286,source_hub_ultra_low_temperature_freezer,-69.0,-2.0,2.0,False,False,False,True,False,True,False,1,-0.25084047606746596,False
batch022,2020-12-01 05:00:00,"Kalamazoo, Michigan",source_hub,ultra_low_temperature_freezer,2,-71,-69,-70.0,95.0,840,0,0,0,2,2.0,-69.66666666666667,1.1547005383792495,0.6666666666666714,source_hub_ultra_low_temperature_freezer,-69.0,0.0,0.0,False,False,False,True,False,True,False,1,-0.3055378030308116,False
batch022,2020-12-01 06:00:00,"Kalamazoo, Michigan",source_hub,ultra_low_temperature_freezer,1,-70,-70,-70.0,95.0,840,0,0,0,0,-1.0,-70.0,0.9999999999999964,0.0,source_hub_ultra_low_temperature_freezer,-69.0,-1.0,1.0,False,False,False,True,False,True,False,1,-0.3082804721418137,False
batch022,2020-12-01 07:00:00,"Kalamazoo, Michigan",source_hub,ultra_low_temperature_freezer,1,-71,-71,-71.0,95.0,840,0,0,0,0,-1.0,-70.0,0.9999999999999964,-1.0,source_hub_ultra_low_temperature_freezer,-69.0,-2.0,2.0,False,False,False,True,False,True,False,1,-0.2729805616741406,False
batch022,2020-12-01 08:00:00,"Kalamazoo, Michigan",source_hub,ultra_low_temperature_freezer,2,-71,-69,-70.0,95.0,840,0,0,0,2,2.0,-70.0,0.9999999999999964,1.0,source_hub_ultra_low_temperature_freezer,-69.0,0.0,0.0,False,False,False,True,False,True,False,1,-0.28622951597203966,False
batch022,2020-12-01 09:00:00,"Kalamazoo, Michigan",source_hub,ultra_low_temperature_freezer,2,-71,-71,-71.0,95.0,840,0,0,0,0,-2.0,-70.33333333333333,1.1547005383792495,-0.6666666666666714,source_hub_ultra_low_temperature_freezer,-69.0,-2.0,2.0,False,False,False,True,False,True,False,1,-0.25391798392491927,False
batch022,2020-12-01 10:00:00,"Kalamazoo, Michigan",source_hub,ultra_low_temperature_freezer,2,-69,-69,-69.0,95.0,840,0,0,0,0,2.0,-69.66666666666667,1.1547005383792495,0.6666666666666714,source_hub_ultra_low_temperature_freezer,-69.0,0.0,0.0,False,False,False,True,False,True,False,1,-0.2833759563273076,False
batch022,2020-12-01 11:00:00,"Shelbyville, Michigan",source_reefer_truck,ultra_low_temperature_freezer,2,-69,-69,-69.0,95.0,840,0,0,0,0,0.0,-69.66666666666667,1.1547005383792495,0.6666666666666714,source_reefer_truck_ultra_low_temperature_freezer,-69.0,0.0,0.0,False,False,False,False,True,True,False,1,-0.30077352229774074,False
batch022,2020-12-01 12:00:00,"Gerald R Ford International Airport, Michigan",source_air_cargo,ultra_low_temperature_freezer,2,-71,-69,-70.0,95.0,840,0,0,0,2,0.0,-69.0,0.0,0.0,source_air_cargo_ultra_low_temperature_freezer,-69.0,0.0,0.0,False,False,True,False,False,True,False,1,-0.32347017658240806,False
batch022,2020-12-01 13:00:00,"Gerald R Ford International Airport, Michigan",source_air_cargo,ultra_low_temperature_freezer,2,-71,-69,-70.0,95.0,840,0,0,0,2,0.0,-69.0,0.0,0.0,source_air_cargo_ultra_low_temperature_freezer,-69.0,0.0,0.0,False,False,True,False,False,True,False,1,-0.32347017658240806,False
batch022,2020-12-01 14:00:00,"Gerald R Ford International Airport, Michigan",source_air_cargo,ultra_low_temperature_freezer,2,-70,-69,-69.5,95.0,840,0,0,0,1,0.0,-69.0,0.0,0.0,source_air_cargo_ultra_low_temperature_freezer,-69.0,0.0,0.0,False,False,True,False,False,True,False,1,-0.33475665422096784,False
batch022,2020-12-01 15:00:00,Not Available,air_transit,ultra_low_temperature_freezer,1,-69,-69,-69.0,95.0,840,0,0,0,0,0.0,-69.0,0.0,0.0,air_transit_ultra_low_temperature_freezer,-69.0,0.0,0.0,True,False,False,False,False,True,False,1,-0.3095030546648811,False
batch022,2020-12-01 16:00:00,Not Available,air_transit,ultra_low_temperature_freezer,2,-71,-71,-71.0,95.0,840,0,0,0,0,-2.0,-69.66666666666667,1.1547005383792495,-1.3333333333333286,air_transit_ultra_low_temperature_freezer,-69.0,-2.0,2.0,True,False,False,False,False,True,False,1,-0.25084047606746596,False
batch022,2020-12-01 17:00:00,Not Available,air_transit,ultra_low_temperature_freezer,2,-69,-69,-69.0,95.0,840,0,0,0,0,2.0,-69.66666666666667,1.1547005383792495,0.6666666666666714,air_transit_ultra_low_temperature_freezer,-69.0,0.0,0.0,True,False,False,False,False,True,False,1,-0.2833759563273076,False
batch022,2020-12-01 18:00:00,Not Available,air_transit,ultra_low_temperature_freezer,2,-71,-70,-70.5,95.0,840,0,0,0,1,-1.0,-70.0,0.9999999999999964,0.0,air_transit_ultra_low_temperature_freezer,-69.0,-1.0,1.0,True,False,False,False,False,True,False,1,-0.311232224187819,False
batch022,2020-12-01 19:00:00,Not Available,air_transit,ultra_low_temperature_freezer,2,-71,-70,-70.5,95.0,840,0,0,0,1,0.0,-69.66666666666667,0.5773502691896186,-0.3333333333333286,air_transit_ultra_low_temperature_freezer,-69.0,-1.0,1.0,True,False,False,False,False,True,False,1,-0.33525916918763676,False
batch022,2020-12-01 20:00:00,Not Available,air_transit,ultra_low_temperature_freezer,2,-71,-69,-70.0,95.0,840,0,0,0,2,1.0,-69.66666666666667,0.5773502691896278,0.6666666666666714,air_transit_ultra_low_temperature_freezer,-69.0,0.0,0.0,True,False,False,False,False,True,False,1,-0.32792824345500965,False
batch022,2020-12-01 21:00:00,Not Available,air_transit,ultra_low_temperature_freezer,2,-71,-70,-70.5,95.0,840,0,0,0,1,-1.0,-69.66666666666667,0.5773502691896278,-0.3333333333333286,air_transit_ultra_low_temperature_freezer,-69.0,-1.0,1.0,True,False,False,False,False,True,False,1,-0.33196154391316973,False
batch022,2020-12-01 22:00:00,Not Available,air_transit,ultra_low_temperature_freezer,2,-70,-69,-69.5,95.0,840,0,0,0,1,1.0,-69.33333333333333,0.5773502691896278,0.3333333333333286,air_transit_ultra_low_temperature_freezer,-69.0,0.0,0.0,True,False,False,False,False,True,False,1,-0.3454540093428116,False
batch022,2020-12-01 23:00:00,Not Available,air_transit,ultra_low_temperature_freezer,2,-71,-69,-70.0,95.0,840,0,0,0,2,0.0,-69.33333333333333,0.5773502691896278,0.3333333333333286,air_transit_ultra_low_temperature_freezer,-69.0,0.0,0.0,True,False,False,False,False,True,False,1,-0.3377777300659409,False
batch022,2020-12-02 00:00:00,Not Available,air_transit,ultra_low_temperature_freezer,2,-70,-69,-69.5,95.0,840,0,0,0,1,0.0,-69.0,0.0,0.0,air_transit_ultra_low_temperature_freezer,-69.0,0.0,0.0,True,False,False,False,False,True,False,1,-0.33475665422096784,False
batch022,2020-12-02 01:00:00,Not Available,air_transit,ultra_low_temperature_freezer,2,-69,-69,-69.0,95.0,840,0,0,0,0,0.0,-69.0,0.0,0.0,air_transit_ultra_low_temperature_freezer,-69.0,0.0,0.0,True,False,False,False,False,True,False,1,-0.3095030546648811,False
batch022,2020-12-02 02:00:00,Not Available,air_transit,ultra_low_temperature_freezer,2,-70,-69,-69.5,95.0,840,0,0,0,1,0.0,-69.0,0.0,0.0,air_transit_ultra_low_temperature_freezer,-69.0,0.0,0.0,True,False,False,False,False,True,False,1,-0.33475665422096784,False
batch022,2020-12-02 03:00:00,Not Available,air_transit,ultra_low_temperature_freezer,2,-71,-70,-70.5,95.0,840,0,0,0,1,-1.0,-69.33333333333333,0.5773502691896278,-0.6666666666666714,air_transit_ultra_low_temperature_freezer,-69.0,-1.0,1.0,True,False,False,False,False,True,False,1,-0.32729167295734046,False
batch022,2020-12-02 04:00:00,Not Available,air_transit,ultra_low_temperature_freezer,2,-70,-70,-70.0,95.0,840,0,0,0,0,0.0,-69.66666666666667,0.5773502691896278,-0.3333333333333286,air_transit_ultra_low_temperature_freezer,-69.0,-1.0,1.0,True,False,False,False,False,True,False,1,-0.3252878340073377,False
batch022,2020-12-02 05:00:00,Not Available,air_transit,ultra_low_temperature_freezer,2,-70,-69,-69.5,95.0,840,0,0,0,1,1.0,-69.66666666666667,0.5773502691896278,0.6666666666666714,air_transit_ultra_low_temperature_freezer,-69.0,0.0,0.0,True,False,False,False,False,True,False,1,-0.3377481467080661,False
batch022,2020-12-02 06:00:00,Not Available,air_transit,ultra_low_temperature_freezer,2,-71,-70,-70.5,95.0,840,0,0,0,1,-1.0,-69.66666666666667,0.5773502691896278,-0.3333333333333286,air_transit_ultra_low_temperature_freezer,-69.0,-1.0,1.0,True,False,False,False,False,True,False,1,-0.33196154391316973,False
batch022,2020-12-02 07:00:00,Not Available,air_transit,ultra_low_temperature_freezer,2,-71,-69,-70.0,95.0,840,0,0,0,2,1.0,-69.33333333333333,0.5773502691896278,0.3333333333333286,air_transit_ultra_low_temperature_freezer,-69.0,0.0,0.0,True,False,False,False,False,True,False,1,-0.33732507397149486,False
batch022,2020-12-02 08:00:00,Not Available,air_transit,ultra_low_temperature_freezer,2,-71,-70,-70.5,95.0,840,0,0,0,1,-1.0,-69.66666666666667,0.5773502691896278,-0.3333333333333286,air_transit_ultra_low_temperature_freezer,-69.0,-1.0,1.0,True,False,False,False,False,True,False,1,-0.33196154391316973,False
batch022,2020-12-02 09:00:00,Not Available,air_transit,ultra_low_temperature_freezer,2,-70,-70,-70.0,95.0,840,0,0,0,0,0.0,-69.66666666666667,0.5773502691896278,-0.3333333333333286,air_transit_ultra_low_temperature_freezer,-69.0,-1.0,1.0,True,False,False,False,False,True,False,1,-0.3252878340073377,False
batch022,2020-12-02 10:00:00,Not Available,air_transit,ultra_low_temperature_freezer,2,-70,-69,-69.5,95.0,840,0,0,0,1,1.0,-69.66666666666667,0.5773502691896278,0.6666666666666714,air_transit_ultra_low_temperature_freezer,-69.0,0.0,0.0,True,False,False,False,False,True,False,1,-0.3377481467080661,False
batch022,2020-12-02 11:00:00,Not Available,air_transit,ultra_low_temperature_freezer,2,-71,-69,-70.0,95.0,840,0,0,0,2,0.0,-69.33333333333333,0.5773502691896278,0.3333333333333286,air_transit_ultra_low_temperature_freezer,-69.0,0.0,0.0,True,False,False,False,False,True,False,1,-0.3377777300659409,False
batch022,2020-12-02 12:00:00,Mumbai Airport,dest_air_cargo,ultra_low_temperature_freezer,2,-70,-67,-68.5,95.0,840,0,0,0,3,2.0,-68.33333333333333,1.1547005383792495,1.3333333333333286,dest_air_cargo_ultra_low_temperature_freezer,-67.0,0.0,0.0,False,True,False,False,False,True,False,1,-0.22776560548940877,False
batch022,2020-12-02 13:00:00,Mumbai Airport,dest_air_cargo,ultra_low_temperature_freezer,2,-69,-68,-68.5,95.0,840,0,0,0,1,-1.0,-68.0,0.9999999999999964,0.0,dest_air_cargo_ultra_low_temperature_freezer,-67.0,-1.0,1.0,False,True,False,False,False,True,False,1,-0.2893041465641433,False
batch022,2020-12-02 14:00:00,Mumbai Airport,dest_air_cargo,ultra_low_temperature_freezer,2,-66,-65,-65.5,95.0,840,0,0,0,1,3.0,-66.66666666666667,1.5275252316519463,1.6666666666666714,dest_air_cargo_ultra_low_temperature_freezer,-67.0,2.0,2.0,False,True,False,False,False,True,False,1,-0.1516214350166416,False
batch022,2020-12-02 15:00:00,Mumbai Airport,dest_air_cargo,ultra_low_temperature_freezer,2,-70,-69,-69.5,95.0,840,0,0,0,1,-4.0,-67.33333333333333,2.081665999466134,-1.6666666666666714,dest_air_cargo_ultra_low_temperature_freezer,-67.0,-2.0,2.0,False,True,False,False,False,True,False,1,-0.18853502434024605,False
batch022,2020-12-02 16:00:00,Mumbai Airport,dest_air_cargo,ultra_low_temperature_freezer,2,-68,-65,-66.5,95.0,840,0,0,0,3,4.0,-66.33333333333333,2.309401076758503,1.3333333333333286,dest_air_cargo_ultra_low_temperature_freezer,-67.0,2.0,2.0,False,True,False,False,False,True,False,1,-0.13019037322412363,False
batch022,2020-12-02 17:00:00,Mumbai Airport,dest_air_cargo,ultra_low_temperature_freezer,2,-69,-66,-67.5,95.0,840,0,0,0,3,-1.0,-66.66666666666667,2.081665999466134,0.6666666666666714,dest_air_cargo_ultra_low_temperature_freezer,-67.0,1.0,1.0,False,True,False,False,False,True,False,1,-0.18833025256069025,False
batch022,2020-12-02 18:00:00,Mumbai Airport,dest_air_cargo,vaccine_storage_unit,2,-65,-61,-63.0,92.5,839,1,0,0,4,5.0,-64.0,2.6457513110645934,3.0,dest_air_cargo_vaccine_storage_unit,7.0,-68.0,68.0,False,True,False,False,False,False,True,1,-0.01936813549053995,False
batch023,2021-02-01 01:00:00,"Kalamazoo, Michigan",source_hub,ultra_low_temperature_freezer,2,-71,-69,-70.0,95.0,840,0,0,0,2,0.0,-69.0,0.0,0.0,source_hub_ultra_low_temperature_freezer,-69.0,0.0,0.0,False,False,False,True,False,True,False,1,-0.32347017658240806,False
batch023,2021-02-01 02:00:00,"Kalamazoo, Michigan",source_hub,ultra_low_temperature_freezer,1,-69,-69,-69.0,95.0,840,0,0,0,0,0.0,-69.0,0.0,0.0,source_hub_ultra_low_temperature_freezer,-69.0,0.0,0.0,False,False,False,True,False,True,False,1,-0.3095030546648811,False
batch023,2021-02-01 03:00:00,"Kalamazoo, Michigan",source_hub,ultra_low_temperature_freezer,2,-71,-71,-71.0,95.0,840,0,0,0,0,-2.0,-69.66666666666667,1.1547005383792495,-1.3333333333333286,source_hub_ultra_low_temperature_freezer,-69.0,-2.0,2.0,False,False,False,True,False,True,False,1,-0.25084047606746596,False
batch023,2021-02-01 04:00:00,"Kalamazoo, Michigan",source_hub,ultra_low_temperature_freezer,2,-71,-71,-71.0,95.0,840,0,0,0,0,0.0,-70.33333333333333,1.1547005383792495,-0.6666666666666714,source_hub_ultra_low_temperature_freezer,-69.0,-2.0,2.0,False,False,False,True,False,True,False,1,-0.26116812312331905,False
batch023,2021-02-01 05:00:00,"Kalamazoo, Michigan",source_hub,ultra_low_temperature_freezer,2,-71,-70,-70.5,95.0,840,0,0,0,1,1.0,-70.66666666666667,0.5773502691896278,0.6666666666666714,source_hub_ultra_low_temperature_freezer,-69.0,-1.0,1.0,False,False,False,True,False,True,False,1,-0.2872363467248306,False
batch023,2021-02-01 06:00:00,"Kalamazoo, Michigan",source_hub,ultra_low_temperature_freezer,2,-71,-70,-70.5,95.0,840,0,0,0,1,0.0,-70.33333333333333,0.5773502691896278,0.3333333333333286,source_hub_ultra_low_temperature_freezer,-69.0,-1.0,1.0,False,False,False,True,False,True,False,1,-0.3148895309501774,False
batch023,2021-02-01 07:00:00,"Kalamazoo, Michigan",source_hub,ultra_low_temperature_freezer,2,-71,-70,-70.5,95.0,840,0,0,0,1,0.0,-70.0,0.0,0.0,source_hub_ultra_low_temperature_freezer,-69.0,-1.0,1.0,False,False,False,True,False,True,False,1,-0.3094352017660051,False
batch023,2021-02-01 08:00:00,"Kalamazoo, Michigan",source_hub,ultra_low_temperature_freezer,2,-71,-69,-70.0,95.0,840,0,0,0,2,1.0,-69.66666666666667,0.5773502691896278,0.6666666666666714,source_hub_ultra_low_temperature_freezer,-69.0,0.0,0.0,False,False,False,True,False,True,False,1,-0.32792824345500965,False
batch023,2021-02-01 09:00:00,"Kalamazoo, Michigan",source_hub,ultra_low_temperature_freezer,2,-71,-69,-70.0,95.0,840,0,0,0,2,0.0,-69.33333333333333,0.5773502691896278,0.3333333333333286,source_hub_ultra_low_temperature_freezer,-69.0,0.0,0.0,False,False,False,True,False,True,False,1,-0.3377777300659409,False
batch023,2021-02-01 10:00:00,"Kalamazoo, Michigan",source_hub,ultra_low_temperature_freezer,2,-70,-69,-69.5,95.0,840,0,0,0,1,0.0,-69.0,0.0,0.0,source_hub_ultra_low_temperature_freezer,-69.0,0.0,0.0,False,False,False,True,False,True,False,1,-0.33475665422096784,False
batch023,2021-02-01 11:00:00,"Shelbyville, Michigan",source_reefer_truck,ultra_low_temperature_freezer,2,-71,-69,-70.0,95.0,840,0,0,0,2,0.0,-69.0,0.0,0.0,source_reefer_truck_ultra_low_temperature_freezer,-69.0,0.0,0.0,False,False,False,False,True,True,False,1,-0.32347017658240806,False
batch023,2021-02-01 12:00:00,"Gerald R Ford International Airport, Michigan",source_air_cargo,ultra_low_temperature_freezer,2,-71,-69,-70.0,95.0,840,0,0,0,2,0.0,-69.0,0.0,0.0,source_air_cargo_ultra_low_temperature_freezer,-69.0,0.0,0.0,False,False,True,False,False,True,False,1,-0.32347017658240806,False
batch023,2021-02-01 13:00:00,"Gerald R Ford International Airport, Michigan",source_air_cargo,ultra_low_temperature_freezer,2,-71,-70,-70.5,95.0,840,0,0,0,1,-1.0,-69.33333333333333,0.5773502691896278,-0.6666666666666714,source_air_cargo_ultra_low_temperature_freezer,-69.0,-1.0,1.0,False,False,True,False,False,True,False,1,-0.32729167295734046,False
batch023,2021-02-01 14:00:00,"Gerald R Ford International Airport, Michigan",source_air_cargo,ultra_low_temperature_freezer,2,-70,-69,-69.5,95.0,840,0,0,0,1,1.0,-69.33333333333333,0.5773502691896278,0.3333333333333286,source_air_cargo_ultra_low_temperature_freezer,-69.0,0.0,0.0,False,False,True,False,False,True,False,1,-0.3454540093428116,False
batch023,2021-02-01 15:00:00,Not Available,air_transit,ultra_low_temperature_freezer,2,-70,-70,-70.0,95.0,840,0,0,0,0,-1.0,-69.66666666666667,0.5773502691896278,-0.3333333333333286,air_transit_ultra_low_temperature_freezer,-69.0,-1.0,1.0,True,False,False,False,False,True,False,1,-0.3229838430845815,False
batch023,2021-02-01 16:00:00,Not Available,air_transit,ultra_low_temperature_freezer,1,-69,-69,-69.0,95.0,840,0,0,0,0,1.0,-69.33333333333333,0.5773502691896278,0.3333333333333286,air_transit_ultra_low_temperature_freezer,-69.0,0.0,0.0,True,False,False,False,False,True,False,1,-0.31771943875511394,False
batch023,2021-02-01 17:00:00,Not Available,air_transit,ultra_low_temperature_freezer,1,-71,-71,-71.0,95.0,840,0,0,0,0,-2.0,-70.0,1.0000000000000018,-1.0,air_transit_ultra_low_temperature_freezer,-69.0,-2.0,2.0,True,False,False,False,False,True,False,1,-0.26414626126403745,False
batch023,2021-02-01 18:00:00,Not Available,air_transit,ultra_low_temperature_freezer,2,-71,-69,-70.0,95.0,840,0,0,0,2,2.0,-69.66666666666667,1.1547005383792541,0.6666666666666714,air_transit_ultra_low_temperature_freezer,-69.0,0.0,0.0,True,False,False,False,False,True,False,1,-0.3055378030308116,False
batch023,2021-02-01 19:00:00,Not Available,air_transit,ultra_low_temperature_freezer,2,-70,-70,-70.0,95.0,840,0,0,0,0,-1.0,-70.0,1.0000000000000018,0.0,air_transit_ultra_low_temperature_freezer,-69.0,-1.0,1.0,True,False,False,False,False,True,False,1,-0.3082804721418137,False
batch023,2021-02-01 20:00:00,Not Available,air_transit,ultra_low_temperature_freezer,2,-70,-69,-69.5,95.0,840,0,0,0,1,1.0,-69.33333333333333,0.5773502691896278,0.3333333333333286,air_transit_ultra_low_temperature_freezer,-69.0,0.0,0.0,True,False,False,False,False,True,False,1,-0.3454540093428116,False
batch023,2021-02-01 21:00:00,Not Available,air_transit,ultra_low_temperature_freezer,2,-70,-70,-70.0,95.0,840,0,0,0,0,-1.0,-69.66666666666667,0.5773502691896278,-0.3333333333333286,air_transit_ultra_low_temperature_freezer,-69.0,-1.0,1.0,True,False,False,False,False,True,False,1,-0.3229838430845815,False
batch023,2021-02-01 22:00:00,Not Available,air_transit,ultra_low_temperature_freezer,2,-71,-70,-70.5,95.0,840,0,0,0,1,0.0,-69.66666666666667,0.5773502691896278,-0.3333333333333286,air_transit_ultra_low_temperature_freezer,-69.0,-1.0,1.0,True,False,False,False,False,True,False,1,-0.33525916918763676,False
batch023,2021-02-01 23:00:00,Not Available,air_transit,ultra_low_temperature_freezer,2,-69,-69,-69.0,95.0,840,0,0,0,0,1.0,-69.66666666666667,0.5773502691896278,0.6666666666666714,air_transit_ultra_low_temperature_freezer,-69.0,0.0,0.0,True,False,False,False,False,True,False,1,-0.30777503122937655,False
batch023,2021-02-02 00:00:00,Not Available,air_transit,ultra_low_temperature_freezer,2,-71,-69,-70.0,95.0,840,0,0,0,2,0.0,-69.33333333333333,0.5773502691896278,0.3333333333333286,air_transit_ultra_low_temperature_freezer,-69.0,0.0,0.0,True,False,False,False,False,True,False,1,-0.3377777300659409,False
batch023,2021-02-02 01:00:00,Not Available,air_transit,ultra_low_temperature_freezer,2,-71,-70,-70.5,95.0,840,0,0,0,1,-1.0,-69.33333333333333,0.5773502691896278,-0.6666666666666714,air_transit_ultra_low_temperature_freezer,-69.0,-1.0,1.0,True,False,False,False,False,True,False,1,-0.32729167295734046,False
batch023,2021-02-02 02:00:00,Not Available,air_transit,ultra_low_temperature_freezer,2,-71,-69,-70.0,95.0,840,0,0,0,2,1.0,-69.33333333333333,0.5773502691896278,0.3333333333333286,air_transit_ultra_low_temperature_freezer,-69.0,0.0,0.0,True,False,False,False,False,True,False,1,-0.33732507397149486,False
batch023,2021-02-02 03:00:00,Not Available,air_transit,ultra_low_temperature_freezer,2,-70,-70,-70.0,95.0,840,0,0,0,0,-1.0,-69.66666666666667,0.5773502691896278,-0.3333333333333286,air_transit_ultra_low_temperature_freezer,-69.0,-1.0,1.0,True,False,False,False,False,True,False,1,-0.3229838430845815,False
batch023,2021-02-02 04:00:00,Not Available,air_transit,ultra_low_temperature_freezer,1,-71,-71,-71.0,95.0,840,0,0,0,0,-1.0,-70.0,1.0000000000000018,-1.0,air_transit_ultra_low_temperature_freezer,-69.0,-2.0,2.0,True,False,False,False,False,True,False,1,-0.2729805616741406,False
batch023,2021-02-02 05:00:00,Not Available,air_transit,ultra_low_temperature_freezer,2,-71,-69,-70.0,95.0,840,0,0,0,2,2.0,-70.0,1.0000000000000018,1.0,air_transit_ultra_low_temperature_freezer,-69.0,0.0,0.0,True,False,False,False,False,True,False,1,-0.28622951597203966,False
batch023,2021-02-02 06:00:00,Not Available,air_transit,ultra_low_temperature_freezer,2,-71,-71,-71.0,95.0,840,0,0,0,0,-2.0,-70.33333333333333,1.1547005383792541,-0.6666666666666714,air_transit_ultra_low_temperature_freezer,-69.0,-2.0,2.0,True,False,False,False,False,True,False,1,-0.25391798392491927,False
batch023,2021-02-02 07:00:00,Not Available,air_transit,ultra_low_temperature_freezer,1,-70,-70,-70.0,95.0,840,0,0,0,0,1.0,-70.0,1.0000000000000018,0.0,air_transit_ultra_low_temperature_freezer,-69.0,-1.0,1.0,True,False,False,False,False,True,False,1,-0.3096219286221211,False
batch023,2021-02-02 08:00:00,Not Available,air_transit,ultra_low_temperature_freezer,2,-70,-69,-69.5,95.0,840,0,0,0,1,1.0,-70.0,1.0000000000000018,1.0,air_transit_ultra_low_temperature_freezer,-69.0,0.0,0.0,True,False,False,False,False,True,False,1,-0.31410759089393764,False
batch023,2021-02-02 09:00:00,Not Available,air_transit,ultra_low_temperature_freezer,2,-70,-70,-70.0,95.0,840,0,0,0,0,-1.0,-69.66666666666667,0.5773502691896278,-0.3333333333333286,air_transit_ultra_low_temperature_freezer,-69.0,-1.0,1.0,True,False,False,False,False,True,False,1,-0.3229838430845815,False
batch023,2021-02-02 10:00:00,Not Available,air_transit,ultra_low_temperature_freezer,2,-71,-70,-70.5,95.0,840,0,0,0,1,0.0,-69.66666666666667,0.5773502691896278,-0.3333333333333286,air_transit_ultra_low_temperature_freezer,-69.0,-1.0,1.0,True,False,False,False,False,True,False,1,-0.33525916918763676,False
batch023,2021-02-02 11:00:00,Not Available,air_transit,ultra_low_temperature_freezer,2,-70,-69,-69.5,95.0,840,0,0,0,1,1.0,-69.66666666666667,0.5773502691896278,0.6666666666666714,air_transit_ultra_low_temperature_freezer,-69.0,0.0,0.0,True,False,False,False,False,True,False,1,-0.3377481467080661,False
batch023,2021-02-02 12:00:00,Mumbai Airport,dest_air_cargo,ultra_low_temperature_freezer,2,-68,-65,-66.5,95.0,840,0,0,0,3,4.0,-68.0,2.645751311064591,3.0,dest_air_cargo_ultra_low_temperature_freezer,-67.0,2.0,2.0,False,True,False,False,False,True,False,1,-0.12397031676827885,False
batch023,2021-02-02 13:00:00,Mumbai Airport,dest_air_cargo,ultra_low_temperature_freezer,2,-69,-68,-68.5,95.0,840,0,0,0,1,-3.0,-67.33333333333333,2.081665999466134,-0.6666666666666714,dest_air_cargo_ultra_low_temperature_freezer,-67.0,-1.0,1.0,False,True,False,False,False,True,False,1,-0.21798307111713444,False
batch023,2021-02-02 14:00:00,Mumbai Airport,dest_air_cargo,ultra_low_temperature_freezer,2,-69,-67,-68.0,95.0,840,0,0,0,2,1.0,-66.66666666666667,1.5275252316519463,-0.3333333333333286,dest_air_cargo_ultra_low_temperature_freezer,-67.0,0.0,0.0,False,True,False,False,False,True,False,1,-0.24411190117869896,False
batch023,2021-02-02 15:00:00,Mumbai Airport,dest_air_cargo,ultra_low_temperature_freezer,2,-70,-69,-69.5,95.0,840,0,0,0,1,-2.0,-68.0,0.9999999999999964,-1.0,dest_air_cargo_ultra_low_temperature_freezer,-67.0,-2.0,2.0,False,True,False,False,False,True,False,1,-0.24981142339780465,False
batch023,2021-02-02 16:00:00,Mumbai Airport,dest_air_cargo,ultra_low_temperature_freezer,2,-67,-65,-66.0,95.0,840,0,0,0,2,4.0,-67.0,1.9999999999999982,2.0,dest_air_cargo_ultra_low_temperature_freezer,-67.0,2.0,2.0,False,True,False,False,False,True,False,1,-0.13930751300978006,False
batch023,2021-02-02 17:00:00,Mumbai Airport,dest_air_cargo,ultra_low_temperature_freezer,1,-69,-69,-69.0,95.0,840,0,0,0,0,-4.0,-67.66666666666667,2.3094010767585007,-1.3333333333333286,dest_air_cargo_ultra_low_temperature_freezer,-67.0,-2.0,2.0,False,True,False,False,False,True,False,1,-0.18535491961522543,False
batch023,2021-02-02 18:00:00,Mumbai Airport,dest_air_cargo,vaccine_storage_unit,2,-64,-61,-62.5,92.5,839,1,0,0,3,8.0,-65.0,3.999999999999999,4.0,dest_air_cargo_vaccine_storage_unit,7.0,-68.0,68.0,False,True,False,False,False,False,True,1,-0.025254010521355452,False
batch024,2021-06-01 01:00:00,"Kalamazoo, Michigan",source_hub,ultra_low_temperature_freezer,2,-71,-69,-70.0,95.0,840,0,0,0,2,0.0,-69.0,0.0,0.0,source_hub_ultra_low_temperature_freezer,-69.0,0.0,0.0,False,False,False,True,False,True,False,1,-0.32347017658240806,False
batch024,2021-06-01 02:00:00,"Kalamazoo, Michigan",source_hub,ultra_low_temperature_freezer,2,-70,-69,-69.5,95.0,840,0,0,0,1,0.0,-69.0,0.0,0.0,source_hub_ultra_low_temperature_freezer,-69.0,0.0,0.0,False,False,False,True,False,True,False,1,-0.33475665422096784,False
batch024,2021-06-01 03:00:00,"Kalamazoo, Michigan",source_hub,ultra_low_temperature_freezer,1,-71,-71,-71.0,95.0,840,0,0,0,0,-2.0,-69.66666666666667,1.1547005383792495,-1.3333333333333286,source_hub_ultra_low_temperature_freezer,-69.0,-2.0,2.0,False,False,False,True,False,True,False,1,-0.25084047606746596,False
batch024,2021-06-01 04:00:00,"Kalamazoo, Michigan",source_hub,ultra_low_temperature_freezer,1,-70,-70,-70.0,95.0,840,0,0,0,0,1.0,-70.0,0.9999999999999964,0.0,source_hub_ultra_low_temperature_freezer,-69.0,-1.0,1.0,False,False,False,True,False,True,False,1,-0.3096219286221211,False
batch024,2021-06-01 05:00:00,"Kalamazoo, Michigan",source_hub,ultra_low_temperature_freezer,2,-70,-70,-70.0,95.0,840,0,0,0,0,0.0,-70.33333333333333,0.5773502691896186,0.3333333333333286,source_hub_ultra_low_temperature_freezer,-69.0,-1.0,1.0,False,False,False,True,False,True,False,1,-0.30969794928674554,False
batch024,2021-06-01 06:00:00,"Kalamazoo, Michigan",source_hub,ultra_low_temperature_freezer,1,-70,-70,-70.0,95.0,840,0,0,0,0,0.0,-70.0,0.0,0.0,source_hub_ultra_low_temperature_freezer,-69.0,-1.0,1.0,False,False,False,True,False,True,False,1,-0.3034958186116679,False
batch024,2021-06-01 07:00:00,"Kalamazoo, Michigan",source_hub,ultra_low_temperature_freezer,2,-70,-69,-69.5,95.0,840,0,0,0,1,1.0,-69.66666666666667,0.5773502691896278,0.6666666666666714,source_hub_ultra_low_temperature_freezer,-69.0,0.0,0.0,False,False,False,True,False,True,False,1,-0.3377481467080661,False
batch024,2021-06-01 08:00:00,"Kalamazoo, Michigan",source_hub,ultra_low_temperature_freezer,2,-71,-70,-70.5,95.0,840,0,0,0,1,-1.0,-69.66666666666667,0.5773502691896278,-0.3333333333333286,source_hub_ultra_low_temperature_freezer,-69.0,-1.0,1.0,False,False,False,True,False,True,False,1,-0.33196154391316973,False
batch024,2021-06-01 09:00:00,"Kalamazoo, Michigan",source_hub,ultra_low_temperature_freezer,2,-70,-69,-69.5,95.0,840,0,0,0,1,1.0,-69.33333333333333,0.5773502691896278,0.3333333333333286,source_hub_ultra_low_temperature_freezer,-69.0,0.0,0.0,False,False,False,True,False,True,False,1,-0.3454540093428116,False
batch024,2021-06-01 10:00:00,"Kalamazoo, Michigan",source_hub,ultra_low_temperature_freezer,2,-71,-69,-70.0,95.0,840,0,0,0,2,0.0,-69.33333333333333,0.5773502691896278,0.3333333333333286,source_hub_ultra_low_temperature_freezer,-69.0,0.0,0.0,False,False,False,True,False,True,False,1,-0.3377777300659409,False
batch024,2021-06-01 11:00:00,"Shelbyville, Michigan",source_reefer_truck,ultra_low_temperature_freezer,2,-71,-70,-70.5,95.0,840,0,0,0,1,-1.0,-69.33333333333333,0.5773502691896278,-0.6666666666666714,source_reefer_truck_ultra_low_temperature_freezer,-69.0,-1.0,1.0,False,False,False,False,True,True,False,1,-0.32729167295734046,False
batch024,2021-06-01 12:00:00,"Gerald R Ford International Airport, Michigan",source_air_cargo,ultra_low_temperature_freezer,1,-70,-70,-70.0,95.0,840,0,0,0,0,0.0,-69.66666666666667,0.5773502691896278,-0.3333333333333286,source_air_cargo_ultra_low_temperature_freezer,-69.0,-1.0,1.0,False,False,True,False,False,True,False,1,-0.3252878340073377,False
batch024,2021-06-01 13:00:00,"Gerald R Ford International Airport, Michigan",source_air_cargo,ultra_low_temperature_freezer,2,-70,-69,-69.5,95.0,840,0,0,0,1,1.0,-69.66666666666667,0.5773502691896278,0.6666666666666714,source_air_cargo_ultra_low_temperature_freezer,-69.0,0.0,0.0,False,False,True,False,False,True,False,1,-0.3377481467080661,False
batch024,2021-06-01 14:00:00,"Gerald R Ford International Airport, Michigan",source_air_cargo,ultra_low_temperature_freezer,2,-71,-69,-70.0,95.0,840,0,0,0,2,0.0,-69.33333333333333,0.5773502691896278,0.3333333333333286,source_air_cargo_ultra_low_temperature_freezer,-69.0,0.0,0.0,False,False,True,False,False,True,False,1,-0.3377777300659409,False
batch024,2021-06-01 15:00:00,Not Available,air_transit,ultra_low_temperature_freezer,2,-71,-70,-70.5,95.0,840,0,0,0,1,-1.0,-69.33333333333333,0.5773502691896278,-0.6666666666666714,air_transit_ultra_low_temperature_freezer,-69.0,-1.0,1.0,True,False,False,False,False,True,False,1,-0.32729167295734046,False
batch024,2021-06-01 16:00:00,Not Available,air_transit,ultra_low_temperature_freezer,2,-71,-70,-70.5,95.0,840,0,0,0,1,0.0,-69.66666666666667,0.5773502691896278,-0.3333333333333286,air_transit_ultra_low_temperature_freezer,-69.0,-1.0,1.0,True,False,False,False,False,True,False,1,-0.33525916918763676,False
batch024,2021-06-01 17:00:00,Not Available,air_transit,ultra_low_temperature_freezer,2,-71,-70,-70.5,95.0,840,0,0,0,1,0.0,-70.0,0.0,0.0,air_transit_ultra_low_temperature_freezer,-69.0,-1.0,1.0,True,False,False,False,False,True,False,1,-0.3094352017660051,False
batch024,2021-06-01 18:00:00,Not Available,air_transit,ultra_low_temperature_freezer,2,-71,-69,-70.0,95.0,840,0,0,0,2,1.0,-69.66666666666667,0.5773502691896278,0.6666666666666714,air_transit_ultra_low_temperature_freezer,-69.0,0.0,0.0,True,False,False,False,False,True,False,1,-0.32792824345500965,False
batch024,2021-06-01 19:00:00,Not Available,air_transit,ultra_low_temperature_freezer,2,-70,-70,-70.0,95.0,840,0,0,0,0,-1.0,-69.66666666666667,0.5773502691896278,-0.3333333333333286,air_transit_ultra_low_temperature_freezer,-69.0,-1.0,1.0,True,False,False,False,False,True,False,1,-0.3229838430845815,False
batch024,2021-06-01 20:00:00,Not Available,air_transit,ultra_low_temperature_freezer,2,-71,-70,-70.5,95.0,840,0,0,0,1,0.0,-69.66666666666667,0.5773502691896278,-0.3333333333333286,air_transit_ultra_low_temperature_freezer,-69.0,-1.0,1.0,True,False,False,False,False,True,False,1,-0.33525916918763676,False
batch024,2021-06-01 21:00:00,Not Available,air_transit,ultra_low_temperature_freezer,2,-71,-70,-70.5,95.0,840,0,0,0,1,0.0,-70.0,0.0,0.0,air_transit_ultra_low_temperature_freezer,-69.0,-1.0,1.0,True,False,False,False,False,True,False,1,-0.3094352017660051,False
batch024,2021-06-01 22:00:00,Not Available,air_transit,ultra_low_temperature_freezer,1,-69,-69,-69.0,95.0,840,0,0,0,0,1.0,-69.66666666666667,0.5773502691896278,0.6666666666666714,air_transit_ultra_low_temperature_freezer,-69.0,0.0,0.0,True,False,False,False,False,True,False,1,-0.30777503122937655,False
batch024,2021-06-01 23:00:00,Not Available,air_transit,ultra_low_temperature_freezer,1,-71,-71,-71.0,95.0,840,0,0,0,0,-2.0,-70.0,1.0000000000000018,-1.0,air_transit_ultra_low_temperature_freezer,-69.0,-2.0,2.0,True,False,False,False,False,True,False,1,-0.26414626126403745,False
batch024,2021-06-02 00:00:00,Not Available,air_transit,ultra_low_temperature_freezer,2,-71,-71,-71.0,95.0,840,0,0,0,0,0.0,-70.33333333333333,1.1547005383792541,-0.6666666666666714,air_transit_ultra_low_temperature_freezer,-69.0,-2.0,2.0,True,False,False,False,False,True,False,1,-0.26116812312331905,False
batch024,2021-06-02 01:00:00,Not Available,air_transit,ultra_low_temperature_freezer,2,-71,-70,-70.5,95.0,840,0,0,0,1,1.0,-70.66666666666667,0.5773502691896278,0.6666666666666714,air_transit_ultra_low_temperature_freezer,-69.0,-1.0,1.0,True,False,False,False,False,True,False,1,-0.2872363467248306,False
batch024,2021-06-02 02:00:00,Not Available,air_transit,ultra_low_temperature_freezer,2,-71,-69,-70.0,95.0,840,0,0,0,2,1.0,-70.0,1.0000000000000018,1.0,air_transit_ultra_low_temperature_freezer,-69.0,0.0,0.0,True,False,False,False,False,True,False,1,-0.30099347556636524,False
batch024,2021-06-02 03:00:00,Not Available,air_transit,ultra_low_temperature_freezer,1,-69,-69,-69.0,95.0,840,0,0,0,0,0.0,-69.33333333333333,0.5773502691896278,0.3333333333333286,air_transit_ultra_low_temperature_freezer,-69.0,0.0,0.0,True,False,False,False,False,True,False,1,-0.3203255405191535,False
batch024,2021-06-02 04:00:00,Not Available,air_transit,ultra_low_temperature_freezer,2,-70,-70,-70.0,95.0,840,0,0,0,0,-1.0,-69.33333333333333,0.5773502691896278,-0.6666666666666714,air_transit_ultra_low_temperature_freezer,-69.0,-1.0,1.0,True,False,False,False,False,True,False,1,-0.3120144503403306,False
batch024,2021-06-02 05:00:00,Not Available,air_transit,ultra_low_temperature_freezer,1,-70,-70,-70.0,95.0,840,0,0,0,0,0.0,-69.66666666666667,0.5773502691896278,-0.3333333333333286,air_transit_ultra_low_temperature_freezer,-69.0,-1.0,1.0,True,False,False,False,False,True,False,1,-0.3252878340073377,False
batch024,2021-06-02 06:00:00,Not Available,air_transit,ultra_low_temperature_freezer,2,-70,-69,-69.5,95.0,840,0,0,0,1,1.0,-69.66666666666667,0.5773502691896278,0.6666666666666714,air_transit_ultra_low_temperature_freezer,-69.0,0.0,0.0,True,False,False,False,False,True,False,1,-0.3377481467080661,False
batch024,2021-06-02 07:00:00,Not Available,air_transit,ultra_low_temperature_freezer,1,-71,-71,-71.0,95.0,840,0,0,0,0,-2.0,-70.0,1.0000000000000018,-1.0,air_transit_ultra_low_temperature_freezer,-69.0,-2.0,2.0,True,False,False,False,False,True,False,1,-0.26414626126403745,False
batch024,2021-06-02 08:00:00,Delhi Airport,dest_air_cargo,ultra_low_temperature_freezer,2,-70,-69,-69.5,95.0,840,0,0,0,1,2.0,-69.66666666666667,1.1547005383792541,0.6666666666666714,dest_air_cargo_ultra_low_temperature_freezer,-67.0,-2.0,2.0,False,True,False,False,False,True,False,1,-0.2742107269926395,False
batch024,2021-06-02 09:00:00,Delhi Airport,dest_air_cargo,ultra_low_temperature_freezer,1,-69,-69,-69.0,95.0,840,0,0,0,0,0.0,-69.66666666666667,1.1547005383792541,0.6666666666666714,dest_air_cargo_ultra_low_temperature_freezer,-67.0,-2.0,2.0,False,True,False,False,False,True,False,1,-0.26934439877792005,False
batch024,2021-06-02 10:00:00,Delhi Airport,dest_air_cargo,ultra_low_temperature_freezer,2,-70,-69,-69.5,95.0,840,0,0,0,1,0.0,-69.0,0.0,0.0,dest_air_cargo_ultra_low_temperature_freezer,-67.0,-2.0,2.0,False,True,False,False,False,True,False,1,-0.28170795946700944,False
batch024,2021-06-02 11:00:00,Delhi Airport,dest_air_cargo,ultra_low_temperature_freezer,1,-71,-71,-71.0,95.0,840,0,0,0,0,-2.0,-69.66666666666667,1.1547005383792495,-1.3333333333333286,dest_air_cargo_ultra_low_temperature_freezer,-67.0,-4.0,4.0,False,True,False,False,False,True,False,1,-0.1747489106787421,False
batch024,2021-06-02 12:00:00,Delhi Airport,dest_air_cargo,ultra_low_temperature_freezer,1,-70,-70,-70.0,95.0,840,0,0,0,0,1.0,-70.0,0.9999999999999964,0.0,dest_air_cargo_ultra_low_temperature_freezer,-67.0,-3.0,3.0,False,True,False,False,False,True,False,1,-0.2324454469931876,False
batch024,2021-06-02 13:00:00,Delhi Airport,dest_air_cargo,ultra_low_temperature_freezer,2,-71,-70,-70.5,95.0,840,0,0,0,1,0.0,-70.33333333333333,0.5773502691896186,0.3333333333333286,dest_air_cargo_ultra_low_temperature_freezer,-67.0,-3.0,3.0,False,True,False,False,False,True,False,1,-0.23589539760214306,False
batch024,2021-06-02 14:00:00,Delhi Airport,dest_air_cargo,vaccine_storage_unit,2,-63,-62,-62.5,92.5,839,1,0,0,1,8.0,-67.33333333333333,4.618802153517004,5.333333333333329,dest_air_cargo_vaccine_storage_unit,7.0,-69.0,69.0,False,True,False,False,False,False,True,1,-0.023670609273732546,False
batch025,2021-07-01 01:00:00,"Kalamazoo, Michigan",source_hub,ultra_low_temperature_freezer,2,-71,-71,-71.0,95.0,840,0,0,0,0,0.0,-71.0,0.0,0.0,source_hub_ultra_low_temperature_freezer,-69.0,-2.0,2.0,False,False,False,True,False,True,False,1,-0.2108952170182064,False
batch025,2021-07-01 02:00:00,"Kalamazoo, Michigan",source_hub,ultra_low_temperature_freezer,2,-71,-69,-70.0,95.0,840,0,0,0,2,2.0,-70.0,1.4142135623730951,1.0,source_hub_ultra_low_temperature_freezer,-69.0,0.0,0.0,False,False,False,True,False,True,False,1,-0.27555458081110007,False
batch025,2021-07-01 03:00:00,"Kalamazoo, Michigan",source_hub,ultra_low_temperature_freezer,1,-70,-70,-70.0,95.0,840,0,0,0,0,-1.0,-70.0,1.0,0.0,source_hub_ultra_low_temperature_freezer,-69.0,-1.0,1.0,False,False,False,True,False,True,False,1,-0.3082804721418137,False
batch025,2021-07-01 04:00:00,"Kalamazoo, Michigan",source_hub,ultra_low_temperature_freezer,2,-70,-70,-70.0,95.0,840,0,0,0,0,0.0,-69.66666666666667,0.5773502691896247,-0.3333333333333286,source_hub_ultra_low_temperature_freezer,-69.0,-1.0,1.0,False,False,False,True,False,True,False,1,-0.3252878340073377,False
batch025,2021-07-01 05:00:00,"Kalamazoo, Michigan",source_hub,ultra_low_temperature_freezer,2,-70,-69,-69.5,95.0,840,0,0,0,1,1.0,-69.66666666666667,0.5773502691896278,0.6666666666666714,source_hub_ultra_low_temperature_freezer,-69.0,0.0,0.0,False,False,False,True,False,True,False,1,-0.3377481467080661,False
batch025,2021-07-01 06:00:00,"Kalamazoo, Michigan",source_hub,ultra_low_temperature_freezer,2,-69,-69,-69.0,95.0,840,0,0,0,0,0.0,-69.33333333333333,0.5773502691896278,0.3333333333333286,source_hub_ultra_low_temperature_freezer,-69.0,0.0,0.0,False,False,False,True,False,True,False,1,-0.3203255405191535,False
batch025,2021-07-01 07:00:00,"Kalamazoo, Michigan",source_hub,ultra_low_temperature_freezer,2,-70,-69,-69.5,95.0,840,0,0,0,1,0.0,-69.0,0.0,0.0,source_hub_ultra_low_temperature_freezer,-69.0,0.0,0.0,False,False,False,True,False,True,False,1,-0.33475665422096784,False
batch025,2021-07-01 08:00:00,"Kalamazoo, Michigan",source_hub,ultra_low_temperature_freezer,2,-70,-69,-69.5,95.0,840,0,0,0,1,0.0,-69.0,0.0,0.0,source_hub_ultra_low_temperature_freezer,-69.0,0.0,0.0,False,False,False,True,False,True,False,1,-0.33475665422096784,False
batch025,2021-07-01 09:00:00,"Kalamazoo, Michigan",source_hub,ultra_low_temperature_freezer,1,-71,-71,-71.0,95.0,840,0,0,0,0,-2.0,-69.66666666666667,1.1547005383792495,-1.3333333333333286,source_hub_ultra_low_temperature_freezer,-69.0,-2.0,2.0,False,False,False,True,False,True,False,1,-0.25084047606746596,False
batch025,2021-07-01 10:00:00,"Kalamazoo, Michigan",source_hub,ultra_low_temperature_freezer,2,-71,-69,-70.0,95.0,840,0,0,0,2,2.0,-69.66666666666667,1.1547005383792495,0.6666666666666714,source_hub_ultra_low_temperature_freezer,-69.0,0.0,0.0,False,False,False,True,False,True,False,1,-0.3055378030308116,False
batch025,2021-07-01 11:00:00,"Shelbyville, Michigan",source_reefer_truck,ultra_low_temperature_freezer,2,-71,-70,-70.5,95.0,840,0,0,0,1,-1.0,-70.0,0.9999999999999964,0.0,source_reefer_truck_ultra_low_temperature_freezer,-69.0,-1.0,1.0,False,False,False,False,True,True,False,1,-0.311232224187819,False
batch025,2021-07-01 12:00:00,"Gerald R Ford International Airport, Michigan",source_air_cargo,ultra_low_temperature_freezer,1,-69,-69,-69.0,95.0,840,0,0,0,0,1.0,-69.33333333333333,0.5773502691896186,0.3333333333333286,source_air_cargo_ultra_low_temperature_freezer,-69.0,0.0,0.0,False,False,True,False,False,True,False,1,-0.31771943875511394,False
batch025,2021-07-01 13:00:00,"Gerald R Ford International Airport, Michigan",source_air_cargo,ultra_low_temperature_freezer,2,-71,-69,-70.0,95.0,840,0,0,0,2,0.0,-69.33333333333333,0.5773502691896186,0.3333333333333286,source_air_cargo_ultra_low_temperature_freezer,-69.0,0.0,0.0,False,False,True,False,False,True,False,1,-0.3377777300659409,False
batch025,2021-07-01 14:00:00,"Gerald R Ford International Airport, Michigan",source_air_cargo,ultra_low_temperature_freezer,2,-71,-69,-70.0,95.0,840,0,0,0,2,0.0,-69.0,0.0,0.0,source_air_cargo_ultra_low_temperature_freezer,-69.0,0.0,0.0,False,False,True,False,False,True,False,1,-0.32347017658240806,False
batch025,2021-07-01 15:00:00,Not Available,air_transit,ultra_low_temperature_freezer,2,-71,-71,-71.0,95.0,840,0,0,0,0,-2.0,-69.66666666666667,1.1547005383792495,-1.3333333333333286,air_transit_ultra_low_temperature_freezer,-69.0,-2.0,2.0,True,False,False,False,False,True,False,1,-0.25084047606746596,False
batch025,2021-07-01 16:00:00,Not Available,air_transit,ultra_low_temperature_freezer,2,-70,-69,-69.5,95.0,840,0,0,0,1,2.0,-69.66666666666667,1.1547005383792495,0.6666666666666714,air_transit_ultra_low_temperature_freezer,-69.0,0.0,0.0,True,False,False,False,False,True,False,1,-0.3159314373617168,False
batch025,2021-07-01 17:00:00,Not Available,air_transit,ultra_low_temperature_freezer,2,-70,-69,-69.5,95.0,840,0,0,0,1,0.0,-69.66666666666667,1.1547005383792495,0.6666666666666714,air_transit_ultra_low_temperature_freezer,-69.0,0.0,0.0,True,False,False,False,False,True,False,1,-0.33243127773137215,False
batch025,2021-07-01 18:00:00,Not Available,air_transit,ultra_low_temperature_freezer,2,-71,-70,-70.5,95.0,840,0,0,0,1,-1.0,-69.33333333333333,0.5773502691896278,-0.6666666666666714,air_transit_ultra_low_temperature_freezer,-69.0,-1.0,1.0,True,False,False,False,False,True,False,1,-0.32729167295734046,False
batch025,2021-07-01 19:00:00,Not Available,air_transit,ultra_low_temperature_freezer,2,-71,-71,-71.0,95.0,840,0,0,0,0,-1.0,-70.0,1.0000000000000018,-1.0,air_transit_ultra_low_temperature_freezer,-69.0,-2.0,2.0,True,False,False,False,False,True,False,1,-0.2729805616741406,False
batch025,2021-07-01 20:00:00,Not Available,air_transit,ultra_low_temperature_freezer,2,-70,-69,-69.5,95.0,840,0,0,0,1,2.0,-70.0,1.0000000000000018,1.0,air_transit_ultra_low_temperature_freezer,-69.0,0.0,0.0,True,False,False,False,False,True,False,1,-0.29710981485308285,False
batch025,2021-07-01 21:00:00,Not Available,air_transit,ultra_low_temperature_freezer,2,-71,-70,-70.5,95.0,840,0,0,0,1,-1.0,-70.0,1.0000000000000018,0.0,air_transit_ultra_low_temperature_freezer,-69.0,-1.0,1.0,True,False,False,False,False,True,False,1,-0.311232224187819,False
batch025,2021-07-01 22:00:00,Not Available,air_transit,ultra_low_temperature_freezer,2,-70,-69,-69.5,95.0,840,0,0,0,1,1.0,-69.33333333333333,0.5773502691896278,0.3333333333333286,air_transit_ultra_low_temperature_freezer,-69.0,0.0,0.0,True,False,False,False,False,True,False,1,-0.3454540093428116,False
batch025,2021-07-01 23:00:00,Not Available,air_transit,ultra_low_temperature_freezer,2,-70,-70,-70.0,95.0,840,0,0,0,0,-1.0,-69.66666666666667,0.5773502691896278,-0.3333333333333286,air_transit_ultra_low_temperature_freezer,-69.0,-1.0,1.0,True,False,False,False,False,True,False,1,-0.3229838430845815,False
batch025,2021-07-02 00:00:00,Not Available,air_transit,ultra_low_temperature_freezer,2,-70,-69,-69.5,95.0,840,0,0,0,1,1.0,-69.33333333333333,0.5773502691896278,0.3333333333333286,air_transit_ultra_low_temperature_freezer,-69.0,0.0,0.0,True,False,False,False,False,True,False,1,-0.3454540093428116,False
batch025,2021-07-02 01:00:00,Not Available,air_transit,ultra_low_temperature_freezer,2,-71,-71,-71.0,95.0,840,0,0,0,0,-2.0,-70.0,1.0000000000000018,-1.0,air_transit_ultra_low_temperature_freezer,-69.0,-2.0,2.0,True,False,False,False,False,True,False,1,-0.26414626126403745,False
batch025,2021-07-02 02:00:00,Not Available,air_transit,ultra_low_temperature_freezer,2,-70,-70,-70.0,95.0,840,0,0,0,0,1.0,-70.0,1.0000000000000018,0.0,air_transit_ultra_low_temperature_freezer,-69.0,-1.0,1.0,True,False,False,False,False,True,False,1,-0.3096219286221211,False
batch025,2021-07-02 03:00:00,Not Available,air_transit,ultra_low_temperature_freezer,2,-69,-69,-69.0,95.0,840,0,0,0,0,1.0,-70.0,1.0000000000000018,1.0,air_transit_ultra_low_temperature_freezer,-69.0,0.0,0.0,True,False,False,False,False,True,False,1,-0.28432191032709697,False
batch025,2021-07-02 04:00:00,Not Available,air_transit,ultra_low_temperature_freezer,2,-70,-69,-69.5,95.0,840,0,0,0,1,0.0,-69.33333333333333,0.5773502691896278,0.3333333333333286,air_transit_ultra_low_temperature_freezer,-69.0,0.0,0.0,True,False,False,False,False,True,False,1,-0.3491669960712361,False
batch025,2021-07-02 05:00:00,Not Available,air_transit,ultra_low_temperature_freezer,2,-70,-69,-69.5,95.0,840,0,0,0,1,0.0,-69.0,0.0,0.0,air_transit_ultra_low_temperature_freezer,-69.0,0.0,0.0,True,False,False,False,False,True,False,1,-0.33475665422096784,False
batch025,2021-07-02 06:00:00,Not Available,air_transit,ultra_low_temperature_freezer,2,-71,-69,-70.0,95.0,840,0,0,0,2,0.0,-69.0,0.0,0.0,air_transit_ultra_low_temperature_freezer,-69.0,0.0,0.0,True,False,False,False,False,True,False,1,-0.32347017658240806,False
batch025,2021-07-02 07:00:00,Not Available,air_transit,ultra_low_temperature_freezer,2,-71,-70,-70.5,95.0,840,0,0,0,1,-1.0,-69.33333333333333,0.5773502691896278,-0.6666666666666714,air_transit_ultra_low_temperature_freezer,-69.0,-1.0,1.0,True,False,False,False,False,True,False,1,-0.32729167295734046,False
batch025,2021-07-02 08:00:00,Not Available,air_transit,ultra_low_temperature_freezer,2,-71,-70,-70.5,95.0,840,0,0,0,1,0.0,-69.66666666666667,0.5773502691896278,-0.3333333333333286,air_transit_ultra_low_temperature_freezer,-69.0,-1.0,1.0,True,False,False,False,False,True,False,1,-0.33525916918763676,False
batch025,2021-07-02 09:00:00,Not Available,air_transit,ultra_low_temperature_freezer,2,-71,-70,-70.5,95.0,840,0,0,0,1,0.0,-70.0,0.0,0.0,air_transit_ultra_low_temperature_freezer,-69.0,-1.0,1.0,True,False,False,False,False,True,False,1,-0.3094352017660051,False
batch025,2021-07-02 10:00:00,Not Available,air_transit,ultra_low_temperature_freezer,1,-71,-71,-71.0,95.0,840,0,0,0,0,-1.0,-70.33333333333333,0.5773502691896278,-0.6666666666666714,air_transit_ultra_low_temperature_freezer,-69.0,-2.0,2.0,True,False,False,False,False,True,False,1,-0.2648274617561135,False
batch025,2021-07-02 11:00:00,Not Available,air_transit,ultra_low_temperature_freezer,2,-70,-70,-70.0,95.0,840,0,0,0,0,1.0,-70.33333333333333,0.5773502691896278,0.3333333333333286,air_transit_ultra_low_temperature_freezer,-69.0,-1.0,1.0,True,False,False,False,False,True,False,1,-0.304727573939593,False
batch025,2021-07-02 12:00:00,Delhi Airport,dest_air_cargo,ultra_low_temperature_freezer,2,-67,-66,-66.5,95.0,840,0,0,0,1,4.0,-69.0,2.645751311064591,3.0,dest_air_cargo_ultra_low_temperature_freezer,-67.0,1.0,1.0,False,True,False,False,False,True,False,1,-0.14524047252299688,False
batch025,2021-07-02 13:00:00,Delhi Airport,dest_air_cargo,ultra_low_temperature_freezer,2,-69,-68,-68.5,95.0,840,0,0,0,1,-2.0,-68.0,2.000000000000001,0.0,dest_air_cargo_ultra_low_temperature_freezer,-67.0,-1.0,1.0,False,True,False,False,False,True,False,1,-0.23748525999120346,False
batch025,2021-07-02 14:00:00,Delhi Airport,dest_air_cargo,ultra_low_temperature_freezer,2,-69,-66,-67.5,95.0,840,0,0,0,3,2.0,-66.66666666666667,1.1547005383792541,0.6666666666666714,dest_air_cargo_ultra_low_temperature_freezer,-67.0,1.0,1.0,False,True,False,False,False,True,False,1,-0.2150287557109023,False
batch025,2021-07-02 15:00:00,Delhi Airport,dest_air_cargo,ultra_low_temperature_freezer,2,-66,-65,-65.5,95.0,840,0,0,0,1,1.0,-66.33333333333333,1.5275252316519463,1.3333333333333286,dest_air_cargo_ultra_low_temperature_freezer,-67.0,2.0,2.0,False,True,False,False,False,True,False,1,-0.1614040465790214,False
batch025,2021-07-02 16:00:00,Delhi Airport,dest_air_cargo,ultra_low_temperature_freezer,2,-69,-68,-68.5,95.0,840,0,0,0,1,-3.0,-66.33333333333333,1.5275252316519463,-1.6666666666666714,dest_air_cargo_ultra_low_temperature_freezer,-67.0,-1.0,1.0,False,True,False,False,False,True,False,1,-0.19234887277446022,False
batch025,2021-07-02 17:00:00,Delhi Airport,dest_air_cargo,ultra_low_temperature_freezer,2,-70,-69,-69.5,95.0,840,0,0,0,1,-1.0,-67.33333333333333,2.081665999466134,-1.6666666666666714,dest_air_cargo_ultra_low_temperature_freezer,-67.0,-2.0,2.0,False,True,False,False,False,True,False,1,-0.2098099194248958,False
batch025,2021-07-02 18:00:00,Delhi Airport,dest_air_cargo,vaccine_storage_unit,2,-63,-62,-62.5,92.5,839,1,0,0,1,7.0,-66.33333333333333,3.7859388972001824,4.333333333333329,dest_air_cargo_vaccine_storage_unit,7.0,-69.0,69.0,False,True,False,False,False,False,True,1,-0.02234329069005525,False
batch026,2021-08-01 01:00:00,"Kalamazoo, Michigan",source_hub,ultra_low_temperature_freezer,2,-71,-70,-70.5,95.0,840,0,0,0,1,0.0,-70.0,0.0,0.0,source_hub_ultra_low_temperature_freezer,-69.0,-1.0,1.0,False,False,False,True,False,True,False,1,-0.3094352017660051,False
batch026,2021-08-01 02:00:00,"Kalamazoo, Michigan",source_hub,ultra_low_temperature_freezer,2,-71,-69,-70.0,95.0,840,0,0,0,2,1.0,-69.5,0.7071067811865476,0.5,source_hub_ultra_low_temperature_freezer,-69.0,0.0,0.0,False,False,False,True,False,True,False,1,-0.3261860710233632,False
batch026,2021-08-01 03:00:00,"Kalamazoo, Michigan",source_hub,ultra_low_temperature_freezer,2,-70,-69,-69.5,95.0,840,0,0,0,1,0.0,-69.33333333333333,0.5773502691896247,0.3333333333333286,source_hub_ultra_low_temperature_freezer,-69.0,0.0,0.0,False,False,False,True,False,True,False,1,-0.3491669960712361,False
batch026,2021-08-01 04:00:00,"Kalamazoo, Michigan",source_hub,ultra_low_temperature_freezer,2,-71,-69,-70.0,95.0,840,0,0,0,2,0.0,-69.0,0.0,0.0,source_hub_ultra_low_temperature_freezer,-69.0,0.0,0.0,False,False,False,True,False,True,False,1,-0.32347017658240806,False
batch026,2021-08-01 05:00:00,"Kalamazoo, Michigan",source_hub,ultra_low_temperature_freezer,2,-71,-70,-70.5,95.0,840,0,0,0,1,-1.0,-69.33333333333333,0.5773502691896278,-0.6666666666666714,source_hub_ultra_low_temperature_freezer,-69.0,-1.0,1.0,False,False,False,True,False,True,False,1,-0.32729167295734046,False
batch026,2021-08-01 06:00:00,"Kalamazoo, Michigan",source_hub,ultra_low_temperature_freezer,2,-71,-69,-70.0,95.0,840,0,0,0,2,1.0,-69.33333333333333,0.5773502691896278,0.3333333333333286,source_hub_ultra_low_temperature_freezer,-69.0,0.0,0.0,False,False,False,True,False,True,False,1,-0.33732507397149486,False
batch026,2021-08-01 07:00:00,"Kalamazoo, Michigan",source_hub,ultra_low_temperature_freezer,2,-71,-69,-70.0,95.0,840,0,0,0,2,0.0,-69.33333333333333,0.5773502691896278,0.3333333333333286,source_hub_ultra_low_temperature_freezer,-69.0,0.0,0.0,False,False,False,True,False,True,False,1,-0.3377777300659409,False
batch026,2021-08-01 08:00:00,"Kalamazoo, Michigan",source_hub,ultra_low_temperature_freezer,2,-70,-69,-69.5,95.0,840,0,0,0,1,0.0,-69.0,0.0,0.0,source_hub_ultra_low_temperature_freezer,-69.0,0.0,0.0,False,False,False,True,False,True,False,1,-0.33475665422096784,False
batch026,2021-08-01 09:00:00,"Kalamazoo, Michigan",source_hub,ultra_low_temperature_freezer,2,-70,-69,-69.5,95.0,840,0,0,0,1,0.0,-69.0,0.0,0.0,source_hub_ultra_low_temperature_freezer,-69.0,0.0,0.0,False,False,False,True,False,True,False,1,-0.33475665422096784,False
batch026,2021-08-01 10:00:00,"Kalamazoo, Michigan",source_hub,ultra_low_temperature_freezer,2,-70,-69,-69.5,95.0,840,0,0,0,1,0.0,-69.0,0.0,0.0,source_hub_ultra_low_temperature_freezer,-69.0,0.0,0.0,False,False,False,True,False,True,False,1,-0.33475665422096784,False
batch026,2021-08-01 11:00:00,"Shelbyville, Michigan",source_reefer_truck,ultra_low_temperature_freezer,2,-70,-69,-69.5,95.0,840,0,0,0,1,0.0,-69.0,0.0,0.0,source_reefer_truck_ultra_low_temperature_freezer,-69.0,0.0,0.0,False,False,False,False,True,True,False,1,-0.33475665422096784,False
batch026,2021-08-01 12:00:00,"Gerald R Ford International Airport, Michigan",source_air_cargo,ultra_low_temperature_freezer,2,-71,-70,-70.5,95.0,840,0,0,0,1,-1.0,-69.33333333333333,0.5773502691896278,-0.6666666666666714,source_air_cargo_ultra_low_temperature_freezer,-69.0,-1.0,1.0,False,False,True,False,False,True,False,1,-0.32729167295734046,False
batch026,2021-08-01 13:00:00,"Gerald R Ford International Airport, Michigan",source_air_cargo,ultra_low_temperature_freezer,2,-69,-69,-69.0,95.0,840,0,0,0,0,1.0,-69.33333333333333,0.5773502691896278,0.3333333333333286,source_air_cargo_ultra_low_temperature_freezer,-69.0,0.0,0.0,False,False,True,False,False,True,False,1,-0.31771943875511394,False
batch026,2021-08-01 14:00:00,"Gerald R Ford International Airport, Michigan",source_air_cargo,ultra_low_temperature_freezer,2,-70,-69,-69.5,95.0,840,0,0,0,1,0.0,-69.33333333333333,0.5773502691896278,0.3333333333333286,source_air_cargo_ultra_low_temperature_freezer,-69.0,0.0,0.0,False,False,True,False,False,True,False,1,-0.3491669960712361,False
batch026,2021-08-01 15:00:00,Not Available,air_transit,ultra_low_temperature_freezer,2,-71,-71,-71.0,95.0,840,0,0,0,0,-2.0,-69.66666666666667,1.1547005383792495,-1.3333333333333286,air_transit_ultra_low_temperature_freezer,-69.0,-2.0,2.0,True,False,False,False,False,True,False,1,-0.25084047606746596,False
batch026,2021-08-01 16:00:00,Not Available,air_transit,ultra_low_temperature_freezer,2,-69,-69,-69.0,95.0,840,0,0,0,0,2.0,-69.66666666666667,1.1547005383792495,0.6666666666666714,air_transit_ultra_low_temperature_freezer,-69.0,0.0,0.0,True,False,False,False,False,True,False,1,-0.2833759563273076,False
batch026,2021-08-01 17:00:00,Not Available,air_transit,ultra_low_temperature_freezer,2,-71,-70,-70.5,95.0,840,0,0,0,1,-1.0,-70.0,0.9999999999999964,0.0,air_transit_ultra_low_temperature_freezer,-69.0,-1.0,1.0,True,False,False,False,False,True,False,1,-0.311232224187819,False
batch026,2021-08-01 18:00:00,Not Available,air_transit,ultra_low_temperature_freezer,2,-71,-70,-70.5,95.0,840,0,0,0,1,0.0,-69.66666666666667,0.5773502691896186,-0.3333333333333286,air_transit_ultra_low_temperature_freezer,-69.0,-1.0,1.0,True,False,False,False,False,True,False,1,-0.33525916918763676,False
batch026,2021-08-01 19:00:00,Not Available,air_transit,ultra_low_temperature_freezer,1,-70,-70,-70.0,95.0,840,0,0,0,0,0.0,-70.0,0.0,0.0,air_transit_ultra_low_temperature_freezer,-69.0,-1.0,1.0,True,False,False,False,False,True,False,1,-0.3034958186116679,False
batch026,2021-08-01 20:00:00,Not Available,air_transit,ultra_low_temperature_freezer,2,-71,-70,-70.5,95.0,840,0,0,0,1,0.0,-70.0,0.0,0.0,air_transit_ultra_low_temperature_freezer,-69.0,-1.0,1.0,True,False,False,False,False,True,False,1,-0.3094352017660051,False
batch026,2021-08-01 21:00:00,Not Available,air_transit,ultra_low_temperature_freezer,2,-71,-71,-71.0,95.0,840,0,0,0,0,-1.0,-70.33333333333333,0.5773502691896278,-0.6666666666666714,air_transit_ultra_low_temperature_freezer,-69.0,-2.0,2.0,True,False,False,False,False,True,False,1,-0.2648274617561135,False
batch026,2021-08-01 22:00:00,Not Available,air_transit,ultra_low_temperature_freezer,2,-71,-70,-70.5,95.0,840,0,0,0,1,1.0,-70.33333333333333,0.5773502691896278,0.3333333333333286,air_transit_ultra_low_temperature_freezer,-69.0,-1.0,1.0,True,False,False,False,False,True,False,1,-0.30784886111173815,False
batch026,2021-08-01 23:00:00,Not Available,air_transit,ultra_low_temperature_freezer,2,-70,-69,-69.5,95.0,840,0,0,0,1,1.0,-70.0,1.0000000000000018,1.0,air_transit_ultra_low_temperature_freezer,-69.0,0.0,0.0,True,False,False,False,False,True,False,1,-0.31410759089393764,False
batch026,2021-08-02 00:00:00,Not Available,air_transit,ultra_low_temperature_freezer,2,-70,-69,-69.5,95.0,840,0,0,0,1,0.0,-69.33333333333333,0.5773502691896278,0.3333333333333286,air_transit_ultra_low_temperature_freezer,-69.0,0.0,0.0,True,False,False,False,False,True,False,1,-0.3491669960712361,False
batch026,2021-08-02 01:00:00,Not Available,air_transit,ultra_low_temperature_freezer,2,-71,-70,-70.5,95.0,840,0,0,0,1,-1.0,-69.33333333333333,0.5773502691896278,-0.6666666666666714,air_transit_ultra_low_temperature_freezer,-69.0,-1.0,1.0,True,False,False,False,False,True,False,1,-0.32729167295734046,False
batch026,2021-08-02 02:00:00,Not Available,air_transit,ultra_low_temperature_freezer,2,-71,-70,-70.5,95.0,840,0,0,0,1,0.0,-69.66666666666667,0.5773502691896278,-0.3333333333333286,air_transit_ultra_low_temperature_freezer,-69.0,-1.0,1.0,True,False,False,False,False,True,False,1,-0.33525916918763676,False
batch026,2021-08-02 03:00:00,Not Available,air_transit,ultra_low_temperature_freezer,2,-71,-69,-70.0,95.0,840,0,0,0,2,1.0,-69.66666666666667,0.5773502691896278,0.6666666666666714,air_transit_ultra_low_temperature_freezer,-69.0,0.0,0.0,True,False,False,False,False,True,False,1,-0.32792824345500965,False
batch026,2021-08-02 04:00:00,Not Available,air_transit,ultra_low_temperature_freezer,1,-69,-69,-69.0,95.0,840,0,0,0,0,0.0,-69.33333333333333,0.5773502691896278,0.3333333333333286,air_transit_ultra_low_temperature_freezer,-69.0,0.0,0.0,True,False,False,False,False,True,False,1,-0.3203255405191535,False
batch026,2021-08-02 05:00:00,Not Available,air_transit,ultra_low_temperature_freezer,1,-70,-70,-70.0,95.0,840,0,0,0,0,-1.0,-69.33333333333333,0.5773502691896278,-0.6666666666666714,air_transit_ultra_low_temperature_freezer,-69.0,-1.0,1.0,True,False,False,False,False,True,False,1,-0.3120144503403306,False
batch026,2021-08-02 06:00:00,Not Available,air_transit,ultra_low_temperature_freezer,2,-71,-69,-70.0,95.0,840,0,0,0,2,1.0,-69.33333333333333,0.5773502691896278,0.3333333333333286,air_transit_ultra_low_temperature_freezer,-69.0,0.0,0.0,True,False,False,False,False,True,False,1,-0.33732507397149486,False
batch026,2021-08-02 07:00:00,Not Available,air_transit,ultra_low_temperature_freezer,2,-71,-69,-70.0,95.0,840,0,0,0,2,0.0,-69.33333333333333,0.5773502691896278,0.3333333333333286,air_transit_ultra_low_temperature_freezer,-69.0,0.0,0.0,True,False,False,False,False,True,False,1,-0.3377777300659409,False
batch026,2021-08-02 08:00:00,Not Available,air_transit,ultra_low_temperature_freezer,1,-69,-69,-69.0,95.0,840,0,0,0,0,0.0,-69.0,0.0,0.0,air_transit_ultra_low_temperature_freezer,-69.0,0.0,0.0,True,False,False,False,False,True,False,1,-0.3095030546648811,False
batch026,2021-08-02 09:00:00,Not Available,air_transit,ultra_low_temperature_freezer,2,-71,-69,-70.0,95.0,840,0,0,0,2,0.0,-69.0,0.0,0.0,air_transit_ultra_low_temperature_freezer,-69.0,0.0,0.0,True,False,False,False,False,True,False,1,-0.32347017658240806,False
batch026,2021-08-02 10:00:00,Not Available,air_transit,ultra_low_temperature_freezer,2,-71,-69,-70.0,95.0,840,0,0,0,2,0.0,-69.0,0.0,0.0,air_transit_ultra_low_temperature_freezer,-69.0,0.0,0.0,True,False,False,False,False,True,False,1,-0.32347017658240806,False
batch026,2021-08-02 11:00:00,Not Available,air_transit,ultra_low_temperature_freezer,2,-71,-70,-70.5,95.0,840,0,0,0,1,-1.0,-69.33333333333333,0.5773502691896278,-0.6666666666666714,air_transit_ultra_low_temperature_freezer,-69.0,-1.0,1.0,True,False,False,False,False,True,False,1,-0.32729167295734046,False
batch026,2021-08-02 12:00:00,Delhi Airport,dest_air_cargo,ultra_low_temperature_freezer,2,-69,-68,-68.5,95.0,840,0,0,0,1,2.0,-69.0,1.0000000000000018,1.0,dest_air_cargo_ultra_low_temperature_freezer,-67.0,-1.0,1.0,False,True,False,False,False,True,False,1,-0.2643718000540535,False
batch026,2021-08-02 13:00:00,Delhi Airport,dest_air_cargo,ultra_low_temperature_freezer,2,-68,-66,-67.0,95.0,840,0,0,0,2,2.0,-68.0,2.000000000000001,2.0,dest_air_cargo_ultra_low_temperature_freezer,-67.0,1.0,1.0,False,True,False,False,False,True,False,1,-0.18434958876911256,False
batch026,2021-08-02 14:00:00,Delhi Airport,dest_air_cargo,vaccine_storage_unit,2,-63,-60,-61.5,92.5,839,1,0,0,3,6.0,-64.66666666666667,4.163331998932268,4.666666666666671,dest_air_cargo_vaccine_storage_unit,7.0,-67.0,67.0,False,True,False,False,False,False,True,1,-0.019174199890085286,False
batch026,2021-08-02 15:00:00,Delhi Airport,dest_air_cargo,vaccine_storage_unit,2,-45,-42,-43.5,91.0,838,1,1,0,3,18.0,-56.0,12.489995996796804,14.0,dest_air_cargo_vaccine_storage_unit,7.0,-49.0,49.0,False,True,False,False,False,False,True,-1,0.03867025740748997,True
batch026,2021-08-02 16:00:00,Delhi Airport,dest_air_cargo,vaccine_storage_unit,2,-40,-36,-38.0,91.0,837,1,2,0,4,6.0,-46.0,12.489995996796813,10.0,dest_air_cargo_vaccine_storage_unit,7.0,-43.0,43.0,False,True,False,False,False,False,True,-1,0.020706461582184588,True
batch026,2021-08-02 17:00:00,Delhi Airport,dest_air_cargo,vaccine_storage_unit,2,-30,-29,-29.5,91.5,836,1,3,0,1,7.0,-35.666666666666664,6.506407098647766,6.666666666666664,dest_air_cargo_vaccine_storage_unit,7.0,-36.0,36.0,False,True,False,False,False,False,True,-1,0.00563382214499375,True
batch026,2021-08-02 18:00:00,Delhi Airport,dest_air_cargo,vaccine_storage_unit,2,-19,-19,-19.0,92.0,835,1,4,0,0,10.0,-28.0,8.544003745317585,9.0,dest_air_cargo_vaccine_storage_unit,7.0,-26.0,26.0,False,True,False,False,False,False,True,-1,0.017773931466192217,True
batch026,2021-08-02 19:00:00,Delhi Airport,dest_air_cargo,vaccine_storage_unit,2,-12,-4,-8.0,93.0,834,1,5,0,8,15.0,-17.333333333333332,12.583057392117967,13.333333333333332,dest_air_cargo_vaccine_storage_unit,7.0,-11.0,11.0,False,True,False,False,False,False,True,-1,0.045272509196577326,True
batch026,2021-08-02 20:00:00,Delhi Airport,dest_air_cargo,vaccine_storage_unit,2,2,3,2.5,91.5,833,1,5,1,1,7.0,-6.666666666666667,11.239810200058313,9.666666666666668,dest_air_cargo_vaccine_storage_unit,7.0,-4.0,4.0,False,True,False,False,False,False,True,-1,0.010726568097126354,True
batch026,2021-08-02 21:00:00,Delhi Airport,dest_air_cargo,vaccine_storage_unit,2,3,3,3.0,93.0,832,1,5,2,0,0.0,0.6666666666666666,4.041451884327597,2.3333333333333335,dest_air_cargo_vaccine_storage_unit,7.0,-4.0,4.0,False,True,False,False,False,False,True,1,-0.03559908510032084,False
batch026,2021-08-02 22:00:00,Delhi Airport,dest_air_cargo,vaccine_storage_unit,2,6,8,7.0,86.0,831,1,5,3,2,5.0,4.666666666666667,2.8867513459481287,3.333333333333333,dest_air_cargo_vaccine_storage_unit,7.0,1.0,1.0,False,True,False,False,False,False,True,1,-0.08198271588841499,False
batch026,2021-08-02 23:00:00,Delhi Airport,dest_air_cargo,vaccine_storage_unit,2,6,6,6.0,88.0,830,1,5,4,0,-2.0,5.666666666666667,2.5166114784235827,0.33333333333333304,dest_air_cargo_vaccine_storage_unit,7.0,-1.0,1.0,False,True,False,False,False,False,True,1,-0.14742337878793388,False
batch026,2021-08-03 00:00:00,Delhi Airport,dest_air_cargo,vaccine_storage_unit,2,6,7,6.5,89.5,829,1,5,5,1,1.0,7.0,0.9999999999999987,0.0,dest_air_cargo_vaccine_storage_unit,7.0,0.0,0.0,False,True,False,False,False,False,True,1,-0.23299786575264197,False
batch026,2021-08-03 01:00:00,Delhi Airport,dest_air_cargo,vaccine_storage_unit,2,6,7,6.5,88.5,828,1,5,6,1,0.0,6.666666666666667,0.5773502691896234,0.33333333333333304,dest_air_cargo_vaccine_storage_unit,7.0,0.0,0.0,False,True,False,False,False,False,True,1,-0.24887926445753766,False
batch026,2021-08-03 02:00:00,Delhi Airport,dest_air_cargo,vaccine_storage_unit,2,6,7,6.5,89.5,827,1,5,7,1,0.0,7.0,0.0,0.0,dest_air_cargo_vaccine_storage_unit,7.0,0.0,0.0,False,True,False,False,False,False,True,1,-0.22850892624932223,False
batch026,2021-08-03 03:00:00,Delhi Airport,dest_air_cargo,vaccine_storage_unit,2,6,6,6.0,89.5,826,1,5,8,0,-1.0,6.666666666666667,0.5773502691896258,-0.666666666666667,dest_air_cargo_vaccine_storage_unit,7.0,-1.0,1.0,False,True,False,False,False,False,True,1,-0.19276303654041915,False
batch026,2021-08-03 04:00:00,Delhi Airport,dest_air_cargo,vaccine_storage_unit,2,6,8,7.0,86.5,825,1,5,9,2,2.0,7.0,1.0,1.0,dest_air_cargo_vaccine_storage_unit,7.0,1.0,1.0,False,True,False,False,False,False,True,1,-0.20809724074901637,False
batch026,2021-08-03 05:00:00,Delhi Airport,dest_air_cargo,vaccine_storage_unit,2,6,8,7.0,87.5,824,1,5,10,2,0.0,7.333333333333333,1.1547005383792517,0.666666666666667,dest_air_cargo_vaccine_storage_unit,7.0,1.0,1.0,False,True,False,False,False,False,True,1,-0.2491048394211567,False
batch026,2021-08-03 06:00:00,Delhi Airport,dest_air_cargo,vaccine_storage_unit,2,6,8,7.0,90.0,823,1,5,11,2,0.0,8.0,0.0,0.0,dest_air_cargo_vaccine_storage_unit,7.0,1.0,1.0,False,True,False,False,False,False,True,1,-0.22036949802556294,False
batch026,2021-08-03 07:00:00,Delhi Airport,dest_air_cargo,vaccine_storage_unit,2,6,7,6.5,88.0,822,1,5,12,1,-1.0,7.666666666666667,0.5773502691896258,-0.666666666666667,dest_air_cargo_vaccine_storage_unit,7.0,0.0,0.0,False,True,False,False,False,False,True,1,-0.2642424993548593,False
batch026,2021-08-03 08:00:00,Delhi Airport,dest_air_cargo,vaccine_storage_unit,2,6,6,6.0,87.0,821,1,5,13,0,-1.0,7.0,1.0,-1.0,dest_air_cargo_vaccine_storage_unit,7.0,-1.0,1.0,False,True,False,False,False,False,True,1,-0.2161351221605713,False
batch026,2021-08-03 09:00:00,Delhi Airport,dest_air_cargo,vaccine_storage_unit,2,6,7,6.5,86.5,820,1,5,14,1,1.0,6.666666666666667,0.5773502691896258,0.33333333333333304,dest_air_cargo_vaccine_storage_unit,7.0,0.0,0.0,False,True,False,False,False,False,True,1,-0.2223189627415037,False
batch026,2021-08-03 10:00:00,Delhi Airport,dest_air_cargo,vaccine_storage_unit,2,6,7,6.5,87.5,819,1,5,15,1,0.0,6.666666666666667,0.5773502691896258,0.33333333333333304,dest_air_cargo_vaccine_storage_unit,7.0,0.0,0.0,False,True,False,False,False,False,True,1,-0.24823931499772361,False
batch026,2021-08-03 11:00:00,Delhi Airport,dest_air_cargo,vaccine_storage_unit,2,7,8,7.5,87.5,818,1,5,16,1,1.0,7.333333333333333,0.5773502691896258,0.666666666666667,dest_air_cargo_vaccine_storage_unit,7.0,1.0,1.0,False,True,False,False,False,False,True,1,-0.2787400647670066,False
batch026,2021-08-03 12:00:00,Delhi Airport,dest_air_cargo,vaccine_storage_unit,2,7,8,7.5,85.5,817,1,5,17,1,0.0,7.666666666666667,0.5773502691896258,0.33333333333333304,dest_air_cargo_vaccine_storage_unit,7.0,1.0,1.0,False,True,False,False,False,False,True,1,-0.2573337408046034,False
batch026,2021-08-03 13:00:00,Delhi Airport,dest_air_cargo,vaccine_storage_unit,2,7,8,7.5,88.5,816,1,5,18,1,0.0,8.0,0.0,0.0,dest_air_cargo_vaccine_storage_unit,7.0,1.0,1.0,False,True,False,False,False,False,True,1,-0.25847485931780556,False
batch026,2021-08-03 14:00:00,Delhi Airport,dest_air_cargo,vaccine_storage_unit,2,7,8,7.5,87.5,815,1,5,19,1,0.0,8.0,0.0,0.0,dest_air_cargo_vaccine_storage_unit,7.0,1.0,1.0,False,True,False,False,False,False,True,1,-0.2631398927669523,False
batch026,2021-08-03 15:00:00,Delhi Airport,dest_air_cargo,vaccine_storage_unit,2,6,8,7.0,85.0,814,1,5,20,2,0.0,8.0,0.0,0.0,dest_air_cargo_vaccine_storage_unit,7.0,1.0,1.0,False,True,False,False,False,False,True,1,-0.2106218685679241,False
batch026,2021-08-03 16:00:00,Delhi Airport,dest_air_cargo,vaccine_storage_unit,2,6,8,7.0,89.0,813,1,5,21,2,0.0,8.0,0.0,0.0,dest_air_cargo_vaccine_storage_unit,7.0,1.0,1.0,False,True,False,False,False,False,True,1,-0.23761288714612555,False
batch026,2021-08-03 17:00:00,Delhi Airport,dest_air_cargo,vaccine_storage_unit,2,7,8,7.5,86.5,812,1,5,22,1,0.0,8.0,0.0,0.0,dest_air_cargo_vaccine_storage_unit,7.0,1.0,1.0,False,True,False,False,False,False,True,1,-0.2518265756800203,False
batch026,2021-08-03 18:00:00,Delhi Airport,dest_air_cargo,vaccine_storage_unit,2,6,7,6.5,87.0,811,1,5,23,1,-1.0,7.666666666666667,0.5773502691896258,-0.666666666666667,dest_air_cargo_vaccine_storage_unit,7.0,0.0,0.0,False,True,False,False,False,False,True,1,-0.26148213655026864,False
batch026,2021-08-03 19:00:00,Delhi Airport,dest_air_cargo,vaccine_storage_unit,2,6,6,6.0,87.0,810,1,5,24,0,-1.0,7.0,1.0,-1.0,dest_air_cargo_vaccine_storage_unit,7.0,-1.0,1.0,False,True,False,False,False,False,True,1,-0.2161351221605713,False
batch026,2021-08-03 20:00:00,Delhi Airport,dest_air_cargo,vaccine_storage_unit,2,6,6,6.0,90.0,809,1,5,25,0,0.0,6.333333333333333,0.5773502691896258,-0.33333333333333304,dest_air_cargo_vaccine_storage_unit,7.0,-1.0,1.0,False,True,False,False,False,False,True,1,-0.18867410198077972,False
batch026,2021-08-03 21:00:00,Delhi Airport,dest_air_cargo,vaccine_storage_unit,2,6,6,6.0,87.5,808,1,5,26,0,0.0,6.0,0.0,0.0,dest_air_cargo_vaccine_storage_unit,7.0,-1.0,1.0,False,True,False,False,False,False,True,1,-0.18188298294648508,False
batch026,2021-08-03 22:00:00,Delhi Airport,dest_air_cargo,vaccine_storage_unit,2,8,8,8.0,89.0,807,1,5,27,0,2.0,6.666666666666667,1.1547005383792515,1.333333333333333,dest_air_cargo_vaccine_storage_unit,7.0,1.0,1.0,False,True,False,False,False,False,True,1,-0.17126924187335135,False
batch026,2021-08-03 23:00:00,Delhi Airport,dest_air_cargo,vaccine_storage_unit,2,7,7,7.0,88.5,806,1,5,28,0,-1.0,7.0,0.9999999999999998,0.0,dest_air_cargo_vaccine_storage_unit,7.0,0.0,0.0,False,True,False,False,False,False,True,1,-0.22674813006926253,False
batch026,2021-08-04 00:00:00,Delhi Airport,dest_air_cargo,vaccine_storage_unit,1,7,7,7.0,88.0,805,1,5,29,0,0.0,7.333333333333333,0.5773502691896253,-0.33333333333333304,dest_air_cargo_vaccine_storage_unit,7.0,0.0,0.0,False,True,False,False,False,False,True,1,-0.2380282244657131,False
batch026,2021-08-04 01:00:00,Delhi Airport,dest_air_cargo,vaccine_storage_unit,2,8,8,8.0,87.5,804,1,5,30,0,1.0,7.333333333333333,0.5773502691896258,0.666666666666667,dest_air_cargo_vaccine_storage_unit,7.0,1.0,1.0,False,True,False,False,False,False,True,1,-0.22415280766218215,False
batch026,2021-08-04 02:00:00,Delhi Airport,dest_air_cargo,vaccine_storage_unit,2,6,6,6.0,87.5,803,1,5,31,0,-2.0,7.0,1.0,-1.0,dest_air_cargo_vaccine_storage_unit,7.0,-1.0,1.0,False,True,False,False,False,False,True,1,-0.20939968441932133,False
batch026,2021-08-04 03:00:00,Delhi Airport,dest_air_cargo,vaccine_storage_unit,2,6,7,6.5,88.0,802,1,5,32,1,1.0,7.0,1.0,0.0,dest_air_cargo_vaccine_storage_unit,7.0,0.0,0.0,False,True,False,False,False,False,True,1,-0.24368093402554825,False
batch026,2021-08-04 04:00:00,Delhi Airport,dest_air_cargo,vaccine_storage_unit,2,7,8,7.5,86.5,801,1,5,33,1,1.0,7.0,1.0,1.0,dest_air_cargo_vaccine_storage_unit,7.0,1.0,1.0,False,True,False,False,False,False,True,1,-0.24809708127892893,False
batch026,2021-08-04 05:00:00,Delhi Airport,dest_air_cargo,vaccine_storage_unit,2,7,8,7.5,85.0,800,1,5,34,1,0.0,7.666666666666667,0.5773502691896258,0.33333333333333304,dest_air_cargo_vaccine_storage_unit,7.0,1.0,1.0,False,True,False,False,False,False,True,1,-0.24474468867616217,False
batch026,2021-08-04 06:00:00,Delhi Airport,dest_air_cargo,vaccine_storage_unit,2,6,7,6.5,86.5,799,1,5,35,1,-1.0,7.666666666666667,0.5773502691896258,-0.666666666666667,dest_air_cargo_vaccine_storage_unit,7.0,0.0,0.0,False,True,False,False,False,False,True,1,-0.25110697447094216,False
batch026,2021-08-04 07:00:00,Delhi Airport,dest_air_cargo,vaccine_storage_unit,2,6,7,6.5,86.0,798,1,5,36,1,0.0,7.333333333333333,0.5773502691896258,-0.33333333333333304,dest_air_cargo_vaccine_storage_unit,7.0,0.0,0.0,False,True,False,False,False,False,True,1,-0.2519539499692119,False
batch026,2021-08-04 08:00:00,Delhi Airport,dest_air_cargo,vaccine_storage_unit,2,8,8,8.0,85.5,797,1,5,37,0,1.0,7.333333333333333,0.5773502691896258,0.666666666666667,dest_air_cargo_vaccine_storage_unit,7.0,1.0,1.0,False,True,False,False,False,False,True,1,-0.1988292647764659,False
batch026,2021-08-04 09:00:00,Delhi Airport,dest_air_cargo,vaccine_storage_unit,2,6,6,6.0,87.5,796,1,5,38,0,-2.0,7.0,1.0,-1.0,dest_air_cargo_vaccine_storage_unit,7.0,-1.0,1.0,False,True,False,False,False,False,True,1,-0.20939968441932133,False
batch026,2021-08-04 10:00:00,Delhi Airport,dest_air_cargo,vaccine_storage_unit,2,8,8,8.0,89.0,795,1,5,39,0,2.0,7.333333333333333,1.1547005383792517,0.666666666666667,dest_air_cargo_vaccine_storage_unit,7.0,1.0,1.0,False,True,False,False,False,False,True,1,-0.19122106434502006,False
batch026,2021-08-04 11:00:00,Delhi Airport,dest_air_cargo,vaccine_storage_unit,2,6,7,6.5,87.5,794,1,5,40,1,-1.0,7.0,1.0,0.0,dest_air_cargo_vaccine_storage_unit,7.0,0.0,0.0,False,True,False,False,False,False,True,1,-0.253726698789029,False
batch026,2021-08-04 12:00:00,Delhi Airport,dest_air_cargo,vaccine_storage_unit,2,6,8,7.0,88.5,793,1,5,41,2,1.0,7.666666666666667,0.5773502691896258,0.33333333333333304,dest_air_cargo_vaccine_storage_unit,7.0,1.0,1.0,False,True,False,False,False,False,True,1,-0.25736123665705696,False
batch026,2021-08-04 13:00:00,Delhi Airport,dest_air_cargo,vaccine_storage_unit,2,6,7,6.5,89.5,792,1,5,42,1,-1.0,7.333333333333333,0.5773502691896258,-0.33333333333333304,dest_air_cargo_vaccine_storage_unit,7.0,0.0,0.0,False,True,False,False,False,False,True,1,-0.26197929682669585,False
batch026,2021-08-04 14:00:00,Delhi Airport,dest_air_cargo,vaccine_storage_unit,2,7,8,7.5,89.0,791,1,5,43,1,1.0,7.666666666666667,0.5773502691896258,0.33333333333333304,dest_air_cargo_vaccine_storage_unit,7.0,1.0,1.0,False,True,False,False,False,False,True,1,-0.27018208005113414,False
batch026,2021-08-04 15:00:00,Delhi Airport,dest_air_cargo,vaccine_storage_unit,2,6,7,6.5,89.0,790,1,5,44,1,-1.0,7.333333333333333,0.5773502691896258,-0.33333333333333304,dest_air_cargo_vaccine_storage_unit,7.0,0.0,0.0,False,True,False,False,False,False,True,1,-0.2689505609410928,False
batch026,2021-08-04 16:00:00,Delhi Airport,dest_air_cargo,vaccine_storage_unit,2,6,8,7.0,86.0,789,1,5,45,2,1.0,7.666666666666667,0.5773502691896258,0.33333333333333304,dest_air_cargo_vaccine_storage_unit,7.0,1.0,1.0,False,True,False,False,False,False,True,1,-0.23986800149517395,False
batch026,2021-08-04 17:00:00,Delhi Airport,dest_air_cargo,vaccine_storage_unit,2,6,7,6.5,88.0,788,1,5,46,1,-1.0,7.333333333333333,0.5773502691896258,-0.33333333333333304,dest_air_cargo_vaccine_storage_unit,7.0,0.0,0.0,False,True,False,False,False,False,True,1,-0.2750734009220898,False
batch026,2021-08-04 18:00:00,Delhi Airport,dest_air_cargo,vaccine_storage_unit,2,8,8,8.0,87.0,787,1,5,47,0,1.0,7.666666666666667,0.5773502691896258,0.33333333333333304,dest_air_cargo_vaccine_storage_unit,7.0,1.0,1.0,False,True,False,False,False,False,True,1,-0.22752855607754136,False
batch026,2021-08-04 19:00:00,Delhi Airport,dest_air_cargo,vaccine_storage_unit,2,7,8,7.5,85.0,786,1,5,48,1,0.0,7.666666666666667,0.5773502691896258,0.33333333333333304,dest_air_cargo_vaccine_storage_unit,7.0,1.0,1.0,False,True,False,False,False,False,True,1,-0.24474468867616217,False
batch026,2021-08-04 20:00:00,Delhi Airport,dest_air_cargo,vaccine_storage_unit,2,6,6,6.0,86.5,785,1,5,49,0,-2.0,7.333333333333333,1.1547005383792515,-1.333333333333333,dest_air_cargo_vaccine_storage_unit,7.0,-1.0,1.0,False,True,False,False,False,False,True,1,-0.1764515588945451,False
batch026,2021-08-04 21:00:00,Delhi Airport,dest_air_cargo,vaccine_storage_unit,2,7,8,7.5,89.0,784,1,5,50,1,2.0,7.333333333333333,1.1547005383792515,0.666666666666667,dest_air_cargo_vaccine_storage_unit,7.0,1.0,1.0,False,True,False,False,False,False,True,1,-0.23791511781894797,False
batch026,2021-08-04 22:00:00,Delhi Airport,dest_air_cargo,vaccine_storage_unit,2,7,7,7.0,87.0,783,1,5,51,0,-1.0,7.0,0.9999999999999998,0.0,dest_air_cargo_vaccine_storage_unit,7.0,0.0,0.0,False,True,False,False,False,False,True,1,-0.22706121895489828,False
batch026,2021-08-04 23:00:00,Delhi Airport,dest_air_cargo,vaccine_storage_unit,2,6,7,6.5,89.5,782,1,5,52,1,0.0,7.333333333333333,0.5773502691896253,-0.33333333333333304,dest_air_cargo_vaccine_storage_unit,7.0,0.0,0.0,False,True,False,False,False,False,True,1,-0.2664005805002103,False
batch026,2021-08-05 00:00:00,Delhi Airport,dest_air_cargo,vaccine_storage_unit,2,8,8,8.0,89.0,781,1,5,53,0,1.0,7.333333333333333,0.5773502691896258,0.666666666666667,dest_air_cargo_vaccine_storage_unit,7.0,1.0,1.0,False,True,False,False,False,False,True,1,-0.21719167449447774,False
batch026,2021-08-05 01:00:00,Delhi Airport,dest_air_cargo,vaccine_storage_unit,2,6,8,7.0,87.0,780,1,5,54,2,0.0,7.666666666666667,0.5773502691896258,0.33333333333333304,dest_air_cargo_vaccine_storage_unit,7.0,1.0,1.0,False,True,False,False,False,False,True,1,-0.262143039807196,False
batch026,2021-08-05 02:00:00,Delhi Airport,dest_air_cargo,vaccine_storage_unit,2,6,7,6.5,87.5,779,1,5,55,1,-1.0,7.666666666666667,0.5773502691896258,-0.666666666666667,dest_air_cargo_vaccine_storage_unit,7.0,0.0,0.0,False,True,False,False,False,False,True,1,-0.2672252724612164,False
batch026,2021-08-05 03:00:00,Delhi Airport,dest_air_cargo,vaccine_storage_unit,2,6,8,7.0,88.5,778,1,5,56,2,1.0,7.666666666666667,0.5773502691896258,0.33333333333333304,dest_air_cargo_vaccine_storage_unit,7.0,1.0,1.0,False,True,False,False,False,False,True,1,-0.25736123665705696,False
batch026,2021-08-05 04:00:00,Delhi Airport,dest_air_cargo,vaccine_storage_unit,2,7,7,7.0,86.5,777,1,5,57,0,-1.0,7.333333333333333,0.5773502691896258,-0.33333333333333304,dest_air_cargo_vaccine_storage_unit,7.0,0.0,0.0,False,True,False,False,False,False,True,1,-0.23239411140495636,False
batch026,2021-08-05 05:00:00,Delhi Airport,dest_air_cargo,vaccine_storage_unit,2,7,7,7.0,86.5,776,1,5,58,0,0.0,7.333333333333333,0.5773502691896258,-0.33333333333333304,dest_air_cargo_vaccine_storage_unit,7.0,0.0,0.0,False,True,False,False,False,False,True,1,-0.231463351416355,False
batch026,2021-08-05 06:00:00,Delhi Airport,dest_air_cargo,vaccine_storage_unit,2,6,8,7.0,89.0,775,1,5,59,2,1.0,7.333333333333333,0.5773502691896258,0.666666666666667,dest_air_cargo_vaccine_storage_unit,7.0,1.0,1.0,False,True,False,False,False,False,True,1,-0.24658361001811968,False
batch026,2021-08-05 07:00:00,Delhi Airport,dest_air_cargo,vaccine_storage_unit,2,6,7,6.5,87.5,774,1,5,60,1,-1.0,7.333333333333333,0.5773502691896258,-0.33333333333333304,dest_air_cargo_vaccine_storage_unit,7.0,0.0,0.0,False,True,False,False,False,False,True,1,-0.276903213591272,False
batch026,2021-08-05 08:00:00,Delhi Airport,dest_air_cargo,vaccine_storage_unit,2,6,7,6.5,89.0,773,1,5,61,1,0.0,7.333333333333333,0.5773502691896258,-0.33333333333333304,dest_air_cargo_vaccine_storage_unit,7.0,0.0,0.0,False,True,False,False,False,False,True,1,-0.2722659027689548,False
batch026,2021-08-05 09:00:00,Delhi Airport,dest_air_cargo,vaccine_storage_unit,2,6,8,7.0,86.5,772,1,5,62,2,1.0,7.333333333333333,0.5773502691896258,0.666666666666667,dest_air_cargo_vaccine_storage_unit,7.0,1.0,1.0,False,True,False,False,False,False,True,1,-0.24199959563026557,False
batch026,2021-08-05 10:00:00,Delhi Airport,dest_air_cargo,vaccine_storage_unit,2,8,8,8.0,88.0,771,1,5,63,0,0.0,7.666666666666667,0.5773502691896258,0.33333333333333304,dest_air_cargo_vaccine_storage_unit,7.0,1.0,1.0,False,True,False,False,False,False,True,1,-0.23264361724728427,False
batch026,2021-08-05 11:00:00,Delhi Airport,dest_air_cargo,vaccine_storage_unit,2,6,8,7.0,87.5,770,1,5,64,2,0.0,8.0,0.0,0.0,dest_air_cargo_vaccine_storage_unit,7.0,1.0,1.0,False,True,False,False,False,False,True,1,-0.25084593023862484,False
batch026,2021-08-05 12:00:00,Delhi Airport,dest_air_cargo,vaccine_storage_unit,2,7,8,7.5,87.0,769,1,5,65,1,0.0,8.0,0.0,0.0,dest_air_cargo_vaccine_storage_unit,7.0,1.0,1.0,False,True,False,False,False,False,True,1,-0.2571205961844035,False
batch026,2021-08-05 13:00:00,Delhi Airport,dest_air_cargo,vaccine_storage_unit,2,6,7,6.5,88.0,768,1,5,66,1,-1.0,7.666666666666667,0.5773502691896258,-0.666666666666667,dest_air_cargo_vaccine_storage_unit,7.0,0.0,0.0,False,True,False,False,False,False,True,1,-0.2642424993548593,False
batch026,2021-08-05 14:00:00,Delhi Airport,dest_air_cargo,vaccine_storage_unit,2,6,8,7.0,86.0,767,1,5,67,2,1.0,7.666666666666667,0.5773502691896258,0.33333333333333304,dest_air_cargo_vaccine_storage_unit,7.0,1.0,1.0,False,True,False,False,False,False,True,1,-0.23986800149517395,False
batch026,2021-08-05 15:00:00,Delhi Airport,dest_air_cargo,vaccine_storage_unit,2,6,8,7.0,87.0,766,1,5,68,2,0.0,7.666666666666667,0.5773502691896258,0.33333333333333304,dest_air_cargo_vaccine_storage_unit,7.0,1.0,1.0,False,True,False,False,False,False,True,1,-0.262143039807196,False
batch026,2021-08-05 16:00:00,Delhi Airport,dest_air_cargo,vaccine_storage_unit,2,6,7,6.5,88.5,765,1,5,69,1,-1.0,7.666666666666667,0.5773502691896258,-0.666666666666667,dest_air_cargo_vaccine_storage_unit,7.0,0.0,0.0,False,True,False,False,False,False,True,1,-0.2606884080685811,False
batch026,2021-08-05 17:00:00,Delhi Airport,dest_air_cargo,vaccine_storage_unit,2,6,6,6.0,87.0,764,1,5,70,0,-1.0,7.0,1.0,-1.0,dest_air_cargo_vaccine_storage_unit,7.0,-1.0,1.0,False,True,False,False,False,False,True,1,-0.2161351221605713,False
batch026,2021-08-05 18:00:00,Delhi Airport,dest_air_cargo,vaccine_storage_unit,2,7,8,7.5,89.0,763,1,5,71,1,2.0,7.0,1.0,1.0,dest_air_cargo_vaccine_storage_unit,7.0,1.0,1.0,False,True,False,False,False,False,True,1,-0.2298439517859896,False
batch026,2021-08-05 19:00:00,Delhi Airport,dest_air_cargo,vaccine_storage_unit,2,6,8,7.0,86.5,762,1,5,72,2,0.0,7.333333333333333,1.1547005383792517,0.666666666666667,dest_air_cargo_vaccine_storage_unit,7.0,1.0,1.0,False,True,False,False,False,False,True,1,-0.23362796251625761,False
batch026,2021-08-05 20:00:00,Delhi Airport,dest_air_cargo,vaccine_storage_unit,2,8,8,8.0,86.0,761,1,5,73,0,0.0,8.0,0.0,0.0,dest_air_cargo_vaccine_storage_unit,7.0,1.0,1.0,False,True,False,False,False,False,True,1,-0.19451847018472135,False
batch026,2021-08-05 21:00:00,Delhi Airport,dest_air_cargo,vaccine_storage_unit,2,6,8,7.0,85.0,760,1,5,74,2,0.0,8.0,0.0,0.0,dest_air_cargo_vaccine_storage_unit,7.0,1.0,1.0,False,True,False,False,False,False,True,1,-0.2106218685679241,False
batch026,2021-08-05 22:00:00,Delhi Airport,dest_air_cargo,vaccine_storage_unit,2,6,8,7.0,87.0,759,1,5,75,2,0.0,8.0,0.0,0.0,dest_air_cargo_vaccine_storage_unit,7.0,1.0,1.0,False,True,False,False,False,False,True,1,-0.2500300584075196,False
batch026,2021-08-05 23:00:00,Delhi Airport,dest_air_cargo,vaccine_storage_unit,2,6,8,7.0,87.5,758,1,5,76,2,0.0,8.0,0.0,0.0,dest_air_cargo_vaccine_storage_unit,7.0,1.0,1.0,False,True,False,False,False,False,True,1,-0.25084593023862484,False
batch026,2021-08-06 00:00:00,Delhi Airport,dest_air_cargo,vaccine_storage_unit,2,6,8,7.0,87.5,757,1,5,77,2,0.0,8.0,0.0,0.0,dest_air_cargo_vaccine_storage_unit,7.0,1.0,1.0,False,True,False,False,False,False,True,1,-0.25084593023862484,False
batch026,2021-08-06 01:00:00,Delhi Airport,dest_air_cargo,vaccine_storage_unit,2,7,7,7.0,88.5,756,1,5,78,0,-1.0,7.666666666666667,0.5773502691896258,-0.666666666666667,dest_air_cargo_vaccine_storage_unit,7.0,0.0,0.0,False,True,False,False,False,False,True,1,-0.22848771218554736,False
batch026,2021-08-06 02:00:00,Delhi Airport,dest_air_cargo,vaccine_storage_unit,2,6,8,7.0,89.5,755,1,5,79,2,1.0,7.666666666666667,0.5773502691896258,0.33333333333333304,dest_air_cargo_vaccine_storage_unit,7.0,1.0,1.0,False,True,False,False,False,False,True,1,-0.24021915083682538,False
batch026,2021-08-06 03:00:00,Delhi Airport,dest_air_cargo,vaccine_storage_unit,2,6,6,6.0,88.0,754,1,5,80,0,-2.0,7.0,1.0,-1.0,dest_air_cargo_vaccine_storage_unit,7.0,-1.0,1.0,False,True,False,False,False,False,True,1,-0.20340818860016585,False
batch026,2021-08-06 04:00:00,Delhi Airport,dest_air_cargo,vaccine_storage_unit,2,6,8,7.0,87.0,753,1,5,81,2,2.0,7.333333333333333,1.1547005383792517,0.666666666666667,dest_air_cargo_vaccine_storage_unit,7.0,1.0,1.0,False,True,False,False,False,False,True,1,-0.2230321789262672,False
batch026,2021-08-06 05:00:00,Delhi Airport,dest_air_cargo,vaccine_storage_unit,2,7,8,7.5,87.0,752,1,5,82,1,0.0,7.333333333333333,1.1547005383792517,0.666666666666667,dest_air_cargo_vaccine_storage_unit,7.0,1.0,1.0,False,True,False,False,False,False,True,1,-0.2584416409344349,False
batch026,2021-08-06 06:00:00,Delhi Airport,dest_air_cargo,vaccine_storage_unit,2,6,7,6.5,89.0,751,1,5,83,1,-1.0,7.666666666666667,0.5773502691896258,-0.666666666666667,dest_air_cargo_vaccine_storage_unit,7.0,0.0,0.0,False,True,False,False,False,False,True,1,-0.2568020459685275,False
batch026,2021-08-06 07:00:00,Delhi Airport,dest_air_cargo,vaccine_storage_unit,2,6,8,7.0,87.0,750,1,5,84,2,1.0,7.666666666666667,0.5773502691896258,0.33333333333333304,dest_air_cargo_vaccine_storage_unit,7.0,1.0,1.0,False,True,False,False,False,False,True,1,-0.25887238160639603,False
batch026,2021-08-06 08:00:00,Delhi Airport,dest_air_cargo,vaccine_storage_unit,2,7,7,7.0,88.5,749,1,5,85,0,-1.0,7.333333333333333,0.5773502691896258,-0.33333333333333304,dest_air_cargo_vaccine_storage_unit,7.0,0.0,0.0,False,True,False,False,False,False,True,1,-0.2423031750625585,False
batch026,2021-08-06 09:00:00,Delhi Airport,dest_air_cargo,vaccine_storage_unit,2,6,7,6.5,89.5,748,1,5,86,1,0.0,7.333333333333333,0.5773502691896258,-0.33333333333333304,dest_air_cargo_vaccine_storage_unit,7.0,0.0,0.0,False,True,False,False,False,False,True,1,-0.2664005805002103,False
batch026,2021-08-06 10:00:00,Delhi Airport,dest_air_cargo,vaccine_storage_unit,2,6,8,7.0,88.0,747,1,5,87,2,1.0,7.333333333333333,0.5773502691896258,0.666666666666667,dest_air_cargo_vaccine_storage_unit,7.0,1.0,1.0,False,True,False,False,False,False,True,1,-0.25805174247240437,False
batch026,2021-08-06 11:00:00,Delhi Airport,dest_air_cargo,vaccine_storage_unit,2,7,8,7.5,86.0,746,1,5,88,1,0.0,7.666666666666667,0.5773502691896258,0.33333333333333304,dest_air_cargo_vaccine_storage_unit,7.0,1.0,1.0,False,True,False,False,False,False,True,1,-0.26689038190428577,False
batch026,2021-08-06 12:00:00,Delhi Airport,dest_air_cargo,vaccine_storage_unit,2,6,8,7.0,88.5,745,1,5,89,2,0.0,8.0,0.0,0.0,dest_air_cargo_vaccine_storage_unit,7.0,1.0,1.0,False,True,False,False,False,False,True,1,-0.24561216144354664,False
batch026,2021-08-06 13:00:00,Delhi Airport,dest_air_cargo,vaccine_storage_unit,2,7,8,7.5,88.0,744,1,5,90,1,0.0,8.0,0.0,0.0,dest_air_cargo_vaccine_storage_unit,7.0,1.0,1.0,False,True,False,False,False,False,True,1,-0.2615214022169379,False
batch026,2021-08-06 14:00:00,Delhi Airport,dest_air_cargo,vaccine_storage_unit,2,6,8,7.0,87.5,743,1,5,91,2,0.0,8.0,0.0,0.0,dest_air_cargo_vaccine_storage_unit,7.0,1.0,1.0,False,True,False,False,False,False,True,1,-0.25084593023862484,False
batch026,2021-08-06 15:00:00,Delhi Airport,dest_air_cargo,vaccine_storage_unit,2,6,7,6.5,89.0,742,1,5,92,1,-1.0,7.666666666666667,0.5773502691896258,-0.666666666666667,dest_air_cargo_vaccine_storage_unit,7.0,0.0,0.0,False,True,False,False,False,False,True,1,-0.2568020459685275,False
batch026,2021-08-06 16:00:00,Delhi Airport,dest_air_cargo,vaccine_storage_unit,2,7,7,7.0,87.5,741,1,5,93,0,0.0,7.333333333333333,0.5773502691896258,-0.33333333333333304,dest_air_cargo_vaccine_storage_unit,7.0,0.0,0.0,False,True,False,False,False,False,True,1,-0.24025304280605436,False
batch026,2021-08-06 17:00:00,Delhi Airport,dest_air_cargo,vaccine_storage_unit,2,8,8,8.0,88.0,740,1,5,94,0,1.0,7.333333333333333,0.5773502691896258,0.666666666666667,dest_air_cargo_vaccine_storage_unit,7.0,1.0,1.0,False,True,False,False,False,False,True,1,-0.2219942220047812,False
batch026,2021-08-06 18:00:00,Delhi Airport,dest_air_cargo,vaccine_storage_unit,2,7,8,7.5,87.0,739,1,5,95,1,0.0,7.666666666666667,0.5773502691896258,0.33333333333333304,dest_air_cargo_vaccine_storage_unit,7.0,1.0,1.0,False,True,False,False,False,False,True,1,-0.2800805449758795,False
batch026,2021-08-06 19:00:00,Delhi Airport,dest_air_cargo,vaccine_storage_unit,2,6,7,6.5,90.0,738,1,5,96,1,-1.0,7.666666666666667,0.5773502691896258,-0.666666666666667,dest_air_cargo_vaccine_storage_unit,7.0,0.0,0.0,False,True,False,False,False,False,True,1,-0.24207696946421137,False
batch026,2021-08-06 20:00:00,Delhi Airport,dest_air_cargo,vaccine_storage_unit,2,6,7,6.5,87.5,737,1,5,97,1,0.0,7.333333333333333,0.5773502691896258,-0.33333333333333304,dest_air_cargo_vaccine_storage_unit,7.0,0.0,0.0,False,True,False,False,False,False,True,1,-0.27906930328321855,False
batch026,2021-08-06 21:00:00,Delhi Airport,dest_air_cargo,vaccine_storage_unit,2,6,7,6.5,88.0,736,1,5,98,1,0.0,7.0,0.0,0.0,dest_air_cargo_vaccine_storage_unit,7.0,0.0,0.0,False,True,False,False,False,False,True,1,-0.23999888566830463,False
batch026,2021-08-06 22:00:00,Delhi Airport,dest_air_cargo,vaccine_storage_unit,2,6,8,7.0,88.0,735,1,5,99,2,1.0,7.333333333333333,0.5773502691896258,0.666666666666667,dest_air_cargo_vaccine_storage_unit,7.0,1.0,1.0,False,True,False,False,False,False,True,1,-0.25805174247240437,False
batch026,2021-08-06 23:00:00,Delhi Airport,dest_air_cargo,vaccine_storage_unit,2,7,7,7.0,88.0,734,1,5,100,0,-1.0,7.333333333333333,0.5773502691896258,-0.33333333333333304,dest_air_cargo_vaccine_storage_unit,7.0,0.0,0.0,False,True,False,False,False,False,True,1,-0.2414164257242019,False
batch026,2021-08-07 00:00:00,Delhi Airport,dest_air_cargo,vaccine_storage_unit,2,7,7,7.0,89.5,733,1,5,101,0,0.0,7.333333333333333,0.5773502691896258,-0.33333333333333304,dest_air_cargo_vaccine_storage_unit,7.0,0.0,0.0,False,True,False,False,False,False,True,1,-0.23111691498283488,False
batch026,2021-08-07 01:00:00,Delhi Airport,dest_air_cargo,vaccine_storage_unit,2,6,8,7.0,86.0,732,1,5,102,2,1.0,7.333333333333333,0.5773502691896258,0.666666666666667,dest_air_cargo_vaccine_storage_unit,7.0,1.0,1.0,False,True,False,False,False,False,True,1,-0.23247688355472867,False
batch026,2021-08-07 02:00:00,Delhi Airport,dest_air_cargo,vaccine_storage_unit,2,7,8,7.5,88.5,731,1,5,103,1,0.0,7.666666666666667,0.5773502691896258,0.33333333333333304,dest_air_cargo_vaccine_storage_unit,7.0,1.0,1.0,False,True,False,False,False,False,True,1,-0.28133719904761595,False
batch026,2021-08-07 03:00:00,Delhi Airport,dest_air_cargo,vaccine_storage_unit,2,8,8,8.0,87.5,730,1,5,104,0,0.0,8.0,0.0,0.0,dest_air_cargo_vaccine_storage_unit,7.0,1.0,1.0,False,True,False,False,False,False,True,1,-0.21424833722650966,False
batch026,2021-08-07 04:00:00,Delhi Airport,dest_air_cargo,vaccine_storage_unit,2,6,8,7.0,87.0,729,1,5,105,2,0.0,8.0,0.0,0.0,dest_air_cargo_vaccine_storage_unit,7.0,1.0,1.0,False,True,False,False,False,False,True,1,-0.2500300584075196,False
batch026,2021-08-07 05:00:00,Delhi Airport,dest_air_cargo,vaccine_storage_unit,2,7,7,7.0,88.5,728,1,5,106,0,-1.0,7.666666666666667,0.5773502691896258,-0.666666666666667,dest_air_cargo_vaccine_storage_unit,7.0,0.0,0.0,False,True,False,False,False,False,True,1,-0.22848771218554736,False
batch026,2021-08-07 06:00:00,Delhi Airport,dest_air_cargo,vaccine_storage_unit,2,7,8,7.5,87.0,727,1,5,107,1,1.0,7.666666666666667,0.5773502691896258,0.33333333333333304,dest_air_cargo_vaccine_storage_unit,7.0,1.0,1.0,False,True,False,False,False,False,True,1,-0.2756475435732694,False
batch026,2021-08-07 07:00:00,Delhi Airport,dest_air_cargo,vaccine_storage_unit,2,6,7,6.5,88.0,726,1,5,108,1,-1.0,7.333333333333333,0.5773502691896258,-0.33333333333333304,dest_air_cargo_vaccine_storage_unit,7.0,0.0,0.0,False,True,False,False,False,False,True,1,-0.2750734009220898,False
batch026,2021-08-07 08:00:00,Delhi Airport,dest_air_cargo,vaccine_storage_unit,2,6,6,6.0,87.5,725,1,5,109,0,-1.0,7.0,1.0,-1.0,dest_air_cargo_vaccine_storage_unit,7.0,-1.0,1.0,False,True,False,False,False,False,True,1,-0.21559585964677674,False
batch026,2021-08-07 09:00:00,Delhi Airport,dest_air_cargo,vaccine_storage_unit,2,8,8,8.0,88.0,724,1,5,110,0,2.0,7.0,1.0,1.0,dest_air_cargo_vaccine_storage_unit,7.0,1.0,1.0,False,True,False,False,False,False,True,1,-0.193128281523547,False
batch026,2021-08-07 10:00:00,Delhi Airport,dest_air_cargo,vaccine_storage_unit,2,6,7,6.5,86.0,723,1,5,111,1,-1.0,7.0,1.0,0.0,dest_air_cargo_vaccine_storage_unit,7.0,0.0,0.0,False,True,False,False,False,False,True,1,-0.22616474596474961,False
batch026,2021-08-07 11:00:00,Delhi Airport,dest_air_cargo,vaccine_storage_unit,2,6,8,7.0,87.5,722,1,5,112,2,1.0,7.666666666666667,0.5773502691896258,0.33333333333333304,dest_air_cargo_vaccine_storage_unit,7.0,1.0,1.0,False,True,False,False,False,False,True,1,-0.26262865805643854,False
batch026,2021-08-07 12:00:00,Delhi Airport,dest_air_cargo,vaccine_storage_unit,2,6,6,6.0,87.0,721,1,5,113,0,-2.0,7.0,1.0,-1.0,dest_air_cargo_vaccine_storage_unit,7.0,-1.0,1.0,False,True,False,False,False,False,True,1,-0.20926814359987944,False
batch026,2021-08-07 13:00:00,Delhi Airport,dest_air_cargo,vaccine_storage_unit,2,7,8,7.5,86.5,720,1,5,114,1,2.0,7.333333333333333,1.1547005383792517,0.666666666666667,dest_air_cargo_vaccine_storage_unit,7.0,1.0,1.0,False,True,False,False,False,False,True,1,-0.23857673481433433,False
batch027,2021-06-01 01:00:00,"Kalamazoo, Michigan",source_hub,ultra_low_temperature_freezer,2,-71,-70,-70.5,95.0,840,0,0,0,1,0.0,-70.0,0.0,0.0,source_hub_ultra_low_temperature_freezer,-69.0,-1.0,1.0,False,False,False,True,False,True,False,1,-0.3094352017660051,False
batch027,2021-06-01 02:00:00,"Kalamazoo, Michigan",source_hub,ultra_low_temperature_freezer,2,-71,-69,-70.0,95.0,840,0,0,0,2,1.0,-69.5,0.7071067811865476,0.5,source_hub_ultra_low_temperature_freezer,-69.0,0.0,0.0,False,False,False,True,False,True,False,1,-0.3261860710233632,False
batch027,2021-06-01 03:00:00,"Kalamazoo, Michigan",source_hub,ultra_low_temperature_freezer,2,-71,-69,-70.0,95.0,840,0,0,0,2,0.0,-69.33333333333333,0.5773502691896247,0.3333333333333286,source_hub_ultra_low_temperature_freezer,-69.0,0.0,0.0,False,False,False,True,False,True,False,1,-0.3377777300659409,False
batch027,2021-06-01 04:00:00,"Kalamazoo, Michigan",source_hub,ultra_low_temperature_freezer,2,-71,-70,-70.5,95.0,840,0,0,0,1,-1.0,-69.33333333333333,0.5773502691896278,-0.6666666666666714,source_hub_ultra_low_temperature_freezer,-69.0,-1.0,1.0,False,False,False,True,False,True,False,1,-0.32729167295734046,False
batch027,2021-06-01 05:00:00,"Kalamazoo, Michigan",source_hub,ultra_low_temperature_freezer,2,-69,-69,-69.0,95.0,840,0,0,0,0,1.0,-69.33333333333333,0.5773502691896278,0.3333333333333286,source_hub_ultra_low_temperature_freezer,-69.0,0.0,0.0,False,False,False,True,False,True,False,1,-0.31771943875511394,False
batch027,2021-06-01 06:00:00,"Kalamazoo, Michigan",source_hub,ultra_low_temperature_freezer,1,-70,-70,-70.0,95.0,840,0,0,0,0,-1.0,-69.66666666666667,0.5773502691896278,-0.3333333333333286,source_hub_ultra_low_temperature_freezer,-69.0,-1.0,1.0,False,False,False,True,False,True,False,1,-0.3229838430845815,False
batch027,2021-06-01 07:00:00,"Kalamazoo, Michigan",source_hub,ultra_low_temperature_freezer,2,-71,-69,-70.0,95.0,840,0,0,0,2,1.0,-69.33333333333333,0.5773502691896278,0.3333333333333286,source_hub_ultra_low_temperature_freezer,-69.0,0.0,0.0,False,False,False,True,False,True,False,1,-0.33732507397149486,False
batch027,2021-06-01 08:00:00,"Kalamazoo, Michigan",source_hub,ultra_low_temperature_freezer,2,-71,-70,-70.5,95.0,840,0,0,0,1,-1.0,-69.66666666666667,0.5773502691896278,-0.3333333333333286,source_hub_ultra_low_temperature_freezer,-69.0,-1.0,1.0,False,False,False,True,False,True,False,1,-0.33196154391316973,False
batch027,2021-06-01 09:00:00,"Kalamazoo, Michigan",source_hub,ultra_low_temperature_freezer,2,-70,-69,-69.5,95.0,840,0,0,0,1,1.0,-69.33333333333333,0.5773502691896278,0.3333333333333286,source_hub_ultra_low_temperature_freezer,-69.0,0.0,0.0,False,False,False,True,False,True,False,1,-0.3454540093428116,False
batch027,2021-06-01 10:00:00,"Kalamazoo, Michigan",source_hub,ultra_low_temperature_freezer,2,-71,-70,-70.5,95.0,840,0,0,0,1,-1.0,-69.66666666666667,0.5773502691896278,-0.3333333333333286,source_hub_ultra_low_temperature_freezer,-69.0,-1.0,1.0,False,False,False,True,False,True,False,1,-0.33196154391316973,False
batch027,2021-06-01 11:00:00,"Shelbyville, Michigan",source_reefer_truck,ultra_low_temperature_freezer,2,-70,-69,-69.5,95.0,840,0,0,0,1,1.0,-69.33333333333333,0.5773502691896278,0.3333333333333286,source_reefer_truck_ultra_low_temperature_freezer,-69.0,0.0,0.0,False,False,False,False,True,True,False,1,-0.3454540093428116,False
batch027,2021-06-01 12:00:00,"Gerald R Ford International Airport, Michigan",source_air_cargo,ultra_low_temperature_freezer,2,-71,-70,-70.5,95.0,840,0,0,0,1,-1.0,-69.66666666666667,0.5773502691896278,-0.3333333333333286,source_air_cargo_ultra_low_temperature_freezer,-69.0,-1.0,1.0,False,False,True,False,False,True,False,1,-0.33196154391316973,False
batch027,2021-06-01 13:00:00,"Gerald R Ford International Airport, Michigan",source_air_cargo,ultra_low_temperature_freezer,2,-70,-70,-70.0,95.0,840,0,0,0,0,0.0,-69.66666666666667,0.5773502691896278,-0.3333333333333286,source_air_cargo_ultra_low_temperature_freezer,-69.0,-1.0,1.0,False,False,True,False,False,True,False,1,-0.3252878340073377,False
batch027,2021-06-01 14:00:00,"Gerald R Ford International Airport, Michigan",source_air_cargo,ultra_low_temperature_freezer,2,-70,-69,-69.5,95.0,840,0,0,0,1,1.0,-69.66666666666667,0.5773502691896278,0.6666666666666714,source_air_cargo_ultra_low_temperature_freezer,-69.0,0.0,0.0,False,False,True,False,False,True,False,1,-0.3377481467080661,False
batch027,2021-06-01 15:00:00,Not Available,air_transit,ultra_low_temperature_freezer,2,-70,-70,-70.0,95.0,840,0,0,0,0,-1.0,-69.66666666666667,0.5773502691896278,-0.3333333333333286,air_transit_ultra_low_temperature_freezer,-69.0,-1.0,1.0,True,False,False,False,False,True,False,1,-0.3229838430845815,False
batch027,2021-06-01 16:00:00,Not Available,air_transit,ultra_low_temperature_freezer,2,-71,-69,-70.0,95.0,840,0,0,0,2,1.0,-69.33333333333333,0.5773502691896278,0.3333333333333286,air_transit_ultra_low_temperature_freezer,-69.0,0.0,0.0,True,False,False,False,False,True,False,1,-0.33732507397149486,False
batch027,2021-06-01 17:00:00,Not Available,air_transit,ultra_low_temperature_freezer,2,-70,-69,-69.5,95.0,840,0,0,0,1,0.0,-69.33333333333333,0.5773502691896278,0.3333333333333286,air_transit_ultra_low_temperature_freezer,-69.0,0.0,0.0,True,False,False,False,False,True,False,1,-0.3491669960712361,False
batch027,2021-06-01 18:00:00,Not Available,air_transit,ultra_low_temperature_freezer,1,-70,-70,-70.0,95.0,840,0,0,0,0,-1.0,-69.33333333333333,0.5773502691896278,-0.6666666666666714,air_transit_ultra_low_temperature_freezer,-69.0,-1.0,1.0,True,False,False,False,False,True,False,1,-0.3120144503403306,False
batch027,2021-06-01 19:00:00,Not Available,air_transit,ultra_low_temperature_freezer,2,-71,-69,-70.0,95.0,840,0,0,0,2,1.0,-69.33333333333333,0.5773502691896278,0.3333333333333286,air_transit_ultra_low_temperature_freezer,-69.0,0.0,0.0,True,False,False,False,False,True,False,1,-0.33732507397149486,False
batch027,2021-06-01 20:00:00,Not Available,air_transit,ultra_low_temperature_freezer,2,-71,-70,-70.5,95.0,840,0,0,0,1,-1.0,-69.66666666666667,0.5773502691896278,-0.3333333333333286,air_transit_ultra_low_temperature_freezer,-69.0,-1.0,1.0,True,False,False,False,False,True,False,1,-0.33196154391316973,False
batch027,2021-06-01 21:00:00,Not Available,air_transit,ultra_low_temperature_freezer,1,-71,-71,-71.0,95.0,840,0,0,0,0,-1.0,-70.0,1.0000000000000018,-1.0,air_transit_ultra_low_temperature_freezer,-69.0,-2.0,2.0,True,False,False,False,False,True,False,1,-0.2729805616741406,False
batch027,2021-06-01 22:00:00,Not Available,air_transit,ultra_low_temperature_freezer,2,-69,-69,-69.0,95.0,840,0,0,0,0,2.0,-70.0,1.0000000000000018,1.0,air_transit_ultra_low_temperature_freezer,-69.0,0.0,0.0,True,False,False,False,False,True,False,1,-0.26814491666159873,False
batch027,2021-06-01 23:00:00,Not Available,air_transit,ultra_low_temperature_freezer,2,-69,-69,-69.0,95.0,840,0,0,0,0,0.0,-69.66666666666667,1.1547005383792541,0.6666666666666714,air_transit_ultra_low_temperature_freezer,-69.0,0.0,0.0,True,False,False,False,False,True,False,1,-0.30077352229774074,False
batch027,2021-06-02 00:00:00,Not Available,air_transit,ultra_low_temperature_freezer,2,-71,-69,-70.0,95.0,840,0,0,0,2,0.0,-69.0,0.0,0.0,air_transit_ultra_low_temperature_freezer,-69.0,0.0,0.0,True,False,False,False,False,True,False,1,-0.32347017658240806,False
batch027,2021-06-02 01:00:00,Not Available,air_transit,ultra_low_temperature_freezer,2,-70,-69,-69.5,95.0,840,0,0,0,1,0.0,-69.0,0.0,0.0,air_transit_ultra_low_temperature_freezer,-69.0,0.0,0.0,True,False,False,False,False,True,False,1,-0.33475665422096784,False
batch027,2021-06-02 02:00:00,Not Available,air_transit,ultra_low_temperature_freezer,2,-71,-69,-70.0,95.0,840,0,0,0,2,0.0,-69.0,0.0,0.0,air_transit_ultra_low_temperature_freezer,-69.0,0.0,0.0,True,False,False,False,False,True,False,1,-0.32347017658240806,False
batch027,2021-06-02 03:00:00,Not Available,air_transit,ultra_low_temperature_freezer,2,-70,-69,-69.5,95.0,840,0,0,0,1,0.0,-69.0,0.0,0.0,air_transit_ultra_low_temperature_freezer,-69.0,0.0,0.0,True,False,False,False,False,True,False,1,-0.33475665422096784,False
batch027,2021-06-02 04:00:00,Not Available,air_transit,ultra_low_temperature_freezer,2,-71,-70,-70.5,95.0,840,0,0,0,1,-1.0,-69.33333333333333,0.5773502691896278,-0.6666666666666714,air_transit_ultra_low_temperature_freezer,-69.0,-1.0,1.0,True,False,False,False,False,True,False,1,-0.32729167295734046,False
batch027,2021-06-02 05:00:00,Not Available,air_transit,ultra_low_temperature_freezer,2,-70,-69,-69.5,95.0,840,0,0,0,1,1.0,-69.33333333333333,0.5773502691896278,0.3333333333333286,air_transit_ultra_low_temperature_freezer,-69.0,0.0,0.0,True,False,False,False,False,True,False,1,-0.3454540093428116,False
batch027,2021-06-02 06:00:00,Not Available,air_transit,ultra_low_temperature_freezer,1,-71,-71,-71.0,95.0,840,0,0,0,0,-2.0,-70.0,1.0000000000000018,-1.0,air_transit_ultra_low_temperature_freezer,-69.0,-2.0,2.0,True,False,False,False,False,True,False,1,-0.26414626126403745,False
batch027,2021-06-02 07:00:00,Not Available,air_transit,ultra_low_temperature_freezer,2,-71,-69,-70.0,95.0,840,0,0,0,2,2.0,-69.66666666666667,1.1547005383792541,0.6666666666666714,air_transit_ultra_low_temperature_freezer,-69.0,0.0,0.0,True,False,False,False,False,True,False,1,-0.3055378030308116,False
batch027,2021-06-02 08:00:00,Not Available,air_transit,ultra_low_temperature_freezer,1,-70,-70,-70.0,95.0,840,0,0,0,0,-1.0,-70.0,1.0000000000000018,0.0,air_transit_ultra_low_temperature_freezer,-69.0,-1.0,1.0,True,False,False,False,False,True,False,1,-0.3082804721418137,False
batch027,2021-06-02 09:00:00,Not Available,air_transit,ultra_low_temperature_freezer,2,-71,-69,-70.0,95.0,840,0,0,0,2,1.0,-69.33333333333333,0.5773502691896278,0.3333333333333286,air_transit_ultra_low_temperature_freezer,-69.0,0.0,0.0,True,False,False,False,False,True,False,1,-0.33732507397149486,False
batch027,2021-06-02 10:00:00,Not Available,air_transit,ultra_low_temperature_freezer,2,-70,-70,-70.0,95.0,840,0,0,0,0,-1.0,-69.66666666666667,0.5773502691896278,-0.3333333333333286,air_transit_ultra_low_temperature_freezer,-69.0,-1.0,1.0,True,False,False,False,False,True,False,1,-0.3229838430845815,False
batch027,2021-06-02 11:00:00,Not Available,air_transit,ultra_low_temperature_freezer,2,-71,-71,-71.0,95.0,840,0,0,0,0,-1.0,-70.0,1.0000000000000018,-1.0,air_transit_ultra_low_temperature_freezer,-69.0,-2.0,2.0,True,False,False,False,False,True,False,1,-0.2729805616741406,False
batch027,2021-06-02 12:00:00,Delhi Airport,dest_air_cargo,ultra_low_temperature_freezer,2,-68,-67,-67.5,95.0,840,0,0,0,1,4.0,-69.33333333333333,2.0816659994661317,2.3333333333333286,dest_air_cargo_ultra_low_temperature_freezer,-67.0,0.0,0.0,False,True,False,False,False,True,False,1,-0.16651998444578842,False
batch027,2021-06-02 13:00:00,Delhi Airport,dest_air_cargo,ultra_low_temperature_freezer,2,-66,-65,-65.5,95.0,840,0,0,0,1,2.0,-67.66666666666667,3.0550504633038935,2.6666666666666714,dest_air_cargo_ultra_low_temperature_freezer,-67.0,2.0,2.0,False,True,False,False,False,True,False,1,-0.1386243524226074,False
batch027,2021-06-02 14:00:00,Delhi Airport,dest_air_cargo,ultra_low_temperature_freezer,2,-69,-65,-67.0,95.0,840,0,0,0,4,0.0,-65.66666666666667,1.1547005383792588,0.6666666666666714,dest_air_cargo_ultra_low_temperature_freezer,-67.0,2.0,2.0,False,True,False,False,False,True,False,1,-0.1400298933038603,False
batch027,2021-06-02 15:00:00,Delhi Airport,dest_air_cargo,ultra_low_temperature_freezer,2,-70,-65,-67.5,95.0,840,0,0,0,5,0.0,-65.0,0.0,0.0,dest_air_cargo_ultra_low_temperature_freezer,-67.0,2.0,2.0,False,True,False,False,False,True,False,1,-0.13355132308259243,False
batch027,2021-06-02 16:00:00,Delhi Airport,dest_air_cargo,ultra_low_temperature_freezer,2,-70,-66,-68.0,95.0,840,0,0,0,4,-1.0,-65.33333333333333,0.5773502691896278,-0.6666666666666714,dest_air_cargo_ultra_low_temperature_freezer,-67.0,1.0,1.0,False,True,False,False,False,True,False,1,-0.1743786455020625,False
batch027,2021-06-02 17:00:00,Delhi Airport,dest_air_cargo,ultra_low_temperature_freezer,2,-68,-65,-66.5,95.0,840,0,0,0,3,1.0,-65.33333333333333,0.5773502691896278,0.3333333333333286,dest_air_cargo_ultra_low_temperature_freezer,-67.0,2.0,2.0,False,True,False,False,False,True,False,1,-0.17810004572229188,False
batch027,2021-06-02 18:00:00,Delhi Airport,dest_air_cargo,vaccine_storage_unit,2,-65,-61,-63.0,94.0,839,1,0,0,4,4.0,-64.0,2.645751311064591,3.0,dest_air_cargo_vaccine_storage_unit,7.0,-68.0,68.0,False,True,False,False,False,False,True,1,-0.022320989634137534,False
batch028,2021-07-01 01:00:00,"Kalamazoo, Michigan",source_hub,ultra_low_temperature_freezer,2,-70,-70,-70.0,95.0,840,0,0,0,0,0.0,-70.0,0.0,0.0,source_hub_ultra_low_temperature_freezer,-69.0,-1.0,1.0,False,False,False,True,False,True,False,1,-0.3034958186116679,False
batch028,2021-07-01 02:00:00,"Kalamazoo, Michigan",source_hub,ultra_low_temperature_freezer,1,-70,-70,-70.0,95.0,840,0,0,0,0,0.0,-70.0,0.0,0.0,source_hub_ultra_low_temperature_freezer,-69.0,-1.0,1.0,False,False,False,True,False,True,False,1,-0.3034958186116679,False
batch028,2021-07-01 03:00:00,"Kalamazoo, Michigan",source_hub,ultra_low_temperature_freezer,2,-71,-70,-70.5,95.0,840,0,0,0,1,0.0,-70.0,0.0,0.0,source_hub_ultra_low_temperature_freezer,-69.0,-1.0,1.0,False,False,False,True,False,True,False,1,-0.3094352017660051,False
batch028,2021-07-01 04:00:00,"Kalamazoo, Michigan",source_hub,ultra_low_temperature_freezer,2,-71,-71,-71.0,95.0,840,0,0,0,0,-1.0,-70.33333333333333,0.5773502691896278,-0.6666666666666714,source_hub_ultra_low_temperature_freezer,-69.0,-2.0,2.0,False,False,False,True,False,True,False,1,-0.2648274617561135,False
batch028,2021-07-01 05:00:00,"Kalamazoo, Michigan",source_hub,ultra_low_temperature_freezer,2,-71,-70,-70.5,95.0,840,0,0,0,1,1.0,-70.33333333333333,0.5773502691896278,0.3333333333333286,source_hub_ultra_low_temperature_freezer,-69.0,-1.0,1.0,False,False,False,True,False,True,False,1,-0.30784886111173815,False
batch028,2021-07-01 06:00:00,"Kalamazoo, Michigan",source_hub,ultra_low_temperature_freezer,1,-71,-71,-71.0,95.0,840,0,0,0,0,-1.0,-70.66666666666667,0.5773502691896278,-0.3333333333333286,source_hub_ultra_low_temperature_freezer,-69.0,-2.0,2.0,False,False,False,True,False,True,False,1,-0.24949222300035423,False
batch028,2021-07-01 07:00:00,"Kalamazoo, Michigan",source_hub,ultra_low_temperature_freezer,1,-69,-69,-69.0,95.0,840,0,0,0,0,2.0,-70.0,1.0000000000000018,1.0,source_hub_ultra_low_temperature_freezer,-69.0,0.0,0.0,False,False,False,True,False,True,False,1,-0.26814491666159873,False
batch028,2021-07-01 08:00:00,"Kalamazoo, Michigan",source_hub,ultra_low_temperature_freezer,2,-70,-70,-70.0,95.0,840,0,0,0,0,-1.0,-70.0,1.0000000000000018,0.0,source_hub_ultra_low_temperature_freezer,-69.0,-1.0,1.0,False,False,False,True,False,True,False,1,-0.3082804721418137,False
batch028,2021-07-01 09:00:00,"Kalamazoo, Michigan",source_hub,ultra_low_temperature_freezer,2,-71,-70,-70.5,95.0,840,0,0,0,1,0.0,-69.66666666666667,0.5773502691896278,-0.3333333333333286,source_hub_ultra_low_temperature_freezer,-69.0,-1.0,1.0,False,False,False,True,False,True,False,1,-0.33525916918763676,False
batch028,2021-07-01 10:00:00,"Kalamazoo, Michigan",source_hub,ultra_low_temperature_freezer,2,-70,-69,-69.5,95.0,840,0,0,0,1,1.0,-69.66666666666667,0.5773502691896278,0.6666666666666714,source_hub_ultra_low_temperature_freezer,-69.0,0.0,0.0,False,False,False,True,False,True,False,1,-0.3377481467080661,False
batch028,2021-07-01 11:00:00,"Shelbyville, Michigan",source_reefer_truck,ultra_low_temperature_freezer,2,-71,-69,-70.0,95.0,840,0,0,0,2,0.0,-69.33333333333333,0.5773502691896278,0.3333333333333286,source_reefer_truck_ultra_low_temperature_freezer,-69.0,0.0,0.0,False,False,False,False,True,True,False,1,-0.3377777300659409,False
batch028,2021-07-01 12:00:00,"Gerald R Ford International Airport, Michigan",source_air_cargo,ultra_low_temperature_freezer,2,-71,-70,-70.5,95.0,840,0,0,0,1,-1.0,-69.33333333333333,0.5773502691896278,-0.6666666666666714,source_air_cargo_ultra_low_temperature_freezer,-69.0,-1.0,1.0,False,False,True,False,False,True,False,1,-0.32729167295734046,False
batch028,2021-07-01 13:00:00,"Gerald R Ford International Airport, Michigan",source_air_cargo,ultra_low_temperature_freezer,2,-69,-69,-69.0,95.0,840,0,0,0,0,1.0,-69.33333333333333,0.5773502691896278,0.3333333333333286,source_air_cargo_ultra_low_temperature_freezer,-69.0,0.0,0.0,False,False,True,False,False,True,False,1,-0.31771943875511394,False
batch028,2021-07-01 14:00:00,"Gerald R Ford International Airport, Michigan",source_air_cargo,ultra_low_temperature_freezer,2,-71,-70,-70.5,95.0,840,0,0,0,1,-1.0,-69.66666666666667,0.5773502691896278,-0.3333333333333286,source_air_cargo_ultra_low_temperature_freezer,-69.0,-1.0,1.0,False,False,True,False,False,True,False,1,-0.33196154391316973,False
batch028,2021-07-01 15:00:00,Not Available,air_transit,ultra_low_temperature_freezer,2,-69,-69,-69.0,95.0,840,0,0,0,0,1.0,-69.33333333333333,0.5773502691896278,0.3333333333333286,air_transit_ultra_low_temperature_freezer,-69.0,0.0,0.0,True,False,False,False,False,True,False,1,-0.31771943875511394,False
batch028,2021-07-01 16:00:00,Not Available,air_transit,ultra_low_temperature_freezer,2,-71,-70,-70.5,95.0,840,0,0,0,1,-1.0,-69.66666666666667,0.5773502691896278,-0.3333333333333286,air_transit_ultra_low_temperature_freezer,-69.0,-1.0,1.0,True,False,False,False,False,True,False,1,-0.33196154391316973,False
batch028,2021-07-01 17:00:00,Not Available,air_transit,ultra_low_temperature_freezer,2,-71,-70,-70.5,95.0,840,0,0,0,1,0.0,-69.66666666666667,0.5773502691896278,-0.3333333333333286,air_transit_ultra_low_temperature_freezer,-69.0,-1.0,1.0,True,False,False,False,False,True,False,1,-0.33525916918763676,False
batch028,2021-07-01 18:00:00,Not Available,air_transit,ultra_low_temperature_freezer,1,-69,-69,-69.0,95.0,840,0,0,0,0,1.0,-69.66666666666667,0.5773502691896278,0.6666666666666714,air_transit_ultra_low_temperature_freezer,-69.0,0.0,0.0,True,False,False,False,False,True,False,1,-0.30777503122937655,False
batch028,2021-07-01 19:00:00,Not Available,air_transit,ultra_low_temperature_freezer,2,-70,-70,-70.0,95.0,840,0,0,0,0,-1.0,-69.66666666666667,0.5773502691896278,-0.3333333333333286,air_transit_ultra_low_temperature_freezer,-69.0,-1.0,1.0,True,False,False,False,False,True,False,1,-0.3229838430845815,False
batch028,2021-07-01 20:00:00,Not Available,air_transit,ultra_low_temperature_freezer,2,-70,-69,-69.5,95.0,840,0,0,0,1,1.0,-69.33333333333333,0.5773502691896278,0.3333333333333286,air_transit_ultra_low_temperature_freezer,-69.0,0.0,0.0,True,False,False,False,False,True,False,1,-0.3454540093428116,False
batch028,2021-07-01 21:00:00,Not Available,air_transit,ultra_low_temperature_freezer,2,-71,-70,-70.5,95.0,840,0,0,0,1,-1.0,-69.66666666666667,0.5773502691896278,-0.3333333333333286,air_transit_ultra_low_temperature_freezer,-69.0,-1.0,1.0,True,False,False,False,False,True,False,1,-0.33196154391316973,False
batch028,2021-07-01 22:00:00,Not Available,air_transit,ultra_low_temperature_freezer,2,-71,-69,-70.0,95.0,840,0,0,0,2,1.0,-69.33333333333333,0.5773502691896278,0.3333333333333286,air_transit_ultra_low_temperature_freezer,-69.0,0.0,0.0,True,False,False,False,False,True,False,1,-0.33732507397149486,False
batch028,2021-07-01 23:00:00,Not Available,air_transit,ultra_low_temperature_freezer,2,-71,-70,-70.5,95.0,840,0,0,0,1,-1.0,-69.66666666666667,0.5773502691896278,-0.3333333333333286,air_transit_ultra_low_temperature_freezer,-69.0,-1.0,1.0,True,False,False,False,False,True,False,1,-0.33196154391316973,False
batch028,2021-07-02 00:00:00,Not Available,air_transit,ultra_low_temperature_freezer,2,-70,-69,-69.5,95.0,840,0,0,0,1,1.0,-69.33333333333333,0.5773502691896278,0.3333333333333286,air_transit_ultra_low_temperature_freezer,-69.0,0.0,0.0,True,False,False,False,False,True,False,1,-0.3454540093428116,False
batch028,2021-07-02 01:00:00,Not Available,air_transit,ultra_low_temperature_freezer,2,-70,-69,-69.5,95.0,840,0,0,0,1,0.0,-69.33333333333333,0.5773502691896278,0.3333333333333286,air_transit_ultra_low_temperature_freezer,-69.0,0.0,0.0,True,False,False,False,False,True,False,1,-0.3491669960712361,False
batch028,2021-07-02 02:00:00,Not Available,air_transit,ultra_low_temperature_freezer,2,-71,-69,-70.0,95.0,840,0,0,0,2,0.0,-69.0,0.0,0.0,air_transit_ultra_low_temperature_freezer,-69.0,0.0,0.0,True,False,False,False,False,True,False,1,-0.32347017658240806,False
batch028,2021-07-02 03:00:00,Not Available,air_transit,ultra_low_temperature_freezer,1,-70,-70,-70.0,95.0,840,0,0,0,0,-1.0,-69.33333333333333,0.5773502691896278,-0.6666666666666714,air_transit_ultra_low_temperature_freezer,-69.0,-1.0,1.0,True,False,False,False,False,True,False,1,-0.3120144503403306,False
batch028,2021-07-02 04:00:00,Not Available,air_transit,ultra_low_temperature_freezer,2,-71,-69,-70.0,95.0,840,0,0,0,2,1.0,-69.33333333333333,0.5773502691896278,0.3333333333333286,air_transit_ultra_low_temperature_freezer,-69.0,0.0,0.0,True,False,False,False,False,True,False,1,-0.33732507397149486,False
batch028,2021-07-02 05:00:00,Not Available,air_transit,ultra_low_temperature_freezer,2,-71,-69,-70.0,95.0,840,0,0,0,2,0.0,-69.33333333333333,0.5773502691896278,0.3333333333333286,air_transit_ultra_low_temperature_freezer,-69.0,0.0,0.0,True,False,False,False,False,True,False,1,-0.3377777300659409,False
batch028,2021-07-02 06:00:00,Not Available,air_transit,ultra_low_temperature_freezer,2,-71,-70,-70.5,95.0,840,0,0,0,1,-1.0,-69.33333333333333,0.5773502691896278,-0.6666666666666714,air_transit_ultra_low_temperature_freezer,-69.0,-1.0,1.0,True,False,False,False,False,True,False,1,-0.32729167295734046,False
batch028,2021-07-02 07:00:00,Not Available,air_transit,ultra_low_temperature_freezer,2,-71,-70,-70.5,95.0,840,0,0,0,1,0.0,-69.66666666666667,0.5773502691896278,-0.3333333333333286,air_transit_ultra_low_temperature_freezer,-69.0,-1.0,1.0,True,False,False,False,False,True,False,1,-0.33525916918763676,False
batch028,2021-07-02 08:00:00,Delhi Airport,dest_air_cargo,ultra_low_temperature_freezer,1,-69,-69,-69.0,95.0,840,0,0,0,0,1.0,-69.66666666666667,0.5773502691896278,0.6666666666666714,dest_air_cargo_ultra_low_temperature_freezer,-67.0,-2.0,2.0,False,True,False,False,False,True,False,1,-0.2678717929281296,False
batch028,2021-07-02 09:00:00,Delhi Airport,dest_air_cargo,ultra_low_temperature_freezer,2,-71,-71,-71.0,95.0,840,0,0,0,0,-2.0,-70.0,1.0000000000000018,-1.0,dest_air_cargo_ultra_low_temperature_freezer,-67.0,-4.0,4.0,False,True,False,False,False,True,False,1,-0.1841499860594491,False
batch028,2021-07-02 10:00:00,Delhi Airport,dest_air_cargo,ultra_low_temperature_freezer,2,-71,-70,-70.5,95.0,840,0,0,0,1,1.0,-70.0,1.0000000000000018,0.0,dest_air_cargo_ultra_low_temperature_freezer,-67.0,-3.0,3.0,False,True,False,False,False,True,False,1,-0.23864459975859897,False
batch028,2021-07-02 11:00:00,Delhi Airport,dest_air_cargo,ultra_low_temperature_freezer,2,-71,-69,-70.0,95.0,840,0,0,0,2,1.0,-70.0,1.0000000000000018,1.0,dest_air_cargo_ultra_low_temperature_freezer,-67.0,-2.0,2.0,False,True,False,False,False,True,False,1,-0.25966337336573847,False
batch028,2021-07-02 12:00:00,Delhi Airport,dest_air_cargo,ultra_low_temperature_freezer,2,-71,-69,-70.0,95.0,840,0,0,0,2,0.0,-69.33333333333333,0.5773502691896278,0.3333333333333286,dest_air_cargo_ultra_low_temperature_freezer,-67.0,-2.0,2.0,False,True,False,False,False,True,False,1,-0.2811024223668746,False
batch028,2021-07-02 13:00:00,Delhi Airport,dest_air_cargo,ultra_low_temperature_freezer,2,-70,-69,-69.5,95.0,840,0,0,0,1,0.0,-69.0,0.0,0.0,dest_air_cargo_ultra_low_temperature_freezer,-67.0,-2.0,2.0,False,True,False,False,False,True,False,1,-0.28170795946700944,False
batch028,2021-07-02 14:00:00,Delhi Airport,dest_air_cargo,vaccine_storage_unit,2,-63,-61,-62.0,94.0,839,1,0,0,2,8.0,-66.33333333333333,4.618802153517004,5.333333333333329,dest_air_cargo_vaccine_storage_unit,7.0,-68.0,68.0,False,True,False,False,False,False,True,1,-0.019425410850752778,False
batch029,2021-08-01 01:00:00,"Kalamazoo, Michigan",source_hub,ultra_low_temperature_freezer,2,-70,-69,-69.5,95.0,840,0,0,0,1,0.0,-69.0,0.0,0.0,source_hub_ultra_low_temperature_freezer,-69.0,0.0,0.0,False,False,False,True,False,True,False,1,-0.33475665422096784,False
batch029,2021-08-01 02:00:00,"Kalamazoo, Michigan",source_hub,ultra_low_temperature_freezer,2,-70,-69,-69.5,95.0,840,0,0,0,1,0.0,-69.0,0.0,0.0,source_hub_ultra_low_temperature_freezer,-69.0,0.0,0.0,False,False,False,True,False,True,False,1,-0.33475665422096784,False
batch029,2021-08-01 03:00:00,"Kalamazoo, Michigan",source_hub,ultra_low_temperature_freezer,2,-71,-70,-70.5,95.0,840,0,0,0,1,-1.0,-69.33333333333333,0.5773502691896278,-0.6666666666666714,source_hub_ultra_low_temperature_freezer,-69.0,-1.0,1.0,False,False,False,True,False,True,False,1,-0.32729167295734046,False
batch029,2021-08-01 04:00:00,"Kalamazoo, Michigan",source_hub,ultra_low_temperature_freezer,2,-71,-70,-70.5,95.0,840,0,0,0,1,0.0,-69.66666666666667,0.5773502691896278,-0.3333333333333286,source_hub_ultra_low_temperature_freezer,-69.0,-1.0,1.0,False,False,False,True,False,True,False,1,-0.33525916918763676,False
batch029,2021-08-01 05:00:00,"Kalamazoo, Michigan",source_hub,ultra_low_temperature_freezer,2,-71,-69,-70.0,95.0,840,0,0,0,2,1.0,-69.66666666666667,0.5773502691896278,0.6666666666666714,source_hub_ultra_low_temperature_freezer,-69.0,0.0,0.0,False,False,False,True,False,True,False,1,-0.32792824345500965,False
batch029,2021-08-01 06:00:00,"Kalamazoo, Michigan",source_hub,ultra_low_temperature_freezer,2,-71,-69,-70.0,95.0,840,0,0,0,2,0.0,-69.33333333333333,0.5773502691896278,0.3333333333333286,source_hub_ultra_low_temperature_freezer,-69.0,0.0,0.0,False,False,False,True,False,True,False,1,-0.3377777300659409,False
batch029,2021-08-01 07:00:00,"Kalamazoo, Michigan",source_hub,ultra_low_temperature_freezer,2,-71,-69,-70.0,95.0,840,0,0,0,2,0.0,-69.0,0.0,0.0,source_hub_ultra_low_temperature_freezer,-69.0,0.0,0.0,False,False,False,True,False,True,False,1,-0.32347017658240806,False
batch029,2021-08-01 08:00:00,"Kalamazoo, Michigan",source_hub,ultra_low_temperature_freezer,2,-69,-69,-69.0,95.0,840,0,0,0,0,0.0,-69.0,0.0,0.0,source_hub_ultra_low_temperature_freezer,-69.0,0.0,0.0,False,False,False,True,False,True,False,1,-0.3095030546648811,False
batch029,2021-08-01 09:00:00,"Kalamazoo, Michigan",source_hub,ultra_low_temperature_freezer,2,-71,-70,-70.5,95.0,840,0,0,0,1,-1.0,-69.33333333333333,0.5773502691896278,-0.6666666666666714,source_hub_ultra_low_temperature_freezer,-69.0,-1.0,1.0,False,False,False,True,False,True,False,1,-0.32729167295734046,False
batch029,2021-08-01 10:00:00,"Kalamazoo, Michigan",source_hub,ultra_low_temperature_freezer,2,-69,-69,-69.0,95.0,840,0,0,0,0,1.0,-69.33333333333333,0.5773502691896278,0.3333333333333286,source_hub_ultra_low_temperature_freezer,-69.0,0.0,0.0,False,False,False,True,False,True,False,1,-0.31771943875511394,False
batch029,2021-08-01 11:00:00,"Shelbyville, Michigan",source_reefer_truck,ultra_low_temperature_freezer,2,-70,-70,-70.0,95.0,840,0,0,0,0,-1.0,-69.66666666666667,0.5773502691896278,-0.3333333333333286,source_reefer_truck_ultra_low_temperature_freezer,-69.0,-1.0,1.0,False,False,False,False,True,True,False,1,-0.3229838430845815,False
batch029,2021-08-01 12:00:00,"Gerald R Ford International Airport, Michigan",source_air_cargo,ultra_low_temperature_freezer,2,-71,-71,-71.0,95.0,840,0,0,0,0,-1.0,-70.0,1.0000000000000018,-1.0,source_air_cargo_ultra_low_temperature_freezer,-69.0,-2.0,2.0,False,False,True,False,False,True,False,1,-0.2729805616741406,False
batch029,2021-08-01 13:00:00,"Gerald R Ford International Airport, Michigan",source_air_cargo,ultra_low_temperature_freezer,2,-71,-70,-70.5,95.0,840,0,0,0,1,1.0,-70.33333333333333,0.5773502691896278,0.3333333333333286,source_air_cargo_ultra_low_temperature_freezer,-69.0,-1.0,1.0,False,False,True,False,False,True,False,1,-0.30784886111173815,False
batch029,2021-08-01 14:00:00,"Gerald R Ford International Airport, Michigan",source_air_cargo,ultra_low_temperature_freezer,2,-71,-70,-70.5,95.0,840,0,0,0,1,0.0,-70.33333333333333,0.5773502691896278,0.3333333333333286,source_air_cargo_ultra_low_temperature_freezer,-69.0,-1.0,1.0,False,False,True,False,False,True,False,1,-0.3148895309501774,False
batch029,2021-08-01 15:00:00,Not Available,air_transit,ultra_low_temperature_freezer,2,-70,-70,-70.0,95.0,840,0,0,0,0,0.0,-70.0,0.0,0.0,air_transit_ultra_low_temperature_freezer,-69.0,-1.0,1.0,True,False,False,False,False,True,False,1,-0.3034958186116679,False
batch029,2021-08-01 16:00:00,Not Available,air_transit,ultra_low_temperature_freezer,2,-71,-70,-70.5,95.0,840,0,0,0,1,0.0,-70.0,0.0,0.0,air_transit_ultra_low_temperature_freezer,-69.0,-1.0,1.0,True,False,False,False,False,True,False,1,-0.3094352017660051,False
batch029,2021-08-01 17:00:00,Not Available,air_transit,ultra_low_temperature_freezer,2,-71,-70,-70.5,95.0,840,0,0,0,1,0.0,-70.0,0.0,0.0,air_transit_ultra_low_temperature_freezer,-69.0,-1.0,1.0,True,False,False,False,False,True,False,1,-0.3094352017660051,False
batch029,2021-08-01 18:00:00,Not Available,air_transit,ultra_low_temperature_freezer,1,-71,-71,-71.0,95.0,840,0,0,0,0,-1.0,-70.33333333333333,0.5773502691896278,-0.6666666666666714,air_transit_ultra_low_temperature_freezer,-69.0,-2.0,2.0,True,False,False,False,False,True,False,1,-0.2648274617561135,False
batch029,2021-08-01 19:00:00,Not Available,air_transit,ultra_low_temperature_freezer,2,-70,-69,-69.5,95.0,840,0,0,0,1,2.0,-70.0,1.0000000000000018,1.0,air_transit_ultra_low_temperature_freezer,-69.0,0.0,0.0,True,False,False,False,False,True,False,1,-0.29710981485308285,False
batch029,2021-08-01 20:00:00,Not Available,air_transit,ultra_low_temperature_freezer,2,-70,-69,-69.5,95.0,840,0,0,0,1,0.0,-69.66666666666667,1.1547005383792541,0.6666666666666714,air_transit_ultra_low_temperature_freezer,-69.0,0.0,0.0,True,False,False,False,False,True,False,1,-0.33243127773137215,False
batch029,2021-08-01 21:00:00,Not Available,air_transit,ultra_low_temperature_freezer,2,-71,-70,-70.5,95.0,840,0,0,0,1,-1.0,-69.33333333333333,0.5773502691896278,-0.6666666666666714,air_transit_ultra_low_temperature_freezer,-69.0,-1.0,1.0,True,False,False,False,False,True,False,1,-0.32729167295734046,False
batch029,2021-08-01 22:00:00,Not Available,air_transit,ultra_low_temperature_freezer,2,-70,-69,-69.5,95.0,840,0,0,0,1,1.0,-69.33333333333333,0.5773502691896278,0.3333333333333286,air_transit_ultra_low_temperature_freezer,-69.0,0.0,0.0,True,False,False,False,False,True,False,1,-0.3454540093428116,False
batch029,2021-08-01 23:00:00,Not Available,air_transit,ultra_low_temperature_freezer,2,-71,-69,-70.0,95.0,840,0,0,0,2,0.0,-69.33333333333333,0.5773502691896278,0.3333333333333286,air_transit_ultra_low_temperature_freezer,-69.0,0.0,0.0,True,False,False,False,False,True,False,1,-0.3377777300659409,False
batch029,2021-08-02 00:00:00,Not Available,air_transit,ultra_low_temperature_freezer,1,-71,-71,-71.0,95.0,840,0,0,0,0,-2.0,-69.66666666666667,1.1547005383792495,-1.3333333333333286,air_transit_ultra_low_temperature_freezer,-69.0,-2.0,2.0,True,False,False,False,False,True,False,1,-0.25084047606746596,False
batch029,2021-08-02 01:00:00,Not Available,air_transit,ultra_low_temperature_freezer,2,-69,-69,-69.0,95.0,840,0,0,0,0,2.0,-69.66666666666667,1.1547005383792495,0.6666666666666714,air_transit_ultra_low_temperature_freezer,-69.0,0.0,0.0,True,False,False,False,False,True,False,1,-0.2833759563273076,False
batch029,2021-08-02 02:00:00,Not Available,air_transit,ultra_low_temperature_freezer,2,-70,-69,-69.5,95.0,840,0,0,0,1,0.0,-69.66666666666667,1.1547005383792495,0.6666666666666714,air_transit_ultra_low_temperature_freezer,-69.0,0.0,0.0,True,False,False,False,False,True,False,1,-0.33243127773137215,False
batch029,2021-08-02 03:00:00,Not Available,air_transit,ultra_low_temperature_freezer,2,-71,-70,-70.5,95.0,840,0,0,0,1,-1.0,-69.33333333333333,0.5773502691896278,-0.6666666666666714,air_transit_ultra_low_temperature_freezer,-69.0,-1.0,1.0,True,False,False,False,False,True,False,1,-0.32729167295734046,False
batch029,2021-08-02 04:00:00,Not Available,air_transit,ultra_low_temperature_freezer,2,-70,-69,-69.5,95.0,840,0,0,0,1,1.0,-69.33333333333333,0.5773502691896278,0.3333333333333286,air_transit_ultra_low_temperature_freezer,-69.0,0.0,0.0,True,False,False,False,False,True,False,1,-0.3454540093428116,False
batch029,2021-08-02 05:00:00,Not Available,air_transit,ultra_low_temperature_freezer,2,-71,-70,-70.5,95.0,840,0,0,0,1,-1.0,-69.66666666666667,0.5773502691896278,-0.3333333333333286,air_transit_ultra_low_temperature_freezer,-69.0,-1.0,1.0,True,False,False,False,False,True,False,1,-0.33196154391316973,False
batch029,2021-08-02 06:00:00,Not Available,air_transit,ultra_low_temperature_freezer,2,-71,-69,-70.0,95.0,840,0,0,0,2,1.0,-69.33333333333333,0.5773502691896278,0.3333333333333286,air_transit_ultra_low_temperature_freezer,-69.0,0.0,0.0,True,False,False,False,False,True,False,1,-0.33732507397149486,False
batch029,2021-08-02 07:00:00,Not Available,air_transit,ultra_low_temperature_freezer,2,-68,-67,-67.5,95.0,840,0,0,0,1,2.0,-68.66666666666667,1.5275252316519499,1.6666666666666714,air_transit_ultra_low_temperature_freezer,-69.0,2.0,2.0,True,False,False,False,False,True,False,1,-0.19527056075258376,False
batch029,2021-08-02 08:00:00,Not Available,air_transit,ultra_low_temperature_freezer,2,-70,-68,-69.0,95.0,840,0,0,0,2,-1.0,-68.0,1.000000000000007,0.0,air_transit_ultra_low_temperature_freezer,-69.0,1.0,1.0,True,False,False,False,False,True,False,1,-0.28369134857362505,False
batch029,2021-08-02 09:00:00,Not Available,air_transit,ultra_low_temperature_freezer,2,-34,-33,-33.5,94.0,840,0,1,0,1,35.0,-56.0,19.924858845171276,23.0,air_transit_ultra_low_temperature_freezer,-69.0,36.0,36.0,True,False,False,False,False,True,False,-1,0.052628640171730856,True
batch029,2021-08-02 10:00:00,Not Available,air_transit,ultra_low_temperature_freezer,2,-57,-52,-54.5,93.0,840,0,2,0,5,-19.0,-51.0,17.52141546793523,-1.0,air_transit_ultra_low_temperature_freezer,-69.0,17.0,17.0,True,False,False,False,False,True,False,-1,0.010411572003407255,True
batch029,2021-08-02 11:00:00,Not Available,air_transit,ultra_low_temperature_freezer,2,-47,-44,-45.5,93.5,840,0,3,0,3,8.0,-43.0,9.539392014169456,-1.0,air_transit_ultra_low_temperature_freezer,-69.0,25.0,25.0,True,False,False,False,False,True,False,-1,0.010899377193732684,True
batch029,2021-08-02 12:00:00,Delhi Airport,dest_air_cargo,vaccine_storage_unit,2,-40,-36,-38.0,91.0,839,0,4,0,4,8.0,-44.0,8.0,8.0,dest_air_cargo_vaccine_storage_unit,7.0,-43.0,43.0,False,True,False,False,False,False,True,-1,0.012835452676668191,True
batch029,2021-08-02 13:00:00,Delhi Airport,dest_air_cargo,vaccine_storage_unit,2,-31,-28,-29.5,91.5,838,0,5,0,3,8.0,-36.0,8.0,8.0,dest_air_cargo_vaccine_storage_unit,7.0,-35.0,35.0,False,True,False,False,False,False,True,-1,0.011857554154105943,True
batch029,2021-08-02 14:00:00,Delhi Airport,dest_air_cargo,vaccine_storage_unit,2,-24,-19,-21.5,93.0,837,0,6,0,5,9.0,-27.666666666666668,8.504900548115383,8.666666666666668,dest_air_cargo_vaccine_storage_unit,7.0,-26.0,26.0,False,True,False,False,False,False,True,-1,0.0252008768833345,True
batch029,2021-08-02 15:00:00,Delhi Airport,dest_air_cargo,vaccine_storage_unit,2,-9,-8,-8.5,92.5,836,0,7,0,1,11.0,-18.333333333333332,10.016652800877813,10.333333333333332,dest_air_cargo_vaccine_storage_unit,7.0,-15.0,15.0,False,True,False,False,False,False,True,-1,0.01709663440558462,True
batch029,2021-08-02 16:00:00,Delhi Airport,dest_air_cargo,vaccine_storage_unit,2,2,2,2.0,92.5,835,0,7,1,0,10.0,-8.333333333333334,10.503967504392486,10.333333333333334,dest_air_cargo_vaccine_storage_unit,7.0,-5.0,5.0,False,True,False,False,False,False,True,-1,0.019849304917334054,True
batch029,2021-08-02 17:00:00,Delhi Airport,dest_air_cargo,vaccine_storage_unit,2,2,3,2.5,93.0,834,0,7,2,1,1.0,-1.0,6.082762530298217,4.0,dest_air_cargo_vaccine_storage_unit,7.0,-4.0,4.0,False,True,False,False,False,False,True,1,-0.02408874378392789,False
batch029,2021-08-02 18:00:00,Delhi Airport,dest_air_cargo,vaccine_storage_unit,2,6,8,7.0,88.5,833,0,7,3,2,5.0,4.333333333333333,3.21455025366431,3.666666666666667,dest_air_cargo_vaccine_storage_unit,7.0,1.0,1.0,False,True,False,False,False,False,True,1,-0.09909229200895742,False
batch029,2021-08-02 19:00:00,Delhi Airport,dest_air_cargo,vaccine_storage_unit,2,7,7,7.0,86.0,832,0,7,4,0,-1.0,6.0,2.645751311064579,1.0,dest_air_cargo_vaccine_storage_unit,7.0,0.0,0.0,False,True,False,False,False,False,True,1,-0.14354186733243635,False
batch029,2021-08-02 20:00:00,Delhi Airport,dest_air_cargo,vaccine_storage_unit,2,6,8,7.0,88.0,831,0,7,5,2,1.0,7.666666666666667,0.5773502691895681,0.33333333333333304,dest_air_cargo_vaccine_storage_unit,7.0,1.0,1.0,False,True,False,False,False,False,True,1,-0.2623957268952627,False
batch029,2021-08-02 21:00:00,Delhi Airport,dest_air_cargo,vaccine_storage_unit,2,6,7,6.5,88.5,830,0,7,6,1,-1.0,7.333333333333333,0.5773502691895692,-0.33333333333333304,dest_air_cargo_vaccine_storage_unit,7.0,0.0,0.0,False,True,False,False,False,False,True,1,-0.273871688659337,False
batch029,2021-08-02 22:00:00,Delhi Airport,dest_air_cargo,vaccine_storage_unit,2,6,7,6.5,89.0,829,0,7,7,1,0.0,7.333333333333333,0.5773502691895692,-0.33333333333333304,dest_air_cargo_vaccine_storage_unit,7.0,0.0,0.0,False,True,False,False,False,False,True,1,-0.2722659027689548,False
batch029,2021-08-02 23:00:00,Delhi Airport,dest_air_cargo,vaccine_storage_unit,2,8,8,8.0,87.5,828,0,7,8,0,1.0,7.333333333333333,0.5773502691896258,0.666666666666667,dest_air_cargo_vaccine_storage_unit,7.0,1.0,1.0,False,True,False,False,False,False,True,1,-0.22415280766218215,False
batch029,2021-08-03 00:00:00,Delhi Airport,dest_air_cargo,vaccine_storage_unit,2,7,7,7.0,86.0,827,0,7,9,0,-1.0,7.333333333333333,0.5773502691896258,-0.33333333333333304,dest_air_cargo_vaccine_storage_unit,7.0,0.0,0.0,False,True,False,False,False,False,True,1,-0.2214811608947958,False
batch029,2021-08-03 01:00:00,Delhi Airport,dest_air_cargo,vaccine_storage_unit,2,7,7,7.0,87.5,826,0,7,10,0,0.0,7.333333333333333,0.5773502691896258,-0.33333333333333304,dest_air_cargo_vaccine_storage_unit,7.0,0.0,0.0,False,True,False,False,False,False,True,1,-0.24025304280605436,False
batch029,2021-08-03 02:00:00,Delhi Airport,dest_air_cargo,vaccine_storage_unit,2,7,8,7.5,88.0,825,0,7,11,1,1.0,7.333333333333333,0.5773502691896258,0.666666666666667,dest_air_cargo_vaccine_storage_unit,7.0,1.0,1.0,False,True,False,False,False,False,True,1,-0.2769565427226875,False
batch029,2021-08-03 03:00:00,Delhi Airport,dest_air_cargo,vaccine_storage_unit,2,6,8,7.0,88.5,824,0,7,12,2,0.0,7.666666666666667,0.5773502691896258,0.33333333333333304,dest_air_cargo_vaccine_storage_unit,7.0,1.0,1.0,False,True,False,False,False,False,True,1,-0.26188936645733357,False
batch029,2021-08-03 04:00:00,Delhi Airport,dest_air_cargo,vaccine_storage_unit,2,6,8,7.0,86.5,823,0,7,13,2,0.0,8.0,0.0,0.0,dest_air_cargo_vaccine_storage_unit,7.0,1.0,1.0,False,True,False,False,False,False,True,1,-0.24266456585191898,False
batch029,2021-08-03 05:00:00,Delhi Airport,dest_air_cargo,vaccine_storage_unit,2,6,7,6.5,85.5,822,0,7,14,1,-1.0,7.666666666666667,0.5773502691896258,-0.666666666666667,dest_air_cargo_vaccine_storage_unit,7.0,0.0,0.0,False,True,False,False,False,False,True,1,-0.2277926798499546,False
batch029,2021-08-03 06:00:00,Delhi Airport,dest_air_cargo,vaccine_storage_unit,2,7,8,7.5,89.5,821,0,7,15,1,1.0,7.666666666666667,0.5773502691896258,0.33333333333333304,dest_air_cargo_vaccine_storage_unit,7.0,1.0,1.0,False,True,False,False,False,False,True,1,-0.2634224833335514,False
batch029,2021-08-03 07:00:00,Delhi Airport,dest_air_cargo,vaccine_storage_unit,2,6,6,6.0,87.5,820,0,7,16,0,-2.0,7.0,1.0,-1.0,dest_air_cargo_vaccine_storage_unit,7.0,-1.0,1.0,False,True,False,False,False,False,True,1,-0.20939968441932133,False
batch029,2021-08-03 08:00:00,Delhi Airport,dest_air_cargo,vaccine_storage_unit,2,6,7,6.5,86.0,819,0,7,17,1,1.0,7.0,1.0,0.0,dest_air_cargo_vaccine_storage_unit,7.0,0.0,0.0,False,True,False,False,False,False,True,1,-0.21799688833184366,False
batch029,2021-08-03 09:00:00,Delhi Airport,dest_air_cargo,vaccine_storage_unit,2,7,8,7.5,87.5,818,0,7,18,1,1.0,7.0,1.0,1.0,dest_air_cargo_vaccine_storage_unit,7.0,1.0,1.0,False,True,False,False,False,False,True,1,-0.257292790252749,False
batch029,2021-08-03 10:00:00,Delhi Airport,dest_air_cargo,vaccine_storage_unit,2,7,8,7.5,88.0,817,0,7,19,1,0.0,7.666666666666667,0.5773502691896258,0.33333333333333304,dest_air_cargo_vaccine_storage_unit,7.0,1.0,1.0,False,True,False,False,False,False,True,1,-0.2848143776583624,False
batch029,2021-08-03 11:00:00,Delhi Airport,dest_air_cargo,vaccine_storage_unit,2,6,6,6.0,90.0,816,0,7,20,0,-2.0,7.333333333333333,1.1547005383792515,-1.333333333333333,dest_air_cargo_vaccine_storage_unit,7.0,-1.0,1.0,False,True,False,False,False,False,True,1,-0.16990343887997916,False
batch029,2021-08-03 12:00:00,Delhi Airport,dest_air_cargo,vaccine_storage_unit,2,6,8,7.0,85.5,815,0,7,21,2,2.0,7.333333333333333,1.1547005383792515,0.666666666666667,dest_air_cargo_vaccine_storage_unit,7.0,1.0,1.0,False,True,False,False,False,False,True,1,-0.19715253939864708,False
batch029,2021-08-03 13:00:00,Delhi Airport,dest_air_cargo,vaccine_storage_unit,2,6,7,6.5,86.5,814,0,7,22,1,-1.0,7.0,0.9999999999999998,0.0,dest_air_cargo_vaccine_storage_unit,7.0,0.0,0.0,False,True,False,False,False,False,True,1,-0.24128377403282542,False
batch029,2021-08-03 14:00:00,Delhi Airport,dest_air_cargo,vaccine_storage_unit,2,6,7,6.5,86.5,813,0,7,23,1,0.0,7.333333333333333,0.5773502691896253,-0.33333333333333304,dest_air_cargo_vaccine_storage_unit,7.0,0.0,0.0,False,True,False,False,False,False,True,1,-0.2678746429243178,False
batch029,2021-08-03 15:00:00,Delhi Airport,dest_air_cargo,vaccine_storage_unit,2,6,8,7.0,89.0,812,0,7,24,2,1.0,7.333333333333333,0.5773502691896258,0.666666666666667,dest_air_cargo_vaccine_storage_unit,7.0,1.0,1.0,False,True,False,False,False,False,True,1,-0.24658361001811968,False
batch029,2021-08-03 16:00:00,Delhi Airport,dest_air_cargo,vaccine_storage_unit,2,6,6,6.0,89.0,811,0,7,25,0,-2.0,7.0,1.0,-1.0,dest_air_cargo_vaccine_storage_unit,7.0,-1.0,1.0,False,True,False,False,False,False,True,1,-0.2034983055384958,False
batch029,2021-08-03 17:00:00,Delhi Airport,dest_air_cargo,vaccine_storage_unit,2,6,8,7.0,85.0,810,0,7,26,2,2.0,7.333333333333333,1.1547005383792517,0.666666666666667,dest_air_cargo_vaccine_storage_unit,7.0,1.0,1.0,False,True,False,False,False,False,True,1,-0.18745980037076526,False
batch029,2021-08-03 18:00:00,Delhi Airport,dest_air_cargo,vaccine_storage_unit,2,8,8,8.0,87.0,809,0,7,27,0,0.0,7.333333333333333,1.1547005383792517,0.666666666666667,dest_air_cargo_vaccine_storage_unit,7.0,1.0,1.0,False,True,False,False,False,False,True,1,-0.20706597275812488,False
batch029,2021-08-03 19:00:00,Delhi Airport,dest_air_cargo,vaccine_storage_unit,2,6,8,7.0,86.5,808,0,7,28,2,0.0,8.0,0.0,0.0,dest_air_cargo_vaccine_storage_unit,7.0,1.0,1.0,False,True,False,False,False,False,True,1,-0.24266456585191898,False
batch029,2021-08-03 20:00:00,Delhi Airport,dest_air_cargo,vaccine_storage_unit,2,6,7,6.5,87.5,807,0,7,29,1,-1.0,7.666666666666667,0.5773502691896258,-0.666666666666667,dest_air_cargo_vaccine_storage_unit,7.0,0.0,0.0,False,True,False,False,False,False,True,1,-0.2672252724612164,False
batch029,2021-08-03 21:00:00,Delhi Airport,dest_air_cargo,vaccine_storage_unit,2,7,7,7.0,90.0,806,0,7,30,0,0.0,7.333333333333333,0.5773502691896258,-0.33333333333333304,dest_air_cargo_vaccine_storage_unit,7.0,0.0,0.0,False,True,False,False,False,False,True,1,-0.22709789987190349,False
batch029,2021-08-03 22:00:00,Delhi Airport,dest_air_cargo,vaccine_storage_unit,2,7,8,7.5,88.0,805,0,7,31,1,1.0,7.333333333333333,0.5773502691896258,0.666666666666667,dest_air_cargo_vaccine_storage_unit,7.0,1.0,1.0,False,True,False,False,False,False,True,1,-0.2769565427226875,False
batch029,2021-08-03 23:00:00,Delhi Airport,dest_air_cargo,vaccine_storage_unit,2,6,8,7.0,87.0,804,0,7,32,2,0.0,7.666666666666667,0.5773502691896258,0.33333333333333304,dest_air_cargo_vaccine_storage_unit,7.0,1.0,1.0,False,True,False,False,False,False,True,1,-0.262143039807196,False
batch029,2021-08-04 00:00:00,Delhi Airport,dest_air_cargo,vaccine_storage_unit,2,7,7,7.0,86.5,803,0,7,33,0,-1.0,7.666666666666667,0.5773502691896258,-0.666666666666667,dest_air_cargo_vaccine_storage_unit,7.0,0.0,0.0,False,True,False,False,False,False,True,1,-0.21775417158395194,False
batch029,2021-08-04 01:00:00,Delhi Airport,dest_air_cargo,vaccine_storage_unit,2,7,8,7.5,88.0,802,0,7,34,1,1.0,7.666666666666667,0.5773502691896258,0.33333333333333304,dest_air_cargo_vaccine_storage_unit,7.0,1.0,1.0,False,True,False,False,False,False,True,1,-0.278505979171884,False
batch029,2021-08-04 02:00:00,Delhi Airport,dest_air_cargo,vaccine_storage_unit,2,6,6,6.0,87.5,801,0,7,35,0,-2.0,7.0,1.0,-1.0,dest_air_cargo_vaccine_storage_unit,7.0,-1.0,1.0,False,True,False,False,False,False,True,1,-0.20939968441932133,False
batch029,2021-08-04 03:00:00,Delhi Airport,dest_air_cargo,vaccine_storage_unit,2,7,7,7.0,87.0,800,0,7,36,0,1.0,7.0,1.0,0.0,dest_air_cargo_vaccine_storage_unit,7.0,0.0,0.0,False,True,False,False,False,False,True,1,-0.21843955601919934,False
batch029,2021-08-04 04:00:00,Delhi Airport,dest_air_cargo,vaccine_storage_unit,2,6,7,6.5,87.5,799,0,7,37,1,0.0,6.666666666666667,0.5773502691896258,0.33333333333333304,dest_air_cargo_vaccine_storage_unit,7.0,0.0,0.0,False,True,False,False,False,False,True,1,-0.24823931499772361,False
batch029,2021-08-04 05:00:00,Delhi Airport,dest_air_cargo,vaccine_storage_unit,2,8,8,8.0,86.5,798,0,7,38,0,1.0,7.333333333333333,0.5773502691896258,0.666666666666667,dest_air_cargo_vaccine_storage_unit,7.0,1.0,1.0,False,True,False,False,False,False,True,1,-0.21746114226737018,False
batch029,2021-08-04 06:00:00,Delhi Airport,dest_air_cargo,vaccine_storage_unit,2,8,8,8.0,86.5,797,0,7,39,0,0.0,7.666666666666667,0.5773502691896258,0.33333333333333304,dest_air_cargo_vaccine_storage_unit,7.0,1.0,1.0,False,True,False,False,False,False,True,1,-0.22801420858140026,False
batch029,2021-08-04 07:00:00,Delhi Airport,dest_air_cargo,vaccine_storage_unit,2,6,8,7.0,86.5,796,0,7,40,2,0.0,8.0,0.0,0.0,dest_air_cargo_vaccine_storage_unit,7.0,1.0,1.0,False,True,False,False,False,False,True,1,-0.24266456585191898,False
batch029,2021-08-04 08:00:00,Delhi Airport,dest_air_cargo,vaccine_storage_unit,2,8,8,8.0,89.0,795,0,7,41,0,0.0,8.0,0.0,0.0,dest_air_cargo_vaccine_storage_unit,7.0,1.0,1.0,False,True,False,False,False,False,True,1,-0.20550408820538324,False
batch029,2021-08-04 09:00:00,Delhi Airport,dest_air_cargo,vaccine_storage_unit,2,6,7,6.5,88.5,794,0,7,42,1,-1.0,7.666666666666667,0.5773502691896258,-0.666666666666667,dest_air_cargo_vaccine_storage_unit,7.0,0.0,0.0,False,True,False,False,False,False,True,1,-0.2606884080685811,False
batch029,2021-08-04 10:00:00,Delhi Airport,dest_air_cargo,vaccine_storage_unit,2,7,8,7.5,87.5,793,0,7,43,1,1.0,7.666666666666667,0.5773502691896258,0.33333333333333304,dest_air_cargo_vaccine_storage_unit,7.0,1.0,1.0,False,True,False,False,False,False,True,1,-0.2816354609716568,False
batch029,2021-08-04 11:00:00,Delhi Airport,dest_air_cargo,vaccine_storage_unit,2,7,8,7.5,88.0,792,0,7,44,1,0.0,7.666666666666667,0.5773502691896258,0.33333333333333304,dest_air_cargo_vaccine_storage_unit,7.0,1.0,1.0,False,True,False,False,False,False,True,1,-0.2848143776583624,False
batch029,2021-08-04 12:00:00,Delhi Airport,dest_air_cargo,vaccine_storage_unit,2,6,8,7.0,88.5,791,0,7,45,2,0.0,8.0,0.0,0.0,dest_air_cargo_vaccine_storage_unit,7.0,1.0,1.0,False,True,False,False,False,False,True,1,-0.24561216144354664,False
batch029,2021-08-04 13:00:00,Delhi Airport,dest_air_cargo,vaccine_storage_unit,2,7,8,7.5,86.0,790,0,7,46,1,0.0,8.0,0.0,0.0,dest_air_cargo_vaccine_storage_unit,7.0,1.0,1.0,False,True,False,False,False,False,True,1,-0.24005499407753106,False
batch029,2021-08-04 14:00:00,Delhi Airport,dest_air_cargo,vaccine_storage_unit,2,6,6,6.0,87.0,789,0,7,47,0,-2.0,7.333333333333333,1.1547005383792515,-1.333333333333333,dest_air_cargo_vaccine_storage_unit,7.0,-1.0,1.0,False,True,False,False,False,False,True,1,-0.18360832628034995,False
batch029,2021-08-04 15:00:00,Delhi Airport,dest_air_cargo,vaccine_storage_unit,2,6,8,7.0,86.5,788,0,7,48,2,2.0,7.333333333333333,1.1547005383792515,0.666666666666667,dest_air_cargo_vaccine_storage_unit,7.0,1.0,1.0,False,True,False,False,False,False,True,1,-0.2144042415832289,False
batch029,2021-08-04 16:00:00,Delhi Airport,dest_air_cargo,vaccine_storage_unit,2,7,8,7.5,86.0,787,0,7,49,1,0.0,7.333333333333333,1.1547005383792515,0.666666666666667,dest_air_cargo_vaccine_storage_unit,7.0,1.0,1.0,False,True,False,False,False,False,True,1,-0.2443227136600295,False
batch029,2021-08-04 17:00:00,Delhi Airport,dest_air_cargo,vaccine_storage_unit,2,6,8,7.0,87.0,786,0,7,50,2,0.0,8.0,0.0,0.0,dest_air_cargo_vaccine_storage_unit,7.0,1.0,1.0,False,True,False,False,False,False,True,1,-0.2500300584075196,False
batch029,2021-08-04 18:00:00,Delhi Airport,dest_air_cargo,vaccine_storage_unit,2,7,8,7.5,87.0,785,0,7,51,1,0.0,8.0,0.0,0.0,dest_air_cargo_vaccine_storage_unit,7.0,1.0,1.0,False,True,False,False,False,False,True,1,-0.2571205961844035,False
batch029,2021-08-04 19:00:00,Delhi Airport,dest_air_cargo,vaccine_storage_unit,2,6,8,7.0,87.0,784,0,7,52,2,0.0,8.0,0.0,0.0,dest_air_cargo_vaccine_storage_unit,7.0,1.0,1.0,False,True,False,False,False,False,True,1,-0.2500300584075196,False
batch029,2021-08-04 20:00:00,Delhi Airport,dest_air_cargo,vaccine_storage_unit,2,6,7,6.5,88.5,783,0,7,53,1,-1.0,7.666666666666667,0.5773502691896258,-0.666666666666667,dest_air_cargo_vaccine_storage_unit,7.0,0.0,0.0,False,True,False,False,False,False,True,1,-0.2606884080685811,False
batch029,2021-08-04 21:00:00,Delhi Airport,dest_air_cargo,vaccine_storage_unit,2,7,7,7.0,87.5,782,0,7,54,0,0.0,7.333333333333333,0.5773502691896258,-0.33333333333333304,dest_air_cargo_vaccine_storage_unit,7.0,0.0,0.0,False,True,False,False,False,False,True,1,-0.24025304280605436,False
batch029,2021-08-04 22:00:00,Delhi Airport,dest_air_cargo,vaccine_storage_unit,2,6,8,7.0,88.0,781,0,7,55,2,1.0,7.333333333333333,0.5773502691896258,0.666666666666667,dest_air_cargo_vaccine_storage_unit,7.0,1.0,1.0,False,True,False,False,False,False,True,1,-0.25805174247240437,False
batch029,2021-08-04 23:00:00,Delhi Airport,dest_air_cargo,vaccine_storage_unit,2,6,7,6.5,87.0,780,0,7,56,1,-1.0,7.333333333333333,0.5773502691896258,-0.33333333333333304,dest_air_cargo_vaccine_storage_unit,7.0,0.0,0.0,False,True,False,False,False,False,True,1,-0.27128449091880064,False
batch029,2021-08-05 00:00:00,Delhi Airport,dest_air_cargo,vaccine_storage_unit,2,7,8,7.5,88.0,779,0,7,57,1,1.0,7.666666666666667,0.5773502691896258,0.33333333333333304,dest_air_cargo_vaccine_storage_unit,7.0,1.0,1.0,False,True,False,False,False,False,True,1,-0.278505979171884,False
batch029,2021-08-05 01:00:00,Delhi Airport,dest_air_cargo,vaccine_storage_unit,2,6,7,6.5,88.5,778,0,7,58,1,-1.0,7.333333333333333,0.5773502691896258,-0.33333333333333304,dest_air_cargo_vaccine_storage_unit,7.0,0.0,0.0,False,True,False,False,False,False,True,1,-0.273871688659337,False
batch029,2021-08-05 02:00:00,Delhi Airport,dest_air_cargo,vaccine_storage_unit,2,6,7,6.5,89.5,777,0,7,59,1,0.0,7.333333333333333,0.5773502691896258,-0.33333333333333304,dest_air_cargo_vaccine_storage_unit,7.0,0.0,0.0,False,True,False,False,False,False,True,1,-0.2664005805002103,False
batch029,2021-08-05 03:00:00,Delhi Airport,dest_air_cargo,vaccine_storage_unit,2,8,8,8.0,85.5,776,0,7,60,0,1.0,7.333333333333333,0.5773502691896258,0.666666666666667,dest_air_cargo_vaccine_storage_unit,7.0,1.0,1.0,False,True,False,False,False,False,True,1,-0.1988292647764659,False
batch029,2021-08-05 04:00:00,Delhi Airport,dest_air_cargo,vaccine_storage_unit,2,6,8,7.0,86.5,775,0,7,61,2,0.0,7.666666666666667,0.5773502691896258,0.33333333333333304,dest_air_cargo_vaccine_storage_unit,7.0,1.0,1.0,False,True,False,False,False,False,True,1,-0.25388705431617786,False
batch029,2021-08-05 05:00:00,Delhi Airport,dest_air_cargo,vaccine_storage_unit,2,6,7,6.5,88.0,774,0,7,62,1,-1.0,7.666666666666667,0.5773502691896258,-0.666666666666667,dest_air_cargo_vaccine_storage_unit,7.0,0.0,0.0,False,True,False,False,False,False,True,1,-0.2642424993548593,False
batch029,2021-08-05 06:00:00,Delhi Airport,dest_air_cargo,vaccine_storage_unit,2,7,8,7.5,87.5,773,0,7,63,1,1.0,7.666666666666667,0.5773502691896258,0.33333333333333304,dest_air_cargo_vaccine_storage_unit,7.0,1.0,1.0,False,True,False,False,False,False,True,1,-0.2816354609716568,False
batch029,2021-08-05 07:00:00,Delhi Airport,dest_air_cargo,vaccine_storage_unit,2,7,8,7.5,89.0,772,0,7,64,1,0.0,7.666666666666667,0.5773502691896258,0.33333333333333304,dest_air_cargo_vaccine_storage_unit,7.0,1.0,1.0,False,True,False,False,False,False,True,1,-0.27443166406904734,False
batch029,2021-08-05 08:00:00,Delhi Airport,dest_air_cargo,vaccine_storage_unit,2,6,7,6.5,87.5,771,0,7,65,1,-1.0,7.666666666666667,0.5773502691896258,-0.666666666666667,dest_air_cargo_vaccine_storage_unit,7.0,0.0,0.0,False,True,False,False,False,False,True,1,-0.2672252724612164,False
batch029,2021-08-05 09:00:00,Delhi Airport,dest_air_cargo,vaccine_storage_unit,2,7,8,7.5,88.0,770,0,7,66,1,1.0,7.666666666666667,0.5773502691896258,0.33333333333333304,dest_air_cargo_vaccine_storage_unit,7.0,1.0,1.0,False,True,False,False,False,False,True,1,-0.278505979171884,False
batch029,2021-08-05 10:00:00,Delhi Airport,dest_air_cargo,vaccine_storage_unit,2,6,6,6.0,89.0,769,0,7,67,0,-2.0,7.0,1.0,-1.0,dest_air_cargo_vaccine_storage_unit,7.0,-1.0,1.0,False,True,False,False,False,False,True,1,-0.2034983055384958,False
batch029,2021-08-05 11:00:00,Delhi Airport,dest_air_cargo,vaccine_storage_unit,2,6,8,7.0,87.5,768,0,7,68,2,2.0,7.333333333333333,1.1547005383792517,0.666666666666667,dest_air_cargo_vaccine_storage_unit,7.0,1.0,1.0,False,True,False,False,False,False,True,1,-0.22722658947348018,False
batch029,2021-08-05 12:00:00,Delhi Airport,dest_air_cargo,vaccine_storage_unit,2,7,7,7.0,90.0,767,0,7,69,0,-1.0,7.0,1.0,0.0,dest_air_cargo_vaccine_storage_unit,7.0,0.0,0.0,False,True,False,False,False,False,True,1,-0.21171057890304806,False
batch029,2021-08-05 13:00:00,Delhi Airport,dest_air_cargo,vaccine_storage_unit,2,6,6,6.0,87.0,766,0,7,70,0,-1.0,7.0,1.0,-1.0,dest_air_cargo_vaccine_storage_unit,7.0,-1.0,1.0,False,True,False,False,False,False,True,1,-0.2161351221605713,False
batch029,2021-08-05 14:00:00,Delhi Airport,dest_air_cargo,vaccine_storage_unit,2,6,8,7.0,88.0,765,0,7,71,2,2.0,7.0,1.0,1.0,dest_air_cargo_vaccine_storage_unit,7.0,1.0,1.0,False,True,False,False,False,False,True,1,-0.22401899227650457,False
batch029,2021-08-05 15:00:00,Delhi Airport,dest_air_cargo,vaccine_storage_unit,2,7,8,7.5,87.5,764,0,7,72,1,0.0,7.333333333333333,1.1547005383792517,0.666666666666667,dest_air_cargo_vaccine_storage_unit,7.0,1.0,1.0,False,True,False,False,False,False,True,1,-0.2641367512096151,False
batch029,2021-08-05 16:00:00,Delhi Airport,dest_air_cargo,vaccine_storage_unit,2,6,7,6.5,87.0,763,0,7,73,1,-1.0,7.666666666666667,0.5773502691896258,-0.666666666666667,dest_air_cargo_vaccine_storage_unit,7.0,0.0,0.0,False,True,False,False,False,False,True,1,-0.26148213655026864,False
batch029,2021-08-05 17:00:00,Delhi Airport,dest_air_cargo,vaccine_storage_unit,2,6,8,7.0,87.5,762,0,7,74,2,1.0,7.666666666666667,0.5773502691896258,0.33333333333333304,dest_air_cargo_vaccine_storage_unit,7.0,1.0,1.0,False,True,False,False,False,False,True,1,-0.26262865805643854,False
batch029,2021-08-05 18:00:00,Delhi Airport,dest_air_cargo,vaccine_storage_unit,2,7,8,7.5,87.0,761,0,7,75,1,0.0,7.666666666666667,0.5773502691896258,0.33333333333333304,dest_air_cargo_vaccine_storage_unit,7.0,1.0,1.0,False,True,False,False,False,False,True,1,-0.2800805449758795,False
batch029,2021-08-05 19:00:00,Delhi Airport,dest_air_cargo,vaccine_storage_unit,2,7,7,7.0,89.0,760,0,7,76,0,-1.0,7.666666666666667,0.5773502691896258,-0.666666666666667,dest_air_cargo_vaccine_storage_unit,7.0,0.0,0.0,False,True,False,False,False,False,True,1,-0.23014221974819354,False
batch029,2021-08-05 20:00:00,Delhi Airport,dest_air_cargo,vaccine_storage_unit,2,8,8,8.0,89.5,759,0,7,77,0,1.0,7.666666666666667,0.5773502691896258,0.33333333333333304,dest_air_cargo_vaccine_storage_unit,7.0,1.0,1.0,False,True,False,False,False,False,True,1,-0.21302541202851094,False
batch029,2021-08-05 21:00:00,Delhi Airport,dest_air_cargo,vaccine_storage_unit,2,6,6,6.0,89.0,758,0,7,78,0,-2.0,7.0,1.0,-1.0,dest_air_cargo_vaccine_storage_unit,7.0,-1.0,1.0,False,True,False,False,False,False,True,1,-0.2034983055384958,False
batch029,2021-08-05 22:00:00,Delhi Airport,dest_air_cargo,vaccine_storage_unit,2,6,7,6.5,87.5,757,0,7,79,1,1.0,7.0,1.0,0.0,dest_air_cargo_vaccine_storage_unit,7.0,0.0,0.0,False,True,False,False,False,False,True,1,-0.24593177238601777,False
batch029,2021-08-05 23:00:00,Delhi Airport,dest_air_cargo,vaccine_storage_unit,2,7,7,7.0,87.5,756,0,7,80,0,0.0,6.666666666666667,0.5773502691896258,0.33333333333333304,dest_air_cargo_vaccine_storage_unit,7.0,0.0,0.0,False,True,False,False,False,False,True,1,-0.21895422932087044,False
batch029,2021-08-06 00:00:00,Delhi Airport,dest_air_cargo,vaccine_storage_unit,2,6,8,7.0,89.0,755,0,7,81,2,1.0,7.333333333333333,0.5773502691896258,0.666666666666667,dest_air_cargo_vaccine_storage_unit,7.0,1.0,1.0,False,True,False,False,False,False,True,1,-0.24658361001811968,False
batch029,2021-08-06 01:00:00,Delhi Airport,dest_air_cargo,vaccine_storage_unit,2,6,8,7.0,88.5,754,0,7,82,2,0.0,7.666666666666667,0.5773502691896258,0.33333333333333304,dest_air_cargo_vaccine_storage_unit,7.0,1.0,1.0,False,True,False,False,False,False,True,1,-0.26188936645733357,False
batch029,2021-08-06 02:00:00,Delhi Airport,dest_air_cargo,vaccine_storage_unit,2,8,8,8.0,87.5,753,0,7,83,0,0.0,8.0,0.0,0.0,dest_air_cargo_vaccine_storage_unit,7.0,1.0,1.0,False,True,False,False,False,False,True,1,-0.21424833722650966,False
batch029,2021-08-06 03:00:00,Delhi Airport,dest_air_cargo,vaccine_storage_unit,2,7,7,7.0,87.5,752,0,7,84,0,-1.0,7.666666666666667,0.5773502691896258,-0.666666666666667,dest_air_cargo_vaccine_storage_unit,7.0,0.0,0.0,False,True,False,False,False,False,True,1,-0.22984992983224378,False
batch029,2021-08-06 04:00:00,Delhi Airport,dest_air_cargo,vaccine_storage_unit,2,6,8,7.0,89.5,751,0,7,85,2,1.0,7.666666666666667,0.5773502691896258,0.33333333333333304,dest_air_cargo_vaccine_storage_unit,7.0,1.0,1.0,False,True,False,False,False,False,True,1,-0.24021915083682538,False
batch029,2021-08-06 05:00:00,Delhi Airport,dest_air_cargo,vaccine_storage_unit,2,6,6,6.0,87.5,750,0,7,86,0,-2.0,7.0,1.0,-1.0,dest_air_cargo_vaccine_storage_unit,7.0,-1.0,1.0,False,True,False,False,False,False,True,1,-0.20939968441932133,False
batch029,2021-08-06 06:00:00,Delhi Airport,dest_air_cargo,vaccine_storage_unit,2,7,7,7.0,86.5,749,0,7,87,0,1.0,7.0,1.0,0.0,dest_air_cargo_vaccine_storage_unit,7.0,0.0,0.0,False,True,False,False,False,False,True,1,-0.21087696572758968,False
batch029,2021-08-06 07:00:00,Delhi Airport,dest_air_cargo,vaccine_storage_unit,2,6,7,6.5,87.5,748,0,7,88,1,0.0,6.666666666666667,0.5773502691896258,0.33333333333333304,dest_air_cargo_vaccine_storage_unit,7.0,0.0,0.0,False,True,False,False,False,False,True,1,-0.24823931499772361,False
batch029,2021-08-06 08:00:00,Delhi Airport,dest_air_cargo,vaccine_storage_unit,2,7,7,7.0,86.5,747,0,7,89,0,0.0,7.0,0.0,0.0,dest_air_cargo_vaccine_storage_unit,7.0,0.0,0.0,False,True,False,False,False,False,True,1,-0.20886478974367562,False
batch029,2021-08-06 09:00:00,Delhi Airport,dest_air_cargo,vaccine_storage_unit,2,7,7,7.0,88.5,746,0,7,90,0,0.0,7.0,0.0,0.0,dest_air_cargo_vaccine_storage_unit,7.0,0.0,0.0,False,True,False,False,False,False,True,1,-0.2181314066770499,False
batch029,2021-08-06 10:00:00,Delhi Airport,dest_air_cargo,vaccine_storage_unit,2,7,8,7.5,87.0,745,0,7,91,1,1.0,7.333333333333333,0.5773502691896258,0.666666666666667,dest_air_cargo_vaccine_storage_unit,7.0,1.0,1.0,False,True,False,False,False,False,True,1,-0.2720661602888976,False
batch029,2021-08-06 11:00:00,Delhi Airport,dest_air_cargo,vaccine_storage_unit,2,8,8,8.0,88.5,744,0,7,92,0,0.0,7.666666666666667,0.5773502691896258,0.33333333333333304,dest_air_cargo_vaccine_storage_unit,7.0,1.0,1.0,False,True,False,False,False,False,True,1,-0.2298136567489315,False
batch029,2021-08-06 12:00:00,Delhi Airport,dest_air_cargo,vaccine_storage_unit,2,6,8,7.0,88.5,743,0,7,93,2,0.0,8.0,0.0,0.0,dest_air_cargo_vaccine_storage_unit,7.0,1.0,1.0,False,True,False,False,False,False,True,1,-0.24561216144354664,False
batch029,2021-08-06 13:00:00,Delhi Airport,dest_air_cargo,vaccine_storage_unit,2,8,8,8.0,89.5,742,0,7,94,0,0.0,8.0,0.0,0.0,dest_air_cargo_vaccine_storage_unit,7.0,1.0,1.0,False,True,False,False,False,False,True,1,-0.19495048575906282,False
batch029,2021-08-06 14:00:00,Delhi Airport,dest_air_cargo,vaccine_storage_unit,2,7,7,7.0,87.0,741,0,7,95,0,-1.0,7.666666666666667,0.5773502691896258,-0.666666666666667,dest_air_cargo_vaccine_storage_unit,7.0,0.0,0.0,False,True,False,False,False,False,True,1,-0.2272065543778185,False
batch029,2021-08-06 15:00:00,Delhi Airport,dest_air_cargo,vaccine_storage_unit,2,7,8,7.5,89.0,740,0,7,96,1,1.0,7.666666666666667,0.5773502691896258,0.33333333333333304,dest_air_cargo_vaccine_storage_unit,7.0,1.0,1.0,False,True,False,False,False,False,True,1,-0.27018208005113414,False
batch029,2021-08-06 16:00:00,Delhi Airport,dest_air_cargo,vaccine_storage_unit,2,7,8,7.5,88.5,739,0,7,97,1,0.0,7.666666666666667,0.5773502691896258,0.33333333333333304,dest_air_cargo_vaccine_storage_unit,7.0,1.0,1.0,False,True,False,False,False,False,True,1,-0.28133719904761595,False
batch029,2021-08-06 17:00:00,Delhi Airport,dest_air_cargo,vaccine_storage_unit,2,8,8,8.0,87.0,738,0,7,98,0,0.0,8.0,0.0,0.0,dest_air_cargo_vaccine_storage_unit,7.0,1.0,1.0,False,True,False,False,False,False,True,1,-0.208069749361657,False
batch029,2021-08-06 18:00:00,Delhi Airport,dest_air_cargo,vaccine_storage_unit,2,6,7,6.5,87.0,737,0,7,99,1,-1.0,7.666666666666667,0.5773502691896258,-0.666666666666667,dest_air_cargo_vaccine_storage_unit,7.0,0.0,0.0,False,True,False,False,False,False,True,1,-0.26148213655026864,False
batch029,2021-08-06 19:00:00,Delhi Airport,dest_air_cargo,vaccine_storage_unit,2,8,8,8.0,86.5,736,0,7,100,0,1.0,7.666666666666667,0.5773502691896258,0.33333333333333304,dest_air_cargo_vaccine_storage_unit,7.0,1.0,1.0,False,True,False,False,False,False,True,1,-0.2244960717050416,False
batch029,2021-08-06 20:00:00,Delhi Airport,dest_air_cargo,vaccine_storage_unit,2,6,8,7.0,88.0,735,0,7,101,2,0.0,7.666666666666667,0.5773502691896258,0.33333333333333304,dest_air_cargo_vaccine_storage_unit,7.0,1.0,1.0,False,True,False,False,False,False,True,1,-0.2663446036135957,False
batch029,2021-08-06 21:00:00,Delhi Airport,dest_air_cargo,vaccine_storage_unit,2,6,8,7.0,86.0,734,0,7,102,2,0.0,8.0,0.0,0.0,dest_air_cargo_vaccine_storage_unit,7.0,1.0,1.0,False,True,False,False,False,False,True,1,-0.22889232478018567,False
batch029,2021-08-06 22:00:00,Delhi Airport,dest_air_cargo,vaccine_storage_unit,2,6,8,7.0,87.5,733,0,7,103,2,0.0,8.0,0.0,0.0,dest_air_cargo_vaccine_storage_unit,7.0,1.0,1.0,False,True,False,False,False,False,True,1,-0.25084593023862484,False
batch029,2021-08-06 23:00:00,Delhi Airport,dest_air_cargo,vaccine_storage_unit,2,7,8,7.5,86.5,732,0,7,104,1,0.0,8.0,0.0,0.0,dest_air_cargo_vaccine_storage_unit,7.0,1.0,1.0,False,True,False,False,False,False,True,1,-0.2518265756800203,False
batch029,2021-08-07 00:00:00,Delhi Airport,dest_air_cargo,vaccine_storage_unit,2,6,8,7.0,86.5,731,0,7,105,2,0.0,8.0,0.0,0.0,dest_air_cargo_vaccine_storage_unit,7.0,1.0,1.0,False,True,False,False,False,False,True,1,-0.24266456585191898,False
batch029,2021-08-07 01:00:00,Delhi Airport,dest_air_cargo,vaccine_storage_unit,2,6,7,6.5,88.0,730,0,7,106,1,-1.0,7.666666666666667,0.5773502691896258,-0.666666666666667,dest_air_cargo_vaccine_storage_unit,7.0,0.0,0.0,False,True,False,False,False,False,True,1,-0.2642424993548593,False
batch029,2021-08-07 02:00:00,Delhi Airport,dest_air_cargo,vaccine_storage_unit,2,8,8,8.0,88.0,729,0,7,107,0,1.0,7.666666666666667,0.5773502691896258,0.33333333333333304,dest_air_cargo_vaccine_storage_unit,7.0,1.0,1.0,False,True,False,False,False,False,True,1,-0.22807961382163044,False
batch029,2021-08-07 03:00:00,Delhi Airport,dest_air_cargo,vaccine_storage_unit,2,7,7,7.0,87.5,728,0,7,108,0,-1.0,7.333333333333333,0.5773502691896258,-0.33333333333333304,dest_air_cargo_vaccine_storage_unit,7.0,0.0,0.0,False,True,False,False,False,False,True,1,-0.24297466049782407,False
batch029,2021-08-07 04:00:00,Delhi Airport,dest_air_cargo,vaccine_storage_unit,2,8,8,8.0,87.5,727,0,7,109,0,1.0,7.666666666666667,0.5773502691896258,0.33333333333333304,dest_air_cargo_vaccine_storage_unit,7.0,1.0,1.0,False,True,False,False,False,False,True,1,-0.23016310975920107,False
batch029,2021-08-07 05:00:00,Delhi Airport,dest_air_cargo,vaccine_storage_unit,2,6,8,7.0,86.0,726,0,7,110,2,0.0,7.666666666666667,0.5773502691896258,0.33333333333333304,dest_air_cargo_vaccine_storage_unit,7.0,1.0,1.0,False,True,False,False,False,False,True,1,-0.24281604645571642,False
batch029,2021-08-07 06:00:00,Delhi Airport,dest_air_cargo,vaccine_storage_unit,2,6,7,6.5,89.0,725,0,7,111,1,-1.0,7.666666666666667,0.5773502691896258,-0.666666666666667,dest_air_cargo_vaccine_storage_unit,7.0,0.0,0.0,False,True,False,False,False,False,True,1,-0.2568020459685275,False
batch029,2021-08-07 07:00:00,Delhi Airport,dest_air_cargo,vaccine_storage_unit,2,7,7,7.0,86.0,724,0,7,112,0,0.0,7.333333333333333,0.5773502691896258,-0.33333333333333304,dest_air_cargo_vaccine_storage_unit,7.0,0.0,0.0,False,True,False,False,False,False,True,1,-0.2202154235638608,False
batch029,2021-08-07 08:00:00,Delhi Airport,dest_air_cargo,vaccine_storage_unit,2,6,6,6.0,86.5,723,0,7,113,0,-1.0,6.666666666666667,0.5773502691896258,-0.666666666666667,dest_air_cargo_vaccine_storage_unit,7.0,-1.0,1.0,False,True,False,False,False,False,True,1,-0.1989764607971355,False
batch029,2021-08-07 09:00:00,Delhi Airport,dest_air_cargo,vaccine_storage_unit,2,7,8,7.5,88.0,722,0,7,114,1,2.0,7.0,1.0,1.0,dest_air_cargo_vaccine_storage_unit,7.0,1.0,1.0,False,True,False,False,False,False,True,1,-0.23733113936930095,False
batch030,2021-08-01 01:00:00,"Kalamazoo, Michigan",source_hub,ultra_low_temperature_freezer,1,-69,-69,-69.0,95.0,840,0,0,0,0,0.0,-69.0,0.0,0.0,source_hub_ultra_low_temperature_freezer,-69.0,0.0,0.0,False,False,False,True,False,True,False,1,-0.3095030546648811,False
batch030,2021-08-01 02:00:00,"Kalamazoo, Michigan",source_hub,ultra_low_temperature_freezer,2,-71,-69,-70.0,95.0,840,0,0,0,2,0.0,-69.0,0.0,0.0,source_hub_ultra_low_temperature_freezer,-69.0,0.0,0.0,False,False,False,True,False,True,False,1,-0.32347017658240806,False
batch030,2021-08-01 03:00:00,"Kalamazoo, Michigan",source_hub,ultra_low_temperature_freezer,2,-71,-70,-70.5,95.0,840,0,0,0,1,-1.0,-69.33333333333333,0.5773502691896278,-0.6666666666666714,source_hub_ultra_low_temperature_freezer,-69.0,-1.0,1.0,False,False,False,True,False,True,False,1,-0.32729167295734046,False
batch030,2021-08-01 04:00:00,"Kalamazoo, Michigan",source_hub,ultra_low_temperature_freezer,2,-71,-70,-70.5,95.0,840,0,0,0,1,0.0,-69.66666666666667,0.5773502691896278,-0.3333333333333286,source_hub_ultra_low_temperature_freezer,-69.0,-1.0,1.0,False,False,False,True,False,True,False,1,-0.33525916918763676,False
batch030,2021-08-01 05:00:00,"Kalamazoo, Michigan",source_hub,ultra_low_temperature_freezer,2,-70,-69,-69.5,95.0,840,0,0,0,1,1.0,-69.66666666666667,0.5773502691896278,0.6666666666666714,source_hub_ultra_low_temperature_freezer,-69.0,0.0,0.0,False,False,False,True,False,True,False,1,-0.3377481467080661,False
batch030,2021-08-01 06:00:00,"Kalamazoo, Michigan",source_hub,ultra_low_temperature_freezer,2,-71,-70,-70.5,95.0,840,0,0,0,1,-1.0,-69.66666666666667,0.5773502691896278,-0.3333333333333286,source_hub_ultra_low_temperature_freezer,-69.0,-1.0,1.0,False,False,False,True,False,True,False,1,-0.33196154391316973,False
batch030,2021-08-01 07:00:00,"Kalamazoo, Michigan",source_hub,ultra_low_temperature_freezer,2,-71,-69,-70.0,95.0,840,0,0,0,2,1.0,-69.33333333333333,0.5773502691896278,0.3333333333333286,source_hub_ultra_low_temperature_freezer,-69.0,0.0,0.0,False,False,False,True,False,True,False,1,-0.33732507397149486,False
batch030,2021-08-01 08:00:00,"Kalamazoo, Michigan",source_hub,ultra_low_temperature_freezer,2,-71,-70,-70.5,95.0,840,0,0,0,1,-1.0,-69.66666666666667,0.5773502691896278,-0.3333333333333286,source_hub_ultra_low_temperature_freezer,-69.0,-1.0,1.0,False,False,False,True,False,True,False,1,-0.33196154391316973,False
batch030,2021-08-01 09:00:00,"Kalamazoo, Michigan",source_hub,ultra_low_temperature_freezer,2,-71,-71,-71.0,95.0,840,0,0,0,0,-1.0,-70.0,1.0000000000000018,-1.0,source_hub_ultra_low_temperature_freezer,-69.0,-2.0,2.0,False,False,False,True,False,True,False,1,-0.2729805616741406,False
batch030,2021-08-01 10:00:00,"Kalamazoo, Michigan",source_hub,ultra_low_temperature_freezer,2,-69,-69,-69.0,95.0,840,0,0,0,0,2.0,-70.0,1.0000000000000018,1.0,source_hub_ultra_low_temperature_freezer,-69.0,0.0,0.0,False,False,False,True,False,True,False,1,-0.26814491666159873,False
batch030,2021-08-01 11:00:00,"Shelbyville, Michigan",source_reefer_truck,ultra_low_temperature_freezer,2,-69,-69,-69.0,95.0,840,0,0,0,0,0.0,-69.66666666666667,1.1547005383792541,0.6666666666666714,source_reefer_truck_ultra_low_temperature_freezer,-69.0,0.0,0.0,False,False,False,False,True,True,False,1,-0.30077352229774074,False
batch030,2021-08-01 12:00:00,"Gerald R Ford International Airport, Michigan",source_air_cargo,ultra_low_temperature_freezer,2,-71,-69,-70.0,95.0,840,0,0,0,2,0.0,-69.0,0.0,0.0,source_air_cargo_ultra_low_temperature_freezer,-69.0,0.0,0.0,False,False,True,False,False,True,False,1,-0.32347017658240806,False
batch030,2021-08-01 13:00:00,"Gerald R Ford International Airport, Michigan",source_air_cargo,ultra_low_temperature_freezer,2,-71,-71,-71.0,95.0,840,0,0,0,0,-2.0,-69.66666666666667,1.1547005383792495,-1.3333333333333286,source_air_cargo_ultra_low_temperature_freezer,-69.0,-2.0,2.0,False,False,True,False,False,True,False,1,-0.25084047606746596,False
batch030,2021-08-01 14:00:00,"Gerald R Ford International Airport, Michigan",source_air_cargo,ultra_low_temperature_freezer,2,-71,-70,-70.5,95.0,840,0,0,0,1,1.0,-70.0,0.9999999999999964,0.0,source_air_cargo_ultra_low_temperature_freezer,-69.0,-1.0,1.0,False,False,True,False,False,True,False,1,-0.31083262513079096,False
batch030,2021-08-01 15:00:00,Not Available,air_transit,ultra_low_temperature_freezer,2,-71,-69,-70.0,95.0,840,0,0,0,2,1.0,-70.0,0.9999999999999964,1.0,air_transit_ultra_low_temperature_freezer,-69.0,0.0,0.0,True,False,False,False,False,True,False,1,-0.30099347556636524,False
batch030,2021-08-01 16:00:00,Not Available,air_transit,ultra_low_temperature_freezer,1,-69,-69,-69.0,95.0,840,0,0,0,0,0.0,-69.33333333333333,0.5773502691896186,0.3333333333333286,air_transit_ultra_low_temperature_freezer,-69.0,0.0,0.0,True,False,False,False,False,True,False,1,-0.3203255405191535,False
batch030,2021-08-01 17:00:00,Not Available,air_transit,ultra_low_temperature_freezer,2,-71,-69,-70.0,95.0,840,0,0,0,2,0.0,-69.0,0.0,0.0,air_transit_ultra_low_temperature_freezer,-69.0,0.0,0.0,True,False,False,False,False,True,False,1,-0.32347017658240806,False
batch030,2021-08-01 18:00:00,Not Available,air_transit,ultra_low_temperature_freezer,2,-71,-71,-71.0,95.0,840,0,0,0,0,-2.0,-69.66666666666667,1.1547005383792495,-1.3333333333333286,air_transit_ultra_low_temperature_freezer,-69.0,-2.0,2.0,True,False,False,False,False,True,False,1,-0.25084047606746596,False
batch030,2021-08-01 19:00:00,Not Available,air_transit,ultra_low_temperature_freezer,2,-71,-69,-70.0,95.0,840,0,0,0,2,2.0,-69.66666666666667,1.1547005383792495,0.6666666666666714,air_transit_ultra_low_temperature_freezer,-69.0,0.0,0.0,True,False,False,False,False,True,False,1,-0.3055378030308116,False
batch030,2021-08-01 20:00:00,Not Available,air_transit,ultra_low_temperature_freezer,2,-71,-69,-70.0,95.0,840,0,0,0,2,0.0,-69.66666666666667,1.1547005383792495,0.6666666666666714,air_transit_ultra_low_temperature_freezer,-69.0,0.0,0.0,True,False,False,False,False,True,False,1,-0.3188164613276948,False
batch030,2021-08-01 21:00:00,Not Available,air_transit,ultra_low_temperature_freezer,2,-71,-69,-70.0,95.0,840,0,0,0,2,0.0,-69.0,0.0,0.0,air_transit_ultra_low_temperature_freezer,-69.0,0.0,0.0,True,False,False,False,False,True,False,1,-0.32347017658240806,False
batch030,2021-08-01 22:00:00,Not Available,air_transit,ultra_low_temperature_freezer,2,-71,-70,-70.5,95.0,840,0,0,0,1,-1.0,-69.33333333333333,0.5773502691896278,-0.6666666666666714,air_transit_ultra_low_temperature_freezer,-69.0,-1.0,1.0,True,False,False,False,False,True,False,1,-0.32729167295734046,False
batch030,2021-08-01 23:00:00,Not Available,air_transit,ultra_low_temperature_freezer,2,-71,-70,-70.5,95.0,840,0,0,0,1,0.0,-69.66666666666667,0.5773502691896278,-0.3333333333333286,air_transit_ultra_low_temperature_freezer,-69.0,-1.0,1.0,True,False,False,False,False,True,False,1,-0.33525916918763676,False
batch030,2021-08-02 00:00:00,Not Available,air_transit,ultra_low_temperature_freezer,2,-69,-69,-69.0,95.0,840,0,0,0,0,1.0,-69.66666666666667,0.5773502691896278,0.6666666666666714,air_transit_ultra_low_temperature_freezer,-69.0,0.0,0.0,True,False,False,False,False,True,False,1,-0.30777503122937655,False
batch030,2021-08-02 01:00:00,Not Available,air_transit,ultra_low_temperature_freezer,2,-70,-69,-69.5,95.0,840,0,0,0,1,0.0,-69.33333333333333,0.5773502691896278,0.3333333333333286,air_transit_ultra_low_temperature_freezer,-69.0,0.0,0.0,True,False,False,False,False,True,False,1,-0.3491669960712361,False
batch030,2021-08-02 02:00:00,Not Available,air_transit,ultra_low_temperature_freezer,2,-69,-69,-69.0,95.0,840,0,0,0,0,0.0,-69.0,0.0,0.0,air_transit_ultra_low_temperature_freezer,-69.0,0.0,0.0,True,False,False,False,False,True,False,1,-0.3095030546648811,False
batch030,2021-08-02 03:00:00,Not Available,air_transit,ultra_low_temperature_freezer,2,-71,-70,-70.5,95.0,840,0,0,0,1,-1.0,-69.33333333333333,0.5773502691896278,-0.6666666666666714,air_transit_ultra_low_temperature_freezer,-69.0,-1.0,1.0,True,False,False,False,False,True,False,1,-0.32729167295734046,False
batch030,2021-08-02 04:00:00,Not Available,air_transit,ultra_low_temperature_freezer,2,-71,-70,-70.5,95.0,840,0,0,0,1,0.0,-69.66666666666667,0.5773502691896278,-0.3333333333333286,air_transit_ultra_low_temperature_freezer,-69.0,-1.0,1.0,True,False,False,False,False,True,False,1,-0.33525916918763676,False
batch030,2021-08-02 05:00:00,Not Available,air_transit,ultra_low_temperature_freezer,2,-71,-69,-70.0,95.0,840,0,0,0,2,1.0,-69.66666666666667,0.5773502691896278,0.6666666666666714,air_transit_ultra_low_temperature_freezer,-69.0,0.0,0.0,True,False,False,False,False,True,False,1,-0.32792824345500965,False
batch030,2021-08-02 06:00:00,Not Available,air_transit,ultra_low_temperature_freezer,2,-71,-71,-71.0,95.0,840,0,0,0,0,-2.0,-70.0,1.0000000000000018,-1.0,air_transit_ultra_low_temperature_freezer,-69.0,-2.0,2.0,True,False,False,False,False,True,False,1,-0.26414626126403745,False
batch030,2021-08-02 07:00:00,Not Available,air_transit,ultra_low_temperature_freezer,2,-71,-69,-70.0,95.0,840,0,0,0,2,2.0,-69.66666666666667,1.1547005383792541,0.6666666666666714,air_transit_ultra_low_temperature_freezer,-69.0,0.0,0.0,True,False,False,False,False,True,False,1,-0.3055378030308116,False
batch030,2021-08-02 08:00:00,Not Available,air_transit,ultra_low_temperature_freezer,2,-70,-70,-70.0,95.0,840,0,0,0,0,-1.0,-70.0,1.0000000000000018,0.0,air_transit_ultra_low_temperature_freezer,-69.0,-1.0,1.0,True,False,False,False,False,True,False,1,-0.3082804721418137,False
batch030,2021-08-02 09:00:00,Not Available,air_transit,ultra_low_temperature_freezer,2,-71,-69,-70.0,95.0,840,0,0,0,2,1.0,-69.33333333333333,0.5773502691896278,0.3333333333333286,air_transit_ultra_low_temperature_freezer,-69.0,0.0,0.0,True,False,False,False,False,True,False,1,-0.33732507397149486,False
batch030,2021-08-02 10:00:00,Not Available,air_transit,ultra_low_temperature_freezer,2,-69,-69,-69.0,95.0,840,0,0,0,0,0.0,-69.33333333333333,0.5773502691896278,0.3333333333333286,air_transit_ultra_low_temperature_freezer,-69.0,0.0,0.0,True,False,False,False,False,True,False,1,-0.3203255405191535,False
batch030,2021-08-02 11:00:00,Not Available,air_transit,ultra_low_temperature_freezer,2,-71,-70,-70.5,95.0,840,0,0,0,1,-1.0,-69.33333333333333,0.5773502691896278,-0.6666666666666714,air_transit_ultra_low_temperature_freezer,-69.0,-1.0,1.0,True,False,False,False,False,True,False,1,-0.32729167295734046,False
batch030,2021-08-02 12:00:00,Mumbai Airport,dest_air_cargo,ultra_low_temperature_freezer,2,-69,-67,-68.0,95.0,840,0,0,0,2,3.0,-68.66666666666667,1.5275252316519499,1.6666666666666714,dest_air_cargo_ultra_low_temperature_freezer,-67.0,0.0,0.0,False,True,False,False,False,True,False,1,-0.21194502311354835,False
batch030,2021-08-02 13:00:00,Mumbai Airport,dest_air_cargo,ultra_low_temperature_freezer,2,-69,-65,-67.0,95.0,840,0,0,0,4,2.0,-67.33333333333333,2.5166114784235836,2.3333333333333286,dest_air_cargo_ultra_low_temperature_freezer,-67.0,2.0,2.0,False,True,False,False,False,True,False,1,-0.11519675857345091,False
batch030,2021-08-02 14:00:00,Mumbai Airport,dest_air_cargo,ultra_low_temperature_freezer,2,-67,-65,-66.0,95.0,840,0,0,0,2,0.0,-65.66666666666667,1.1547005383792495,0.6666666666666714,dest_air_cargo_ultra_low_temperature_freezer,-67.0,2.0,2.0,False,True,False,False,False,True,False,1,-0.16971123832925294,False
batch030,2021-08-02 15:00:00,Mumbai Airport,dest_air_cargo,ultra_low_temperature_freezer,1,-68,-68,-68.0,95.0,840,0,0,0,0,-3.0,-66.0,1.7320508075688772,-2.0,dest_air_cargo_ultra_low_temperature_freezer,-67.0,-1.0,1.0,False,True,False,False,False,True,False,1,-0.15983592098055632,False
batch030,2021-08-02 16:00:00,Mumbai Airport,dest_air_cargo,ultra_low_temperature_freezer,2,-70,-68,-69.0,95.0,840,0,0,0,2,0.0,-67.0,1.7320508075688772,-1.0,dest_air_cargo_ultra_low_temperature_freezer,-67.0,-1.0,1.0,False,True,False,False,False,True,False,1,-0.23790110666862496,False
batch030,2021-08-02 17:00:00,Mumbai Airport,dest_air_cargo,ultra_low_temperature_freezer,2,-70,-69,-69.5,95.0,840,0,0,0,1,-1.0,-68.33333333333333,0.5773502691896278,-0.6666666666666714,dest_air_cargo_ultra_low_temperature_freezer,-67.0,-2.0,2.0,False,True,False,False,False,True,False,1,-0.2790305840490306,False
batch030,2021-08-02 18:00:00,Mumbai Airport,dest_air_cargo,vaccine_storage_unit,2,-64,-61,-62.5,93.5,839,1,0,0,3,8.0,-66.0,4.358898943540674,5.0,dest_air_cargo_vaccine_storage_unit,7.0,-68.0,68.0,False,True,False,False,False,False,True,1,-0.021689613215096992,False
